wandb run: https://wandb.ai/suisho/20260728_BulletOu_with_Sojo_data/runs/8fdedf87
[launch] arm=yane20 sb=108 gpu=0 Tue Jul 28 16:34:18 JST 2026
  backend = cuda-cpp Windows-native direct SFNN_HALFKA2 trainer (1317600 batch steps)
  cuda-cpp SFNN schedule = production: max_epochs=20, superbatches=108, save_rate=9999, validation_rate=4, save_epoch_end=true, batches_per_superbatch=610, lr=step
  cuda-cpp device 0: NVIDIA RTX PRO 5000 Blackwell
  initial weights = deterministic nnue-pytorch-style scratch
  batch size = 65536
  arch = SFNN_halfka2_1024_7_64_k3k3 (factorized HalfKA2 input 133578, ft=1024, l1_hidden=7, l2=64, stacks=9)
  SFNN factorizer = shared
  factorizer tensors = shared[L1 present, L2 present, L3 present], axis[L1 absent, L2 absent, L3 absent; king_dim=3, hand_dim=0]
  loss = sigmoid-mse
  cuda-cpp SFNN loss progress log = /home/sugiyama/2_fast_suisho/data/bulletou/checkpoints/006-yane20/cuda-cpp-progress.log (step 1, every 10 step(s), checkpoint, validation, final)
  cuda-cpp SFNN upload pipeline = enabled (2 slots; non-profiled steps)
  cuda-cpp SFNN teacher CPU = prepare_threads=24, loader_threads=24, batch_queue_size=4
  [2mcuda-cpp SFNN[0m [1;36m[progress][0m  [1;36mepoch 1[0m  [1;33msb 1/108[0m  [33mthis-sb=39,976,960 pos (610 batches x 65,536)[0m  [36mtotal=39,976,960 pos[0m  [1;36mtrain_time=14.3s[0m  [1;32mpos/s=2,792,283[0m
  [2mcuda-cpp SFNN[0m [1;36m[progress][0m  [1;36mepoch 1[0m  [1;33msb 2/108[0m  [33mthis-sb=39,976,960 pos (610 batches x 65,536)[0m  [36mtotal=79,953,920 pos[0m  [1;36mtrain_time=28.6s[0m  [1;32mpos/s=2,798,340[0m
  [2mcuda-cpp SFNN[0m [1;36m[progress][0m  [1;36mepoch 1[0m  [1;33msb 3/108[0m  [33mthis-sb=39,976,960 pos (610 batches x 65,536)[0m  [36mtotal=119,930,880 pos[0m  [1;36mtrain_time=42.8s[0m  [1;32mpos/s=2,799,329[0m
  loading 300000 test positions from /home/sugiyama/2_fast_suisho/data/teacher/floodgate/floodgate.hcpe (sample=random, seed=0) for validation...
  ...300000 test positions ready
  cuda-cpp HalfKA2 validation forward = gpu: positions=300000, batch_size=8192, elapsed=0.595s
  test: accuracy=66.6190% (199857/300000 decisive; draws=0 excluded; mate=0 filtered), loss=0.084658 (n=300000)
  [2mcuda-cpp HalfKA2[0m [1;33mvalidation detail[0m: positions=300,000, batch_size=8,192, load/cache=0.735s, weight_fold=0.200s, context=0.000s, weight_upload=0.045s, batches=0.595s, metrics=0.005s, total=1.580s
  [2mcuda-cpp SFNN[0m [1;36m[progress][0m  [1;36mepoch 1[0m  [1;33msb 4/108[0m  [33mthis-sb=39,976,960 pos (610 batches x 65,536)[0m  [36mtotal=159,907,840 pos[0m  [1;36mtrain_time=57.2s[0m  [1;32mpos/s=2,797,748[0m
  [2mcuda-cpp SFNN[0m [1;33mvalidation overhead[0m: [35mreadback=0.234s[0m  [33mvalidation=1.602s[0m  [2msave=skipped[0m  [1;32mtotal=1.836s[0m
  [2mcuda-cpp SFNN[0m [33mvalidation[0m: epoch=1, superbatch=4, [35mtest_value_accuracy=0.6661900[0m, [35mtest_value_loss=0.08465806[0m, [1;36melapsed=1.602s[0m
  [2mcuda-cpp SFNN[0m [1;36m[progress][0m  [1;36mepoch 1[0m  [1;33msb 5/108[0m  [33mthis-sb=39,976,960 pos (610 batches x 65,536)[0m  [36mtotal=199,884,800 pos[0m  [1;36mtrain_time=71.5s[0m  [1;32mpos/s=2,794,206[0m
  [2mcuda-cpp SFNN[0m [1;36m[progress][0m  [1;36mepoch 1[0m  [1;33msb 6/108[0m  [33mthis-sb=39,976,960 pos (610 batches x 65,536)[0m  [36mtotal=239,861,760 pos[0m  [1;36mtrain_time=85.9s[0m  [1;32mpos/s=2,792,023[0m
  [2mcuda-cpp SFNN[0m [1;36m[progress][0m  [1;36mepoch 1[0m  [1;33msb 7/108[0m  [33mthis-sb=39,976,960 pos (610 batches x 65,536)[0m  [36mtotal=279,838,720 pos[0m  [1;36mtrain_time=100.3s[0m  [1;32mpos/s=2,790,064[0m
  cuda-cpp HalfKA2 validation forward = gpu: positions=300000, batch_size=8192, elapsed=0.591s
  test: accuracy=67.3647% (202094/300000 decisive; draws=0 excluded; mate=0 filtered), loss=0.083910 (n=300000)
  [2mcuda-cpp HalfKA2[0m [1;33mvalidation detail[0m: positions=300,000, batch_size=8,192, load/cache=0.000s, weight_fold=0.193s, context=0.000s, weight_upload=0.039s, batches=0.591s, metrics=0.005s, total=0.828s
  [2mcuda-cpp SFNN[0m [1;36m[progress][0m  [1;36mepoch 1[0m  [1;33msb 8/108[0m  [33mthis-sb=39,976,960 pos (610 batches x 65,536)[0m  [36mtotal=319,815,680 pos[0m  [1;36mtrain_time=114.7s[0m  [1;32mpos/s=2,788,051[0m
  [2mcuda-cpp SFNN[0m [1;33mvalidation overhead[0m: [35mreadback=0.227s[0m  [33mvalidation=0.850s[0m  [2msave=skipped[0m  [1;32mtotal=1.077s[0m
  [2mcuda-cpp SFNN[0m [33mvalidation[0m: epoch=1, superbatch=8, [35mtest_value_accuracy=0.6736467[0m, [35mtest_value_loss=0.08391041[0m, [1;36melapsed=0.850s[0m
  [2mcuda-cpp SFNN[0m [1;36m[progress][0m  [1;36mepoch 1[0m  [1;33msb 9/108[0m  [33mthis-sb=39,976,960 pos (610 batches x 65,536)[0m  [36mtotal=359,792,640 pos[0m  [1;36mtrain_time=129.1s[0m  [1;32mpos/s=2,786,131[0m
  [2mcuda-cpp SFNN[0m [1;36m[progress][0m  [1;36mepoch 1[0m  [1;33msb 10/108[0m  [33mthis-sb=39,976,960 pos (610 batches x 65,536)[0m  [36mtotal=399,769,600 pos[0m  [1;36mtrain_time=143.5s[0m  [1;32mpos/s=2,785,142[0m
  [2mcuda-cpp SFNN[0m [1;36m[progress][0m  [1;36mepoch 1[0m  [1;33msb 11/108[0m  [33mthis-sb=39,976,960 pos (610 batches x 65,536)[0m  [36mtotal=439,746,560 pos[0m  [1;36mtrain_time=157.9s[0m  [1;32mpos/s=2,784,343[0m
  cuda-cpp HalfKA2 validation forward = gpu: positions=300000, batch_size=8192, elapsed=0.595s
  test: accuracy=67.9733% (203920/300000 decisive; draws=0 excluded; mate=0 filtered), loss=0.082344 (n=300000)
  [2mcuda-cpp HalfKA2[0m [1;33mvalidation detail[0m: positions=300,000, batch_size=8,192, load/cache=0.000s, weight_fold=0.194s, context=0.000s, weight_upload=0.043s, batches=0.595s, metrics=0.005s, total=0.838s
  [2mcuda-cpp SFNN[0m [1;36m[progress][0m  [1;36mepoch 1[0m  [1;33msb 12/108[0m  [33mthis-sb=39,976,960 pos (610 batches x 65,536)[0m  [36mtotal=479,723,520 pos[0m  [1;36mtrain_time=172.3s[0m  [1;32mpos/s=2,783,864[0m
  [2mcuda-cpp SFNN[0m [1;33mvalidation overhead[0m: [35mreadback=0.230s[0m  [33mvalidation=0.863s[0m  [2msave=skipped[0m  [1;32mtotal=1.094s[0m
  [2mcuda-cpp SFNN[0m [33mvalidation[0m: epoch=1, superbatch=12, [35mtest_value_accuracy=0.6797333[0m, [35mtest_value_loss=0.08234445[0m, [1;36melapsed=0.863s[0m
  [2mcuda-cpp SFNN[0m [1;36m[progress][0m  [1;36mepoch 1[0m  [1;33msb 13/108[0m  [33mthis-sb=39,976,960 pos (610 batches x 65,536)[0m  [36mtotal=519,700,480 pos[0m  [1;36mtrain_time=186.7s[0m  [1;32mpos/s=2,783,240[0m
  [2mcuda-cpp SFNN[0m [1;36m[progress][0m  [1;36mepoch 1[0m  [1;33msb 14/108[0m  [33mthis-sb=39,976,960 pos (610 batches x 65,536)[0m  [36mtotal=559,677,440 pos[0m  [1;36mtrain_time=201.1s[0m  [1;32mpos/s=2,783,102[0m
  [2mcuda-cpp SFNN[0m [1;36m[progress][0m  [1;36mepoch 1[0m  [1;33msb 15/108[0m  [33mthis-sb=39,976,960 pos (610 batches x 65,536)[0m  [36mtotal=599,654,400 pos[0m  [1;36mtrain_time=215.5s[0m  [1;32mpos/s=2,782,981[0m
  cuda-cpp HalfKA2 validation forward = gpu: positions=300000, batch_size=8192, elapsed=0.595s
  test: accuracy=68.2227% (204668/300000 decisive; draws=0 excluded; mate=0 filtered), loss=0.081649 (n=300000)
  [2mcuda-cpp HalfKA2[0m [1;33mvalidation detail[0m: positions=300,000, batch_size=8,192, load/cache=0.000s, weight_fold=0.197s, context=0.000s, weight_upload=0.040s, batches=0.595s, metrics=0.005s, total=0.836s
  [2mcuda-cpp SFNN[0m [1;36m[progress][0m  [1;36mepoch 1[0m  [1;33msb 16/108[0m  [33mthis-sb=39,976,960 pos (610 batches x 65,536)[0m  [36mtotal=639,631,360 pos[0m  [1;36mtrain_time=229.9s[0m  [1;32mpos/s=2,782,716[0m
  [2mcuda-cpp SFNN[0m [1;33mvalidation overhead[0m: [35mreadback=0.229s[0m  [33mvalidation=0.863s[0m  [2msave=skipped[0m  [1;32mtotal=1.092s[0m
  [2mcuda-cpp SFNN[0m [33mvalidation[0m: epoch=1, superbatch=16, [35mtest_value_accuracy=0.6822267[0m, [35mtest_value_loss=0.08164933[0m, [1;36melapsed=0.863s[0m
  [2mcuda-cpp SFNN[0m [1;36m[progress][0m  [1;36mepoch 1[0m  [1;33msb 17/108[0m  [33mthis-sb=39,976,960 pos (610 batches x 65,536)[0m  [36mtotal=679,608,320 pos[0m  [1;36mtrain_time=244.2s[0m  [1;32mpos/s=2,782,491[0m
  [2mcuda-cpp SFNN[0m [1;36m[progress][0m  [1;36mepoch 1[0m  [1;33msb 18/108[0m  [33mthis-sb=39,976,960 pos (610 batches x 65,536)[0m  [36mtotal=719,585,280 pos[0m  [1;36mtrain_time=258.6s[0m  [1;32mpos/s=2,782,689[0m
  [2mcuda-cpp SFNN[0m [1;36m[progress][0m  [1;36mepoch 1[0m  [1;33msb 19/108[0m  [33mthis-sb=39,976,960 pos (610 batches x 65,536)[0m  [36mtotal=759,562,240 pos[0m  [1;36mtrain_time=272.9s[0m  [1;32mpos/s=2,782,985[0m
  cuda-cpp HalfKA2 validation forward = gpu: positions=300000, batch_size=8192, elapsed=0.594s
  test: accuracy=68.3437% (205031/300000 decisive; draws=0 excluded; mate=0 filtered), loss=0.081038 (n=300000)
  [2mcuda-cpp HalfKA2[0m [1;33mvalidation detail[0m: positions=300,000, batch_size=8,192, load/cache=0.000s, weight_fold=0.204s, context=0.000s, weight_upload=0.041s, batches=0.594s, metrics=0.005s, total=0.845s
  [2mcuda-cpp SFNN[0m [1;36m[progress][0m  [1;36mepoch 1[0m  [1;33msb 20/108[0m  [33mthis-sb=39,976,960 pos (610 batches x 65,536)[0m  [36mtotal=799,539,200 pos[0m  [1;36mtrain_time=287.3s[0m  [1;32mpos/s=2,783,124[0m
  [2mcuda-cpp SFNN[0m [1;33mvalidation overhead[0m: [35mreadback=0.230s[0m  [33mvalidation=0.868s[0m  [2msave=skipped[0m  [1;32mtotal=1.098s[0m
  [2mcuda-cpp SFNN[0m [33mvalidation[0m: epoch=1, superbatch=20, [35mtest_value_accuracy=0.6834367[0m, [35mtest_value_loss=0.08103774[0m, [1;36melapsed=0.868s[0m
  [2mcuda-cpp SFNN[0m [1;36m[progress][0m  [1;36mepoch 1[0m  [1;33msb 21/108[0m  [33mthis-sb=39,976,960 pos (610 batches x 65,536)[0m  [36mtotal=839,516,160 pos[0m  [1;36mtrain_time=301.6s[0m  [1;32mpos/s=2,783,309[0m
  [2mcuda-cpp SFNN[0m [1;36m[progress][0m  [1;36mepoch 1[0m  [1;33msb 22/108[0m  [33mthis-sb=39,976,960 pos (610 batches x 65,536)[0m  [36mtotal=879,493,120 pos[0m  [1;36mtrain_time=316.0s[0m  [1;32mpos/s=2,783,547[0m
  [2mcuda-cpp SFNN[0m [1;36m[progress][0m  [1;36mepoch 1[0m  [1;33msb 23/108[0m  [33mthis-sb=39,976,960 pos (610 batches x 65,536)[0m  [36mtotal=919,470,080 pos[0m  [1;36mtrain_time=330.3s[0m  [1;32mpos/s=2,783,719[0m
  cuda-cpp HalfKA2 validation forward = gpu: positions=300000, batch_size=8192, elapsed=0.599s
  test: accuracy=68.5167% (205550/300000 decisive; draws=0 excluded; mate=0 filtered), loss=0.081034 (n=300000)
  [2mcuda-cpp HalfKA2[0m [1;33mvalidation detail[0m: positions=300,000, batch_size=8,192, load/cache=0.000s, weight_fold=0.197s, context=0.000s, weight_upload=0.039s, batches=0.599s, metrics=0.005s, total=0.840s
  [2mcuda-cpp SFNN[0m [1;36m[progress][0m  [1;36mepoch 1[0m  [1;33msb 24/108[0m  [33mthis-sb=39,976,960 pos (610 batches x 65,536)[0m  [36mtotal=959,447,040 pos[0m  [1;36mtrain_time=344.6s[0m  [1;32mpos/s=2,783,942[0m
  [2mcuda-cpp SFNN[0m [1;33mvalidation overhead[0m: [35mreadback=0.231s[0m  [33mvalidation=0.868s[0m  [2msave=skipped[0m  [1;32mtotal=1.099s[0m
  [2mcuda-cpp SFNN[0m [33mvalidation[0m: epoch=1, superbatch=24, [35mtest_value_accuracy=0.6851667[0m, [35mtest_value_loss=0.08103443[0m, [1;36melapsed=0.868s[0m
  [2mcuda-cpp SFNN[0m [1;36m[progress][0m  [1;36mepoch 1[0m  [1;33msb 25/108[0m  [33mthis-sb=39,976,960 pos (610 batches x 65,536)[0m  [36mtotal=999,424,000 pos[0m  [1;36mtrain_time=359.0s[0m  [1;32mpos/s=2,783,966[0m
  [2mcuda-cpp SFNN[0m [1;36m[progress][0m  [1;36mepoch 1[0m  [1;33msb 26/108[0m  [33mthis-sb=39,976,960 pos (610 batches x 65,536)[0m  [36mtotal=1,039,400,960 pos[0m  [1;36mtrain_time=373.3s[0m  [1;32mpos/s=2,784,181[0m
  [2mcuda-cpp SFNN[0m [1;36m[progress][0m  [1;36mepoch 1[0m  [1;33msb 27/108[0m  [33mthis-sb=39,976,960 pos (610 batches x 65,536)[0m  [36mtotal=1,079,377,920 pos[0m  [1;36mtrain_time=387.7s[0m  [1;32mpos/s=2,784,396[0m
  cuda-cpp HalfKA2 validation forward = gpu: positions=300000, batch_size=8192, elapsed=0.595s
  test: accuracy=68.7000% (206100/300000 decisive; draws=0 excluded; mate=0 filtered), loss=0.080360 (n=300000)
  [2mcuda-cpp HalfKA2[0m [1;33mvalidation detail[0m: positions=300,000, batch_size=8,192, load/cache=0.000s, weight_fold=0.197s, context=0.000s, weight_upload=0.039s, batches=0.595s, metrics=0.005s, total=0.836s
  [2mcuda-cpp SFNN[0m [1;36m[progress][0m  [1;36mepoch 1[0m  [1;33msb 28/108[0m  [33mthis-sb=39,976,960 pos (610 batches x 65,536)[0m  [36mtotal=1,119,354,880 pos[0m  [1;36mtrain_time=402.0s[0m  [1;32mpos/s=2,784,498[0m
  [2mcuda-cpp SFNN[0m [1;33mvalidation overhead[0m: [35mreadback=0.233s[0m  [33mvalidation=0.860s[0m  [2msave=skipped[0m  [1;32mtotal=1.092s[0m
  [2mcuda-cpp SFNN[0m [33mvalidation[0m: epoch=1, superbatch=28, [35mtest_value_accuracy=0.6870000[0m, [35mtest_value_loss=0.08036022[0m, [1;36melapsed=0.860s[0m
  [2mcuda-cpp SFNN[0m [1;36m[progress][0m  [1;36mepoch 1[0m  [1;33msb 29/108[0m  [33mthis-sb=39,976,960 pos (610 batches x 65,536)[0m  [36mtotal=1,159,331,840 pos[0m  [1;36mtrain_time=416.4s[0m  [1;32mpos/s=2,784,512[0m
  [2mcuda-cpp SFNN[0m [1;36m[progress][0m  [1;36mepoch 1[0m  [1;33msb 30/108[0m  [33mthis-sb=39,976,960 pos (610 batches x 65,536)[0m  [36mtotal=1,199,308,800 pos[0m  [1;36mtrain_time=430.7s[0m  [1;32mpos/s=2,784,686[0m
  [2mcuda-cpp SFNN[0m [1;36m[progress][0m  [1;36mepoch 1[0m  [1;33msb 31/108[0m  [33mthis-sb=39,976,960 pos (610 batches x 65,536)[0m  [36mtotal=1,239,285,760 pos[0m  [1;36mtrain_time=445.0s[0m  [1;32mpos/s=2,784,866[0m
  cuda-cpp HalfKA2 validation forward = gpu: positions=300000, batch_size=8192, elapsed=0.594s
  test: accuracy=68.7213% (206164/300000 decisive; draws=0 excluded; mate=0 filtered), loss=0.079985 (n=300000)
  [2mcuda-cpp HalfKA2[0m [1;33mvalidation detail[0m: positions=300,000, batch_size=8,192, load/cache=0.000s, weight_fold=0.196s, context=0.000s, weight_upload=0.039s, batches=0.594s, metrics=0.005s, total=0.835s
  [2mcuda-cpp SFNN[0m [1;36m[progress][0m  [1;36mepoch 1[0m  [1;33msb 32/108[0m  [33mthis-sb=39,976,960 pos (610 batches x 65,536)[0m  [36mtotal=1,279,262,720 pos[0m  [1;36mtrain_time=459.3s[0m  [1;32mpos/s=2,785,057[0m
  [2mcuda-cpp SFNN[0m [1;33mvalidation overhead[0m: [35mreadback=0.231s[0m  [33mvalidation=0.858s[0m  [2msave=skipped[0m  [1;32mtotal=1.089s[0m
  [2mcuda-cpp SFNN[0m [33mvalidation[0m: epoch=1, superbatch=32, [35mtest_value_accuracy=0.6872134[0m, [35mtest_value_loss=0.07998513[0m, [1;36melapsed=0.858s[0m
  [2mcuda-cpp SFNN[0m [1;36m[progress][0m  [1;36mepoch 1[0m  [1;33msb 33/108[0m  [33mthis-sb=39,976,960 pos (610 batches x 65,536)[0m  [36mtotal=1,319,239,680 pos[0m  [1;36mtrain_time=473.7s[0m  [1;32mpos/s=2,784,999[0m
  [2mcuda-cpp SFNN[0m [1;36m[progress][0m  [1;36mepoch 1[0m  [1;33msb 34/108[0m  [33mthis-sb=39,976,960 pos (610 batches x 65,536)[0m  [36mtotal=1,359,216,640 pos[0m  [1;36mtrain_time=488.0s[0m  [1;32mpos/s=2,785,173[0m
  [2mcuda-cpp SFNN[0m [1;36m[progress][0m  [1;36mepoch 1[0m  [1;33msb 35/108[0m  [33mthis-sb=39,976,960 pos (610 batches x 65,536)[0m  [36mtotal=1,399,193,600 pos[0m  [1;36mtrain_time=502.4s[0m  [1;32mpos/s=2,785,261[0m
  cuda-cpp HalfKA2 validation forward = gpu: positions=300000, batch_size=8192, elapsed=0.594s
  test: accuracy=68.8367% (206510/300000 decisive; draws=0 excluded; mate=0 filtered), loss=0.080026 (n=300000)
  [2mcuda-cpp HalfKA2[0m [1;33mvalidation detail[0m: positions=300,000, batch_size=8,192, load/cache=0.000s, weight_fold=0.197s, context=0.000s, weight_upload=0.040s, batches=0.594s, metrics=0.005s, total=0.835s
  [2mcuda-cpp SFNN[0m [1;36m[progress][0m  [1;36mepoch 1[0m  [1;33msb 36/108[0m  [33mthis-sb=39,976,960 pos (610 batches x 65,536)[0m  [36mtotal=1,439,170,560 pos[0m  [1;36mtrain_time=516.7s[0m  [1;32mpos/s=2,785,300[0m
  [2mcuda-cpp SFNN[0m [1;33mvalidation overhead[0m: [35mreadback=0.234s[0m  [33mvalidation=0.859s[0m  [2msave=skipped[0m  [1;32mtotal=1.093s[0m
  [2mcuda-cpp SFNN[0m [33mvalidation[0m: epoch=1, superbatch=36, [35mtest_value_accuracy=0.6883667[0m, [35mtest_value_loss=0.08002572[0m, [1;36melapsed=0.859s[0m
  [2mcuda-cpp SFNN[0m [1;36m[progress][0m  [1;36mepoch 1[0m  [1;33msb 37/108[0m  [33mthis-sb=39,976,960 pos (610 batches x 65,536)[0m  [36mtotal=1,479,147,520 pos[0m  [1;36mtrain_time=531.1s[0m  [1;32mpos/s=2,785,300[0m
  [2mcuda-cpp SFNN[0m [1;36m[progress][0m  [1;36mepoch 1[0m  [1;33msb 38/108[0m  [33mthis-sb=39,976,960 pos (610 batches x 65,536)[0m  [36mtotal=1,519,124,480 pos[0m  [1;36mtrain_time=545.4s[0m  [1;32mpos/s=2,785,381[0m
  [2mcuda-cpp SFNN[0m [1;36m[progress][0m  [1;36mepoch 1[0m  [1;33msb 39/108[0m  [33mthis-sb=39,976,960 pos (610 batches x 65,536)[0m  [36mtotal=1,559,101,440 pos[0m  [1;36mtrain_time=559.7s[0m  [1;32mpos/s=2,785,445[0m
  cuda-cpp HalfKA2 validation forward = gpu: positions=300000, batch_size=8192, elapsed=0.594s
  test: accuracy=68.8660% (206598/300000 decisive; draws=0 excluded; mate=0 filtered), loss=0.079745 (n=300000)
  [2mcuda-cpp HalfKA2[0m [1;33mvalidation detail[0m: positions=300,000, batch_size=8,192, load/cache=0.000s, weight_fold=0.204s, context=0.000s, weight_upload=0.039s, batches=0.594s, metrics=0.005s, total=0.843s
  [2mcuda-cpp SFNN[0m [1;36m[progress][0m  [1;36mepoch 1[0m  [1;33msb 40/108[0m  [33mthis-sb=39,976,960 pos (610 batches x 65,536)[0m  [36mtotal=1,599,078,400 pos[0m  [1;36mtrain_time=574.1s[0m  [1;32mpos/s=2,785,511[0m
  [2mcuda-cpp SFNN[0m [1;33mvalidation overhead[0m: [35mreadback=0.239s[0m  [33mvalidation=0.873s[0m  [2msave=skipped[0m  [1;32mtotal=1.112s[0m
  [2mcuda-cpp SFNN[0m [33mvalidation[0m: epoch=1, superbatch=40, [35mtest_value_accuracy=0.6886600[0m, [35mtest_value_loss=0.07974528[0m, [1;36melapsed=0.873s[0m
  [2mcuda-cpp SFNN[0m [1;36m[progress][0m  [1;36mepoch 1[0m  [1;33msb 41/108[0m  [33mthis-sb=39,976,960 pos (610 batches x 65,536)[0m  [36mtotal=1,639,055,360 pos[0m  [1;36mtrain_time=588.4s[0m  [1;32mpos/s=2,785,494[0m
  [2mcuda-cpp SFNN[0m [1;36m[progress][0m  [1;36mepoch 1[0m  [1;33msb 42/108[0m  [33mthis-sb=39,976,960 pos (610 batches x 65,536)[0m  [36mtotal=1,679,032,320 pos[0m  [1;36mtrain_time=602.8s[0m  [1;32mpos/s=2,785,568[0m
  [2mcuda-cpp SFNN[0m [1;36m[progress][0m  [1;36mepoch 1[0m  [1;33msb 43/108[0m  [33mthis-sb=39,976,960 pos (610 batches x 65,536)[0m  [36mtotal=1,719,009,280 pos[0m  [1;36mtrain_time=617.1s[0m  [1;32mpos/s=2,785,671[0m
  cuda-cpp HalfKA2 validation forward = gpu: positions=300000, batch_size=8192, elapsed=0.591s
  test: accuracy=68.8963% (206689/300000 decisive; draws=0 excluded; mate=0 filtered), loss=0.079791 (n=300000)
  [2mcuda-cpp HalfKA2[0m [1;33mvalidation detail[0m: positions=300,000, batch_size=8,192, load/cache=0.000s, weight_fold=0.197s, context=0.000s, weight_upload=0.041s, batches=0.591s, metrics=0.005s, total=0.834s
  [2mcuda-cpp SFNN[0m [1;36m[progress][0m  [1;36mepoch 1[0m  [1;33msb 44/108[0m  [33mthis-sb=39,976,960 pos (610 batches x 65,536)[0m  [36mtotal=1,758,986,240 pos[0m  [1;36mtrain_time=631.4s[0m  [1;32mpos/s=2,785,683[0m
  [2mcuda-cpp SFNN[0m [1;33mvalidation overhead[0m: [35mreadback=0.234s[0m  [33mvalidation=0.858s[0m  [2msave=skipped[0m  [1;32mtotal=1.091s[0m
  [2mcuda-cpp SFNN[0m [33mvalidation[0m: epoch=1, superbatch=44, [35mtest_value_accuracy=0.6889634[0m, [35mtest_value_loss=0.07979099[0m, [1;36melapsed=0.858s[0m
  [2mcuda-cpp SFNN[0m [1;36m[progress][0m  [1;36mepoch 1[0m  [1;33msb 45/108[0m  [33mthis-sb=39,976,960 pos (610 batches x 65,536)[0m  [36mtotal=1,798,963,200 pos[0m  [1;36mtrain_time=645.8s[0m  [1;32mpos/s=2,785,699[0m
  [2mcuda-cpp SFNN[0m [1;36m[progress][0m  [1;36mepoch 1[0m  [1;33msb 46/108[0m  [33mthis-sb=39,976,960 pos (610 batches x 65,536)[0m  [36mtotal=1,838,940,160 pos[0m  [1;36mtrain_time=660.1s[0m  [1;32mpos/s=2,785,763[0m
  [2mcuda-cpp SFNN[0m [1;36m[progress][0m  [1;36mepoch 1[0m  [1;33msb 47/108[0m  [33mthis-sb=39,976,960 pos (610 batches x 65,536)[0m  [36mtotal=1,878,917,120 pos[0m  [1;36mtrain_time=674.5s[0m  [1;32mpos/s=2,785,840[0m
  cuda-cpp HalfKA2 validation forward = gpu: positions=300000, batch_size=8192, elapsed=0.607s
  test: accuracy=68.9853% (206956/300000 decisive; draws=0 excluded; mate=0 filtered), loss=0.079720 (n=300000)
  [2mcuda-cpp HalfKA2[0m [1;33mvalidation detail[0m: positions=300,000, batch_size=8,192, load/cache=0.000s, weight_fold=0.196s, context=0.000s, weight_upload=0.040s, batches=0.607s, metrics=0.005s, total=0.849s
  [2mcuda-cpp SFNN[0m [1;36m[progress][0m  [1;36mepoch 1[0m  [1;33msb 48/108[0m  [33mthis-sb=39,976,960 pos (610 batches x 65,536)[0m  [36mtotal=1,918,894,080 pos[0m  [1;36mtrain_time=688.8s[0m  [1;32mpos/s=2,785,889[0m
  [2mcuda-cpp SFNN[0m [1;33mvalidation overhead[0m: [35mreadback=0.233s[0m  [33mvalidation=0.879s[0m  [2msave=skipped[0m  [1;32mtotal=1.112s[0m
  [2mcuda-cpp SFNN[0m [33mvalidation[0m: epoch=1, superbatch=48, [35mtest_value_accuracy=0.6898533[0m, [35mtest_value_loss=0.07972009[0m, [1;36melapsed=0.879s[0m
  [2mcuda-cpp SFNN[0m [1;36m[progress][0m  [1;36mepoch 1[0m  [1;33msb 49/108[0m  [33mthis-sb=39,976,960 pos (610 batches x 65,536)[0m  [36mtotal=1,958,871,040 pos[0m  [1;36mtrain_time=703.1s[0m  [1;32mpos/s=2,785,881[0m
  [2mcuda-cpp SFNN[0m [1;36m[progress][0m  [1;36mepoch 1[0m  [1;33msb 50/108[0m  [33mthis-sb=39,976,960 pos (610 batches x 65,536)[0m  [36mtotal=1,998,848,000 pos[0m  [1;36mtrain_time=717.5s[0m  [1;32mpos/s=2,785,967[0m
  [2mcuda-cpp SFNN[0m [1;36m[progress][0m  [1;36mepoch 1[0m  [1;33msb 51/108[0m  [33mthis-sb=39,976,960 pos (610 batches x 65,536)[0m  [36mtotal=2,038,824,960 pos[0m  [1;36mtrain_time=731.8s[0m  [1;32mpos/s=2,786,027[0m
  cuda-cpp HalfKA2 validation forward = gpu: positions=300000, batch_size=8192, elapsed=0.593s
  test: accuracy=69.0433% (207130/300000 decisive; draws=0 excluded; mate=0 filtered), loss=0.079346 (n=300000)
  [2mcuda-cpp HalfKA2[0m [1;33mvalidation detail[0m: positions=300,000, batch_size=8,192, load/cache=0.000s, weight_fold=0.197s, context=0.000s, weight_upload=0.039s, batches=0.593s, metrics=0.005s, total=0.834s
  [2mcuda-cpp SFNN[0m [1;36m[progress][0m  [1;36mepoch 1[0m  [1;33msb 52/108[0m  [33mthis-sb=39,976,960 pos (610 batches x 65,536)[0m  [36mtotal=2,078,801,920 pos[0m  [1;36mtrain_time=746.1s[0m  [1;32mpos/s=2,786,080[0m
  [2mcuda-cpp SFNN[0m [1;33mvalidation overhead[0m: [35mreadback=0.232s[0m  [33mvalidation=0.858s[0m  [2msave=skipped[0m  [1;32mtotal=1.090s[0m
  [2mcuda-cpp SFNN[0m [33mvalidation[0m: epoch=1, superbatch=52, [35mtest_value_accuracy=0.6904333[0m, [35mtest_value_loss=0.07934637[0m, [1;36melapsed=0.858s[0m
  [2mcuda-cpp SFNN[0m [1;36m[progress][0m  [1;36mepoch 1[0m  [1;33msb 53/108[0m  [33mthis-sb=39,976,960 pos (610 batches x 65,536)[0m  [36mtotal=2,118,778,880 pos[0m  [1;36mtrain_time=760.5s[0m  [1;32mpos/s=2,786,060[0m
  [2mcuda-cpp SFNN[0m [1;36m[progress][0m  [1;36mepoch 1[0m  [1;33msb 54/108[0m  [33mthis-sb=39,976,960 pos (610 batches x 65,536)[0m  [36mtotal=2,158,755,840 pos[0m  [1;36mtrain_time=774.8s[0m  [1;32mpos/s=2,786,145[0m
  [2mcuda-cpp SFNN[0m [1;36m[progress][0m  [1;36mepoch 1[0m  [1;33msb 55/108[0m  [33mthis-sb=39,976,960 pos (610 batches x 65,536)[0m  [36mtotal=2,198,732,800 pos[0m  [1;36mtrain_time=789.2s[0m  [1;32mpos/s=2,786,203[0m
  cuda-cpp HalfKA2 validation forward = gpu: positions=300000, batch_size=8192, elapsed=0.592s
  test: accuracy=69.0647% (207194/300000 decisive; draws=0 excluded; mate=0 filtered), loss=0.079328 (n=300000)
  [2mcuda-cpp HalfKA2[0m [1;33mvalidation detail[0m: positions=300,000, batch_size=8,192, load/cache=0.000s, weight_fold=0.199s, context=0.000s, weight_upload=0.040s, batches=0.592s, metrics=0.005s, total=0.836s
  [2mcuda-cpp SFNN[0m [1;36m[progress][0m  [1;36mepoch 1[0m  [1;33msb 56/108[0m  [33mthis-sb=39,976,960 pos (610 batches x 65,536)[0m  [36mtotal=2,238,709,760 pos[0m  [1;36mtrain_time=803.5s[0m  [1;32mpos/s=2,786,224[0m
  [2mcuda-cpp SFNN[0m [1;33mvalidation overhead[0m: [35mreadback=0.234s[0m  [33mvalidation=0.860s[0m  [2msave=skipped[0m  [1;32mtotal=1.093s[0m
  [2mcuda-cpp SFNN[0m [33mvalidation[0m: epoch=1, superbatch=56, [35mtest_value_accuracy=0.6906466[0m, [35mtest_value_loss=0.07932802[0m, [1;36melapsed=0.860s[0m
  [2mcuda-cpp SFNN[0m [1;36m[progress][0m  [1;36mepoch 1[0m  [1;33msb 57/108[0m  [33mthis-sb=39,976,960 pos (610 batches x 65,536)[0m  [36mtotal=2,278,686,720 pos[0m  [1;36mtrain_time=817.8s[0m  [1;32mpos/s=2,786,242[0m
  [2mcuda-cpp SFNN[0m [1;36m[progress][0m  [1;36mepoch 1[0m  [1;33msb 58/108[0m  [33mthis-sb=39,976,960 pos (610 batches x 65,536)[0m  [36mtotal=2,318,663,680 pos[0m  [1;36mtrain_time=832.2s[0m  [1;32mpos/s=2,786,341[0m
  [2mcuda-cpp SFNN[0m [1;36m[progress][0m  [1;36mepoch 1[0m  [1;33msb 59/108[0m  [33mthis-sb=39,976,960 pos (610 batches x 65,536)[0m  [36mtotal=2,358,640,640 pos[0m  [1;36mtrain_time=846.5s[0m  [1;32mpos/s=2,786,410[0m
  cuda-cpp HalfKA2 validation forward = gpu: positions=300000, batch_size=8192, elapsed=0.593s
  test: accuracy=69.1160% (207348/300000 decisive; draws=0 excluded; mate=0 filtered), loss=0.079368 (n=300000)
  [2mcuda-cpp HalfKA2[0m [1;33mvalidation detail[0m: positions=300,000, batch_size=8,192, load/cache=0.000s, weight_fold=0.197s, context=0.000s, weight_upload=0.041s, batches=0.593s, metrics=0.005s, total=0.837s
  [2mcuda-cpp SFNN[0m [1;36m[progress][0m  [1;36mepoch 1[0m  [1;33msb 60/108[0m  [33mthis-sb=39,976,960 pos (610 batches x 65,536)[0m  [36mtotal=2,398,617,600 pos[0m  [1;36mtrain_time=860.8s[0m  [1;32mpos/s=2,786,409[0m
  [2mcuda-cpp SFNN[0m [1;33mvalidation overhead[0m: [35mreadback=0.235s[0m  [33mvalidation=0.860s[0m  [2msave=skipped[0m  [1;32mtotal=1.095s[0m
  [2mcuda-cpp SFNN[0m [33mvalidation[0m: epoch=1, superbatch=60, [35mtest_value_accuracy=0.6911600[0m, [35mtest_value_loss=0.07936823[0m, [1;36melapsed=0.860s[0m
  [2mcuda-cpp SFNN[0m [1;36m[progress][0m  [1;36mepoch 1[0m  [1;33msb 61/108[0m  [33mthis-sb=39,976,960 pos (610 batches x 65,536)[0m  [36mtotal=2,438,594,560 pos[0m  [1;36mtrain_time=875.2s[0m  [1;32mpos/s=2,786,349[0m
  [2mcuda-cpp SFNN[0m [1;36m[progress][0m  [1;36mepoch 1[0m  [1;33msb 62/108[0m  [33mthis-sb=39,976,960 pos (610 batches x 65,536)[0m  [36mtotal=2,478,571,520 pos[0m  [1;36mtrain_time=889.5s[0m  [1;32mpos/s=2,786,388[0m
  [2mcuda-cpp SFNN[0m [1;36m[progress][0m  [1;36mepoch 1[0m  [1;33msb 63/108[0m  [33mthis-sb=39,976,960 pos (610 batches x 65,536)[0m  [36mtotal=2,518,548,480 pos[0m  [1;36mtrain_time=903.9s[0m  [1;32mpos/s=2,786,430[0m
  cuda-cpp HalfKA2 validation forward = gpu: positions=300000, batch_size=8192, elapsed=0.594s
  test: accuracy=69.1543% (207463/300000 decisive; draws=0 excluded; mate=0 filtered), loss=0.079352 (n=300000)
  [2mcuda-cpp HalfKA2[0m [1;33mvalidation detail[0m: positions=300,000, batch_size=8,192, load/cache=0.000s, weight_fold=0.199s, context=0.000s, weight_upload=0.041s, batches=0.594s, metrics=0.005s, total=0.839s
  [2mcuda-cpp SFNN[0m [1;36m[progress][0m  [1;36mepoch 1[0m  [1;33msb 64/108[0m  [33mthis-sb=39,976,960 pos (610 batches x 65,536)[0m  [36mtotal=2,558,525,440 pos[0m  [1;36mtrain_time=918.2s[0m  [1;32mpos/s=2,786,435[0m
  [2mcuda-cpp SFNN[0m [1;33mvalidation overhead[0m: [35mreadback=0.236s[0m  [33mvalidation=0.862s[0m  [2msave=skipped[0m  [1;32mtotal=1.099s[0m
  [2mcuda-cpp SFNN[0m [33mvalidation[0m: epoch=1, superbatch=64, [35mtest_value_accuracy=0.6915433[0m, [35mtest_value_loss=0.07935174[0m, [1;36melapsed=0.862s[0m
  [2mcuda-cpp SFNN[0m [1;36m[progress][0m  [1;36mepoch 1[0m  [1;33msb 65/108[0m  [33mthis-sb=39,976,960 pos (610 batches x 65,536)[0m  [36mtotal=2,598,502,400 pos[0m  [1;36mtrain_time=932.6s[0m  [1;32mpos/s=2,786,398[0m
  [2mcuda-cpp SFNN[0m [1;36m[progress][0m  [1;36mepoch 1[0m  [1;33msb 66/108[0m  [33mthis-sb=39,976,960 pos (610 batches x 65,536)[0m  [36mtotal=2,638,479,360 pos[0m  [1;36mtrain_time=946.9s[0m  [1;32mpos/s=2,786,467[0m
  [2mcuda-cpp SFNN[0m [1;36m[progress][0m  [1;36mepoch 1[0m  [1;33msb 67/108[0m  [33mthis-sb=39,976,960 pos (610 batches x 65,536)[0m  [36mtotal=2,678,456,320 pos[0m  [1;36mtrain_time=961.2s[0m  [1;32mpos/s=2,786,459[0m
  cuda-cpp HalfKA2 validation forward = gpu: positions=300000, batch_size=8192, elapsed=0.590s
  test: accuracy=69.1573% (207472/300000 decisive; draws=0 excluded; mate=0 filtered), loss=0.079420 (n=300000)
  [2mcuda-cpp HalfKA2[0m [1;33mvalidation detail[0m: positions=300,000, batch_size=8,192, load/cache=0.000s, weight_fold=0.197s, context=0.000s, weight_upload=0.040s, batches=0.590s, metrics=0.005s, total=0.833s
  [2mcuda-cpp SFNN[0m [1;36m[progress][0m  [1;36mepoch 1[0m  [1;33msb 68/108[0m  [33mthis-sb=39,976,960 pos (610 batches x 65,536)[0m  [36mtotal=2,718,433,280 pos[0m  [1;36mtrain_time=975.6s[0m  [1;32mpos/s=2,786,464[0m
  [2mcuda-cpp SFNN[0m [1;33mvalidation overhead[0m: [35mreadback=0.235s[0m  [33mvalidation=0.857s[0m  [2msave=skipped[0m  [1;32mtotal=1.092s[0m
  [2mcuda-cpp SFNN[0m [33mvalidation[0m: epoch=1, superbatch=68, [35mtest_value_accuracy=0.6915733[0m, [35mtest_value_loss=0.07941979[0m, [1;36melapsed=0.857s[0m
  [2mcuda-cpp SFNN[0m [1;36m[progress][0m  [1;36mepoch 1[0m  [1;33msb 69/108[0m  [33mthis-sb=39,976,960 pos (610 batches x 65,536)[0m  [36mtotal=2,758,410,240 pos[0m  [1;36mtrain_time=990.0s[0m  [1;32mpos/s=2,786,402[0m
  [2mcuda-cpp SFNN[0m [1;36m[progress][0m  [1;36mepoch 1[0m  [1;33msb 70/108[0m  [33mthis-sb=39,976,960 pos (610 batches x 65,536)[0m  [36mtotal=2,798,387,200 pos[0m  [1;36mtrain_time=1004.3s[0m  [1;32mpos/s=2,786,428[0m
  [2mcuda-cpp SFNN[0m [1;36m[progress][0m  [1;36mepoch 1[0m  [1;33msb 71/108[0m  [33mthis-sb=39,976,960 pos (610 batches x 65,536)[0m  [36mtotal=2,838,364,160 pos[0m  [1;36mtrain_time=1018.6s[0m  [1;32mpos/s=2,786,428[0m
  cuda-cpp HalfKA2 validation forward = gpu: positions=300000, batch_size=8192, elapsed=0.595s
  test: accuracy=69.2077% (207623/300000 decisive; draws=0 excluded; mate=0 filtered), loss=0.079154 (n=300000)
  [2mcuda-cpp HalfKA2[0m [1;33mvalidation detail[0m: positions=300,000, batch_size=8,192, load/cache=0.000s, weight_fold=0.198s, context=0.000s, weight_upload=0.041s, batches=0.595s, metrics=0.005s, total=0.838s
  [2mcuda-cpp SFNN[0m [1;36m[progress][0m  [1;36mepoch 1[0m  [1;33msb 72/108[0m  [33mthis-sb=39,976,960 pos (610 batches x 65,536)[0m  [36mtotal=2,878,341,120 pos[0m  [1;36mtrain_time=1033.0s[0m  [1;32mpos/s=2,786,413[0m
  [2mcuda-cpp SFNN[0m [1;33mvalidation overhead[0m: [35mreadback=0.233s[0m  [33mvalidation=0.862s[0m  [2msave=skipped[0m  [1;32mtotal=1.095s[0m
  [2mcuda-cpp SFNN[0m [33mvalidation[0m: epoch=1, superbatch=72, [35mtest_value_accuracy=0.6920767[0m, [35mtest_value_loss=0.07915419[0m, [1;36melapsed=0.862s[0m
  [2mcuda-cpp SFNN[0m [1;36m[progress][0m  [1;36mepoch 1[0m  [1;33msb 73/108[0m  [33mthis-sb=39,976,960 pos (610 batches x 65,536)[0m  [36mtotal=2,918,318,080 pos[0m  [1;36mtrain_time=1047.4s[0m  [1;32mpos/s=2,786,382[0m
  [2mcuda-cpp SFNN[0m [1;36m[progress][0m  [1;36mepoch 1[0m  [1;33msb 74/108[0m  [33mthis-sb=39,976,960 pos (610 batches x 65,536)[0m  [36mtotal=2,958,295,040 pos[0m  [1;36mtrain_time=1061.7s[0m  [1;32mpos/s=2,786,380[0m
  [2mcuda-cpp SFNN[0m [1;36m[progress][0m  [1;36mepoch 1[0m  [1;33msb 75/108[0m  [33mthis-sb=39,976,960 pos (610 batches x 65,536)[0m  [36mtotal=2,998,272,000 pos[0m  [1;36mtrain_time=1076.0s[0m  [1;32mpos/s=2,786,395[0m
  cuda-cpp HalfKA2 validation forward = gpu: positions=300000, batch_size=8192, elapsed=0.592s
  test: accuracy=69.2187% (207656/300000 decisive; draws=0 excluded; mate=0 filtered), loss=0.079327 (n=300000)
  [2mcuda-cpp HalfKA2[0m [1;33mvalidation detail[0m: positions=300,000, batch_size=8,192, load/cache=0.000s, weight_fold=0.197s, context=0.000s, weight_upload=0.042s, batches=0.592s, metrics=0.005s, total=0.837s
  [2mcuda-cpp SFNN[0m [1;36m[progress][0m  [1;36mepoch 1[0m  [1;33msb 76/108[0m  [33mthis-sb=39,976,960 pos (610 batches x 65,536)[0m  [36mtotal=3,038,248,960 pos[0m  [1;36mtrain_time=1090.4s[0m  [1;32mpos/s=2,786,424[0m
  [2mcuda-cpp SFNN[0m [1;33mvalidation overhead[0m: [35mreadback=0.234s[0m  [33mvalidation=0.861s[0m  [2msave=skipped[0m  [1;32mtotal=1.095s[0m
  [2mcuda-cpp SFNN[0m [33mvalidation[0m: epoch=1, superbatch=76, [35mtest_value_accuracy=0.6921867[0m, [35mtest_value_loss=0.07932696[0m, [1;36melapsed=0.861s[0m
  [2mcuda-cpp SFNN[0m [1;36m[progress][0m  [1;36mepoch 1[0m  [1;33msb 77/108[0m  [33mthis-sb=39,976,960 pos (610 batches x 65,536)[0m  [36mtotal=3,078,225,920 pos[0m  [1;36mtrain_time=1104.7s[0m  [1;32mpos/s=2,786,403[0m
  [2mcuda-cpp SFNN[0m [1;36m[progress][0m  [1;36mepoch 1[0m  [1;33msb 78/108[0m  [33mthis-sb=39,976,960 pos (610 batches x 65,536)[0m  [36mtotal=3,118,202,880 pos[0m  [1;36mtrain_time=1119.1s[0m  [1;32mpos/s=2,786,456[0m
  [2mcuda-cpp SFNN[0m [1;36m[progress][0m  [1;36mepoch 1[0m  [1;33msb 79/108[0m  [33mthis-sb=39,976,960 pos (610 batches x 65,536)[0m  [36mtotal=3,158,179,840 pos[0m  [1;36mtrain_time=1133.4s[0m  [1;32mpos/s=2,786,513[0m
  cuda-cpp HalfKA2 validation forward = gpu: positions=300000, batch_size=8192, elapsed=0.593s
  test: accuracy=69.2193% (207658/300000 decisive; draws=0 excluded; mate=0 filtered), loss=0.078650 (n=300000)
  [2mcuda-cpp HalfKA2[0m [1;33mvalidation detail[0m: positions=300,000, batch_size=8,192, load/cache=0.000s, weight_fold=0.197s, context=0.000s, weight_upload=0.039s, batches=0.593s, metrics=0.005s, total=0.834s
  [2mcuda-cpp SFNN[0m [1;36m[progress][0m  [1;36mepoch 1[0m  [1;33msb 80/108[0m  [33mthis-sb=39,976,960 pos (610 batches x 65,536)[0m  [36mtotal=3,198,156,800 pos[0m  [1;36mtrain_time=1147.7s[0m  [1;32mpos/s=2,786,549[0m
  [2mcuda-cpp SFNN[0m [1;33mvalidation overhead[0m: [35mreadback=0.236s[0m  [33mvalidation=0.858s[0m  [2msave=skipped[0m  [1;32mtotal=1.094s[0m
  [2mcuda-cpp SFNN[0m [33mvalidation[0m: epoch=1, superbatch=80, [35mtest_value_accuracy=0.6921933[0m, [35mtest_value_loss=0.07865020[0m, [1;36melapsed=0.858s[0m
  [2mcuda-cpp SFNN[0m [1;36m[progress][0m  [1;36mepoch 1[0m  [1;33msb 81/108[0m  [33mthis-sb=39,976,960 pos (610 batches x 65,536)[0m  [36mtotal=3,238,133,760 pos[0m  [1;36mtrain_time=1162.1s[0m  [1;32mpos/s=2,786,557[0m
  [2mcuda-cpp SFNN[0m [1;36m[progress][0m  [1;36mepoch 1[0m  [1;33msb 82/108[0m  [33mthis-sb=39,976,960 pos (610 batches x 65,536)[0m  [36mtotal=3,278,110,720 pos[0m  [1;36mtrain_time=1176.4s[0m  [1;32mpos/s=2,786,614[0m
  [2mcuda-cpp SFNN[0m [1;36m[progress][0m  [1;36mepoch 1[0m  [1;33msb 83/108[0m  [33mthis-sb=39,976,960 pos (610 batches x 65,536)[0m  [36mtotal=3,318,087,680 pos[0m  [1;36mtrain_time=1190.7s[0m  [1;32mpos/s=2,786,625[0m
  cuda-cpp HalfKA2 validation forward = gpu: positions=300000, batch_size=8192, elapsed=0.592s
  test: accuracy=69.2230% (207669/300000 decisive; draws=0 excluded; mate=0 filtered), loss=0.079138 (n=300000)
  [2mcuda-cpp HalfKA2[0m [1;33mvalidation detail[0m: positions=300,000, batch_size=8,192, load/cache=0.000s, weight_fold=0.201s, context=0.000s, weight_upload=0.041s, batches=0.592s, metrics=0.005s, total=0.839s
  [2mcuda-cpp SFNN[0m [1;36m[progress][0m  [1;36mepoch 1[0m  [1;33msb 84/108[0m  [33mthis-sb=39,976,960 pos (610 batches x 65,536)[0m  [36mtotal=3,358,064,640 pos[0m  [1;36mtrain_time=1205.1s[0m  [1;32mpos/s=2,786,657[0m
  [2mcuda-cpp SFNN[0m [1;33mvalidation overhead[0m: [35mreadback=0.235s[0m  [33mvalidation=0.864s[0m  [2msave=skipped[0m  [1;32mtotal=1.100s[0m
  [2mcuda-cpp SFNN[0m [33mvalidation[0m: epoch=1, superbatch=84, [35mtest_value_accuracy=0.6922300[0m, [35mtest_value_loss=0.07913798[0m, [1;36melapsed=0.864s[0m
  [2mcuda-cpp SFNN[0m [1;36m[progress][0m  [1;36mepoch 1[0m  [1;33msb 85/108[0m  [33mthis-sb=39,976,960 pos (610 batches x 65,536)[0m  [36mtotal=3,398,041,600 pos[0m  [1;36mtrain_time=1219.4s[0m  [1;32mpos/s=2,786,651[0m
  [2mcuda-cpp SFNN[0m [1;36m[progress][0m  [1;36mepoch 1[0m  [1;33msb 86/108[0m  [33mthis-sb=39,976,960 pos (610 batches x 65,536)[0m  [36mtotal=3,438,018,560 pos[0m  [1;36mtrain_time=1233.7s[0m  [1;32mpos/s=2,786,691[0m
  [2mcuda-cpp SFNN[0m [1;36m[progress][0m  [1;36mepoch 1[0m  [1;33msb 87/108[0m  [33mthis-sb=39,976,960 pos (610 batches x 65,536)[0m  [36mtotal=3,477,995,520 pos[0m  [1;36mtrain_time=1248.1s[0m  [1;32mpos/s=2,786,728[0m
  cuda-cpp HalfKA2 validation forward = gpu: positions=300000, batch_size=8192, elapsed=0.595s
  test: accuracy=69.2500% (207750/300000 decisive; draws=0 excluded; mate=0 filtered), loss=0.078914 (n=300000)
  [2mcuda-cpp HalfKA2[0m [1;33mvalidation detail[0m: positions=300,000, batch_size=8,192, load/cache=0.000s, weight_fold=0.203s, context=0.000s, weight_upload=0.043s, batches=0.595s, metrics=0.005s, total=0.847s
  [2mcuda-cpp SFNN[0m [1;36m[progress][0m  [1;36mepoch 1[0m  [1;33msb 88/108[0m  [33mthis-sb=39,976,960 pos (610 batches x 65,536)[0m  [36mtotal=3,517,972,480 pos[0m  [1;36mtrain_time=1262.4s[0m  [1;32mpos/s=2,786,662[0m
  [2mcuda-cpp SFNN[0m [1;33mvalidation overhead[0m: [35mreadback=0.238s[0m  [33mvalidation=0.879s[0m  [2msave=skipped[0m  [1;32mtotal=1.117s[0m
  [2mcuda-cpp SFNN[0m [33mvalidation[0m: epoch=1, superbatch=88, [35mtest_value_accuracy=0.6925000[0m, [35mtest_value_loss=0.07891432[0m, [1;36melapsed=0.879s[0m
  [2mcuda-cpp SFNN[0m [1;36m[progress][0m  [1;36mepoch 1[0m  [1;33msb 89/108[0m  [33mthis-sb=39,976,960 pos (610 batches x 65,536)[0m  [36mtotal=3,557,949,440 pos[0m  [1;36mtrain_time=1276.8s[0m  [1;32mpos/s=2,786,609[0m
  [2mcuda-cpp SFNN[0m [1;36m[progress][0m  [1;36mepoch 1[0m  [1;33msb 90/108[0m  [33mthis-sb=39,976,960 pos (610 batches x 65,536)[0m  [36mtotal=3,597,926,400 pos[0m  [1;36mtrain_time=1291.1s[0m  [1;32mpos/s=2,786,627[0m
  [2mcuda-cpp SFNN[0m [1;36m[progress][0m  [1;36mepoch 1[0m  [1;33msb 91/108[0m  [33mthis-sb=39,976,960 pos (610 batches x 65,536)[0m  [36mtotal=3,637,903,360 pos[0m  [1;36mtrain_time=1305.5s[0m  [1;32mpos/s=2,786,654[0m
  cuda-cpp HalfKA2 validation forward = gpu: positions=300000, batch_size=8192, elapsed=0.596s
  test: accuracy=69.2530% (207759/300000 decisive; draws=0 excluded; mate=0 filtered), loss=0.078974 (n=300000)
  [2mcuda-cpp HalfKA2[0m [1;33mvalidation detail[0m: positions=300,000, batch_size=8,192, load/cache=0.000s, weight_fold=0.200s, context=0.000s, weight_upload=0.041s, batches=0.596s, metrics=0.005s, total=0.842s
  [2mcuda-cpp SFNN[0m [1;36m[progress][0m  [1;36mepoch 1[0m  [1;33msb 92/108[0m  [33mthis-sb=39,976,960 pos (610 batches x 65,536)[0m  [36mtotal=3,677,880,320 pos[0m  [1;36mtrain_time=1319.8s[0m  [1;32mpos/s=2,786,656[0m
  [2mcuda-cpp SFNN[0m [1;33mvalidation overhead[0m: [35mreadback=0.235s[0m  [33mvalidation=0.867s[0m  [2msave=skipped[0m  [1;32mtotal=1.102s[0m
  [2mcuda-cpp SFNN[0m [33mvalidation[0m: epoch=1, superbatch=92, [35mtest_value_accuracy=0.6925300[0m, [35mtest_value_loss=0.07897406[0m, [1;36melapsed=0.867s[0m
  [2mcuda-cpp SFNN[0m [1;36m[progress][0m  [1;36mepoch 1[0m  [1;33msb 93/108[0m  [33mthis-sb=39,976,960 pos (610 batches x 65,536)[0m  [36mtotal=3,717,857,280 pos[0m  [1;36mtrain_time=1334.2s[0m  [1;32mpos/s=2,786,579[0m
  [2mcuda-cpp SFNN[0m [1;36m[progress][0m  [1;36mepoch 1[0m  [1;33msb 94/108[0m  [33mthis-sb=39,976,960 pos (610 batches x 65,536)[0m  [36mtotal=3,757,834,240 pos[0m  [1;36mtrain_time=1348.6s[0m  [1;32mpos/s=2,786,572[0m
  [2mcuda-cpp SFNN[0m [1;36m[progress][0m  [1;36mepoch 1[0m  [1;33msb 95/108[0m  [33mthis-sb=39,976,960 pos (610 batches x 65,536)[0m  [36mtotal=3,797,811,200 pos[0m  [1;36mtrain_time=1362.9s[0m  [1;32mpos/s=2,786,568[0m
  cuda-cpp HalfKA2 validation forward = gpu: positions=300000, batch_size=8192, elapsed=0.593s
  test: accuracy=69.2700% (207810/300000 decisive; draws=0 excluded; mate=0 filtered), loss=0.079026 (n=300000)
  [2mcuda-cpp HalfKA2[0m [1;33mvalidation detail[0m: positions=300,000, batch_size=8,192, load/cache=0.000s, weight_fold=0.201s, context=0.000s, weight_upload=0.038s, batches=0.593s, metrics=0.005s, total=0.837s
  [2mcuda-cpp SFNN[0m [1;36m[progress][0m  [1;36mepoch 1[0m  [1;33msb 96/108[0m  [33mthis-sb=39,976,960 pos (610 batches x 65,536)[0m  [36mtotal=3,837,788,160 pos[0m  [1;36mtrain_time=1377.2s[0m  [1;32mpos/s=2,786,578[0m
  [2mcuda-cpp SFNN[0m [1;33mvalidation overhead[0m: [35mreadback=0.235s[0m  [33mvalidation=0.862s[0m  [2msave=skipped[0m  [1;32mtotal=1.097s[0m
  [2mcuda-cpp SFNN[0m [33mvalidation[0m: epoch=1, superbatch=96, [35mtest_value_accuracy=0.6927000[0m, [35mtest_value_loss=0.07902645[0m, [1;36melapsed=0.862s[0m
  [2mcuda-cpp SFNN[0m [1;36m[progress][0m  [1;36mepoch 1[0m  [1;33msb 97/108[0m  [33mthis-sb=39,976,960 pos (610 batches x 65,536)[0m  [36mtotal=3,877,765,120 pos[0m  [1;36mtrain_time=1391.6s[0m  [1;32mpos/s=2,786,589[0m
  [2mcuda-cpp SFNN[0m [1;36m[progress][0m  [1;36mepoch 1[0m  [1;33msb 98/108[0m  [33mthis-sb=39,976,960 pos (610 batches x 65,536)[0m  [36mtotal=3,917,742,080 pos[0m  [1;36mtrain_time=1405.9s[0m  [1;32mpos/s=2,786,621[0m
  [2mcuda-cpp SFNN[0m [1;36m[progress][0m  [1;36mepoch 1[0m  [1;33msb 99/108[0m  [33mthis-sb=39,976,960 pos (610 batches x 65,536)[0m  [36mtotal=3,957,719,040 pos[0m  [1;36mtrain_time=1420.2s[0m  [1;32mpos/s=2,786,649[0m
  cuda-cpp HalfKA2 validation forward = gpu: positions=300000, batch_size=8192, elapsed=0.593s
  test: accuracy=69.2710% (207813/300000 decisive; draws=0 excluded; mate=0 filtered), loss=0.078713 (n=300000)
  [2mcuda-cpp HalfKA2[0m [1;33mvalidation detail[0m: positions=300,000, batch_size=8,192, load/cache=0.000s, weight_fold=0.197s, context=0.000s, weight_upload=0.040s, batches=0.593s, metrics=0.005s, total=0.835s
  [2mcuda-cpp SFNN[0m [1;36m[progress][0m  [1;36mepoch 1[0m  [1;33msb 100/108[0m  [33mthis-sb=39,976,960 pos (610 batches x 65,536)[0m  [36mtotal=3,997,696,000 pos[0m  [1;36mtrain_time=1434.6s[0m  [1;32mpos/s=2,786,700[0m
  [2mcuda-cpp SFNN[0m [1;33mvalidation overhead[0m: [35mreadback=0.232s[0m  [33mvalidation=0.859s[0m  [2msave=skipped[0m  [1;32mtotal=1.091s[0m
  [2mcuda-cpp SFNN[0m [33mvalidation[0m: epoch=1, superbatch=100, [35mtest_value_accuracy=0.6927100[0m, [35mtest_value_loss=0.07871327[0m, [1;36melapsed=0.859s[0m
  [2mcuda-cpp SFNN[0m [1;36m[progress][0m  [1;36mepoch 1[0m  [1;33msb 101/108[0m  [33mthis-sb=39,976,960 pos (610 batches x 65,536)[0m  [36mtotal=4,037,672,960 pos[0m  [1;36mtrain_time=1448.9s[0m  [1;32mpos/s=2,786,715[0m
  [2mcuda-cpp SFNN[0m [1;36m[progress][0m  [1;36mepoch 1[0m  [1;33msb 102/108[0m  [33mthis-sb=39,976,960 pos (610 batches x 65,536)[0m  [36mtotal=4,077,649,920 pos[0m  [1;36mtrain_time=1463.2s[0m  [1;32mpos/s=2,786,754[0m
  [2mcuda-cpp SFNN[0m [1;36m[progress][0m  [1;36mepoch 1[0m  [1;33msb 103/108[0m  [33mthis-sb=39,976,960 pos (610 batches x 65,536)[0m  [36mtotal=4,117,626,880 pos[0m  [1;36mtrain_time=1477.5s[0m  [1;32mpos/s=2,786,822[0m
  cuda-cpp HalfKA2 validation forward = gpu: positions=300000, batch_size=8192, elapsed=0.593s
  test: accuracy=69.2943% (207883/300000 decisive; draws=0 excluded; mate=0 filtered), loss=0.078812 (n=300000)
  [2mcuda-cpp HalfKA2[0m [1;33mvalidation detail[0m: positions=300,000, batch_size=8,192, load/cache=0.000s, weight_fold=0.198s, context=0.000s, weight_upload=0.041s, batches=0.593s, metrics=0.005s, total=0.837s
  [2mcuda-cpp SFNN[0m [1;36m[progress][0m  [1;36mepoch 1[0m  [1;33msb 104/108[0m  [33mthis-sb=39,976,960 pos (610 batches x 65,536)[0m  [36mtotal=4,157,603,840 pos[0m  [1;36mtrain_time=1491.9s[0m  [1;32mpos/s=2,786,850[0m
  [2mcuda-cpp SFNN[0m [1;33mvalidation overhead[0m: [35mreadback=0.233s[0m  [33mvalidation=0.861s[0m  [2msave=skipped[0m  [1;32mtotal=1.094s[0m
  [2mcuda-cpp SFNN[0m [33mvalidation[0m: epoch=1, superbatch=104, [35mtest_value_accuracy=0.6929433[0m, [35mtest_value_loss=0.07881195[0m, [1;36melapsed=0.861s[0m
  [2mcuda-cpp SFNN[0m [1;36m[progress][0m  [1;36mepoch 1[0m  [1;33msb 105/108[0m  [33mthis-sb=39,976,960 pos (610 batches x 65,536)[0m  [36mtotal=4,197,580,800 pos[0m  [1;36mtrain_time=1506.2s[0m  [1;32mpos/s=2,786,847[0m
  [2mcuda-cpp SFNN[0m [1;36m[progress][0m  [1;36mepoch 1[0m  [1;33msb 106/108[0m  [33mthis-sb=39,976,960 pos (610 batches x 65,536)[0m  [36mtotal=4,237,557,760 pos[0m  [1;36mtrain_time=1520.5s[0m  [1;32mpos/s=2,786,893[0m
  [2mcuda-cpp SFNN[0m [1;36m[progress][0m  [1;36mepoch 1[0m  [1;33msb 107/108[0m  [33mthis-sb=39,976,960 pos (610 batches x 65,536)[0m  [36mtotal=4,277,534,720 pos[0m  [1;36mtrain_time=1534.9s[0m  [1;32mpos/s=2,786,933[0m
  cuda-cpp HalfKA2 validation forward = gpu: positions=300000, batch_size=8192, elapsed=0.592s
  test: accuracy=69.2920% (207876/300000 decisive; draws=0 excluded; mate=0 filtered), loss=0.078749 (n=300000)
  [2mcuda-cpp HalfKA2[0m [1;33mvalidation detail[0m: positions=300,000, batch_size=8,192, load/cache=0.000s, weight_fold=0.198s, context=0.000s, weight_upload=0.039s, batches=0.592s, metrics=0.005s, total=0.834s
  [2mcuda-cpp SFNN[0m [1;32m[checkpoint][0m  [1;36mepoch 1[0m  [1;33msb 108/108[0m  [33mthis-sb=39,976,960 pos (610 batches x 65,536)[0m  [36mtotal=4,317,511,680 pos[0m  [1;36mtrain_time=1549.2s[0m  [1;32mpos/s=2,786,997[0m
  [2mcuda-cpp SFNN[0m [1;33mcheckpoint overhead[0m: [35mreadback=0.918s[0m  [33mvalidation=0.858s[0m  [36msave=4.773s (state.bin 2.04 GiB, 438 MiB/s)[0m  [1;32mtotal=6.548s[0m
  [2mcuda-cpp SFNN[0m [33mvalidation[0m: epoch=1, superbatch=108, [35mtest_value_accuracy=0.6929200[0m, [35mtest_value_loss=0.07874873[0m, [1;36melapsed=0.858s[0m
  [2mcuda-cpp SFNN[0m [1;36m[progress][0m  [1;36mepoch 2[0m  [1;33msb 1/108[0m  [33mthis-sb=39,976,960 pos (610 batches x 65,536)[0m  [36mtotal=4,357,488,640 pos[0m  [1;36mtrain_time=1563.5s[0m  [1;32mpos/s=2,786,959[0m
  [2mcuda-cpp SFNN[0m [1;36m[progress][0m  [1;36mepoch 2[0m  [1;33msb 2/108[0m  [33mthis-sb=39,976,960 pos (610 batches x 65,536)[0m  [36mtotal=4,397,465,600 pos[0m  [1;36mtrain_time=1577.8s[0m  [1;32mpos/s=2,787,126[0m
  [2mcuda-cpp SFNN[0m [1;36m[progress][0m  [1;36mepoch 2[0m  [1;33msb 3/108[0m  [33mthis-sb=39,976,960 pos (610 batches x 65,536)[0m  [36mtotal=4,437,442,560 pos[0m  [1;36mtrain_time=1592.1s[0m  [1;32mpos/s=2,787,241[0m
  cuda-cpp HalfKA2 validation forward = gpu: positions=300000, batch_size=8192, elapsed=0.594s
  test: accuracy=68.8700% (206610/300000 decisive; draws=0 excluded; mate=0 filtered), loss=0.079715 (n=300000)
  [2mcuda-cpp HalfKA2[0m [1;33mvalidation detail[0m: positions=300,000, batch_size=8,192, load/cache=0.000s, weight_fold=0.205s, context=0.000s, weight_upload=0.040s, batches=0.594s, metrics=0.005s, total=0.844s
  [2mcuda-cpp SFNN[0m [1;36m[progress][0m  [1;36mepoch 2[0m  [1;33msb 4/108[0m  [33mthis-sb=39,976,960 pos (610 batches x 65,536)[0m  [36mtotal=4,477,419,520 pos[0m  [1;36mtrain_time=1606.3s[0m  [1;32mpos/s=2,787,357[0m
  [2mcuda-cpp SFNN[0m [1;33mvalidation overhead[0m: [35mreadback=0.235s[0m  [33mvalidation=0.874s[0m  [2msave=skipped[0m  [1;32mtotal=1.109s[0m
  [2mcuda-cpp SFNN[0m [33mvalidation[0m: epoch=2, superbatch=4, [35mtest_value_accuracy=0.6887000[0m, [35mtest_value_loss=0.07971480[0m, [1;36melapsed=0.874s[0m
  [2mcuda-cpp SFNN[0m [1;36m[progress][0m  [1;36mepoch 2[0m  [1;33msb 5/108[0m  [33mthis-sb=39,976,960 pos (610 batches x 65,536)[0m  [36mtotal=4,517,396,480 pos[0m  [1;36mtrain_time=1620.6s[0m  [1;32mpos/s=2,787,398[0m
  [2mcuda-cpp SFNN[0m [1;36m[progress][0m  [1;36mepoch 2[0m  [1;33msb 6/108[0m  [33mthis-sb=39,976,960 pos (610 batches x 65,536)[0m  [36mtotal=4,557,373,440 pos[0m  [1;36mtrain_time=1634.9s[0m  [1;32mpos/s=2,787,523[0m
  [2mcuda-cpp SFNN[0m [1;36m[progress][0m  [1;36mepoch 2[0m  [1;33msb 7/108[0m  [33mthis-sb=39,976,960 pos (610 batches x 65,536)[0m  [36mtotal=4,597,350,400 pos[0m  [1;36mtrain_time=1649.2s[0m  [1;32mpos/s=2,787,613[0m
  cuda-cpp HalfKA2 validation forward = gpu: positions=300000, batch_size=8192, elapsed=0.591s
  test: accuracy=69.0167% (207050/300000 decisive; draws=0 excluded; mate=0 filtered), loss=0.080114 (n=300000)
  [2mcuda-cpp HalfKA2[0m [1;33mvalidation detail[0m: positions=300,000, batch_size=8,192, load/cache=0.000s, weight_fold=0.196s, context=0.000s, weight_upload=0.039s, batches=0.591s, metrics=0.005s, total=0.832s
  [2mcuda-cpp SFNN[0m [1;36m[progress][0m  [1;36mepoch 2[0m  [1;33msb 8/108[0m  [33mthis-sb=39,976,960 pos (610 batches x 65,536)[0m  [36mtotal=4,637,327,360 pos[0m  [1;36mtrain_time=1663.5s[0m  [1;32mpos/s=2,787,704[0m
  [2mcuda-cpp SFNN[0m [1;33mvalidation overhead[0m: [35mreadback=0.232s[0m  [33mvalidation=0.856s[0m  [2msave=skipped[0m  [1;32mtotal=1.088s[0m
  [2mcuda-cpp SFNN[0m [33mvalidation[0m: epoch=2, superbatch=8, [35mtest_value_accuracy=0.6901667[0m, [35mtest_value_loss=0.08011416[0m, [1;36melapsed=0.856s[0m
  [2mcuda-cpp SFNN[0m [1;36m[progress][0m  [1;36mepoch 2[0m  [1;33msb 9/108[0m  [33mthis-sb=39,976,960 pos (610 batches x 65,536)[0m  [36mtotal=4,677,304,320 pos[0m  [1;36mtrain_time=1677.8s[0m  [1;32mpos/s=2,787,772[0m
  [2mcuda-cpp SFNN[0m [1;36m[progress][0m  [1;36mepoch 2[0m  [1;33msb 10/108[0m  [33mthis-sb=39,976,960 pos (610 batches x 65,536)[0m  [36mtotal=4,717,281,280 pos[0m  [1;36mtrain_time=1692.1s[0m  [1;32mpos/s=2,787,843[0m
  [2mcuda-cpp SFNN[0m [1;36m[progress][0m  [1;36mepoch 2[0m  [1;33msb 11/108[0m  [33mthis-sb=39,976,960 pos (610 batches x 65,536)[0m  [36mtotal=4,757,258,240 pos[0m  [1;36mtrain_time=1706.4s[0m  [1;32mpos/s=2,787,944[0m
  cuda-cpp HalfKA2 validation forward = gpu: positions=300000, batch_size=8192, elapsed=0.596s
  test: accuracy=68.9860% (206958/300000 decisive; draws=0 excluded; mate=0 filtered), loss=0.079898 (n=300000)
  [2mcuda-cpp HalfKA2[0m [1;33mvalidation detail[0m: positions=300,000, batch_size=8,192, load/cache=0.000s, weight_fold=0.197s, context=0.000s, weight_upload=0.040s, batches=0.596s, metrics=0.005s, total=0.838s
  [2mcuda-cpp SFNN[0m [1;36m[progress][0m  [1;36mepoch 2[0m  [1;33msb 12/108[0m  [33mthis-sb=39,976,960 pos (610 batches x 65,536)[0m  [36mtotal=4,797,235,200 pos[0m  [1;36mtrain_time=1720.7s[0m  [1;32mpos/s=2,788,034[0m
  [2mcuda-cpp SFNN[0m [1;33mvalidation overhead[0m: [35mreadback=0.232s[0m  [33mvalidation=0.868s[0m  [2msave=skipped[0m  [1;32mtotal=1.101s[0m
  [2mcuda-cpp SFNN[0m [33mvalidation[0m: epoch=2, superbatch=12, [35mtest_value_accuracy=0.6898600[0m, [35mtest_value_loss=0.07989793[0m, [1;36melapsed=0.868s[0m
  [2mcuda-cpp SFNN[0m [1;36m[progress][0m  [1;36mepoch 2[0m  [1;33msb 13/108[0m  [33mthis-sb=39,976,960 pos (610 batches x 65,536)[0m  [36mtotal=4,837,212,160 pos[0m  [1;36mtrain_time=1734.9s[0m  [1;32mpos/s=2,788,113[0m
  [2mcuda-cpp SFNN[0m [1;36m[progress][0m  [1;36mepoch 2[0m  [1;33msb 14/108[0m  [33mthis-sb=39,976,960 pos (610 batches x 65,536)[0m  [36mtotal=4,877,189,120 pos[0m  [1;36mtrain_time=1749.2s[0m  [1;32mpos/s=2,788,216[0m
  [2mcuda-cpp SFNN[0m [1;36m[progress][0m  [1;36mepoch 2[0m  [1;33msb 15/108[0m  [33mthis-sb=39,976,960 pos (610 batches x 65,536)[0m  [36mtotal=4,917,166,080 pos[0m  [1;36mtrain_time=1763.5s[0m  [1;32mpos/s=2,788,317[0m
  cuda-cpp HalfKA2 validation forward = gpu: positions=300000, batch_size=8192, elapsed=0.616s
  test: accuracy=69.2377% (207713/300000 decisive; draws=0 excluded; mate=0 filtered), loss=0.079411 (n=300000)
  [2mcuda-cpp HalfKA2[0m [1;33mvalidation detail[0m: positions=300,000, batch_size=8,192, load/cache=0.000s, weight_fold=0.197s, context=0.000s, weight_upload=0.040s, batches=0.616s, metrics=0.005s, total=0.858s
  [2mcuda-cpp SFNN[0m [1;36m[progress][0m  [1;36mepoch 2[0m  [1;33msb 16/108[0m  [33mthis-sb=39,976,960 pos (610 batches x 65,536)[0m  [36mtotal=4,957,143,040 pos[0m  [1;36mtrain_time=1777.8s[0m  [1;32mpos/s=2,788,381[0m
  [2mcuda-cpp SFNN[0m [1;33mvalidation overhead[0m: [35mreadback=0.236s[0m  [33mvalidation=0.884s[0m  [2msave=skipped[0m  [1;32mtotal=1.120s[0m
  [2mcuda-cpp SFNN[0m [33mvalidation[0m: epoch=2, superbatch=16, [35mtest_value_accuracy=0.6923767[0m, [35mtest_value_loss=0.07941050[0m, [1;36melapsed=0.884s[0m
  [2mcuda-cpp SFNN[0m [1;36m[progress][0m  [1;36mepoch 2[0m  [1;33msb 17/108[0m  [33mthis-sb=39,976,960 pos (610 batches x 65,536)[0m  [36mtotal=4,997,120,000 pos[0m  [1;36mtrain_time=1792.1s[0m  [1;32mpos/s=2,788,375[0m
  [2mcuda-cpp SFNN[0m [1;36m[progress][0m  [1;36mepoch 2[0m  [1;33msb 18/108[0m  [33mthis-sb=39,976,960 pos (610 batches x 65,536)[0m  [36mtotal=5,037,096,960 pos[0m  [1;36mtrain_time=1806.4s[0m  [1;32mpos/s=2,788,521[0m
  [2mcuda-cpp SFNN[0m [1;36m[progress][0m  [1;36mepoch 2[0m  [1;33msb 19/108[0m  [33mthis-sb=39,976,960 pos (610 batches x 65,536)[0m  [36mtotal=5,077,073,920 pos[0m  [1;36mtrain_time=1820.7s[0m  [1;32mpos/s=2,788,454[0m
  cuda-cpp HalfKA2 validation forward = gpu: positions=300000, batch_size=8192, elapsed=0.592s
  test: accuracy=69.3023% (207907/300000 decisive; draws=0 excluded; mate=0 filtered), loss=0.078852 (n=300000)
  [2mcuda-cpp HalfKA2[0m [1;33mvalidation detail[0m: positions=300,000, batch_size=8,192, load/cache=0.000s, weight_fold=0.196s, context=0.000s, weight_upload=0.040s, batches=0.592s, metrics=0.005s, total=0.834s
  [2mcuda-cpp SFNN[0m [1;36m[progress][0m  [1;36mepoch 2[0m  [1;33msb 20/108[0m  [33mthis-sb=39,976,960 pos (610 batches x 65,536)[0m  [36mtotal=5,117,050,880 pos[0m  [1;36mtrain_time=1835.0s[0m  [1;32mpos/s=2,788,586[0m
  [2mcuda-cpp SFNN[0m [1;33mvalidation overhead[0m: [35mreadback=0.230s[0m  [33mvalidation=0.858s[0m  [2msave=skipped[0m  [1;32mtotal=1.088s[0m
  [2mcuda-cpp SFNN[0m [33mvalidation[0m: epoch=2, superbatch=20, [35mtest_value_accuracy=0.6930233[0m, [35mtest_value_loss=0.07885211[0m, [1;36melapsed=0.858s[0m
  [2mcuda-cpp SFNN[0m [1;36m[progress][0m  [1;36mepoch 2[0m  [1;33msb 21/108[0m  [33mthis-sb=39,976,960 pos (610 batches x 65,536)[0m  [36mtotal=5,157,027,840 pos[0m  [1;36mtrain_time=1849.2s[0m  [1;32mpos/s=2,788,724[0m
  [2mcuda-cpp SFNN[0m [1;36m[progress][0m  [1;36mepoch 2[0m  [1;33msb 22/108[0m  [33mthis-sb=39,976,960 pos (610 batches x 65,536)[0m  [36mtotal=5,197,004,800 pos[0m  [1;36mtrain_time=1863.5s[0m  [1;32mpos/s=2,788,885[0m
  [2mcuda-cpp SFNN[0m [1;36m[progress][0m  [1;36mepoch 2[0m  [1;33msb 23/108[0m  [33mthis-sb=39,976,960 pos (610 batches x 65,536)[0m  [36mtotal=5,236,981,760 pos[0m  [1;36mtrain_time=1877.7s[0m  [1;32mpos/s=2,789,039[0m
  cuda-cpp HalfKA2 validation forward = gpu: positions=300000, batch_size=8192, elapsed=0.592s
  test: accuracy=69.2017% (207605/300000 decisive; draws=0 excluded; mate=0 filtered), loss=0.078957 (n=300000)
  [2mcuda-cpp HalfKA2[0m [1;33mvalidation detail[0m: positions=300,000, batch_size=8,192, load/cache=0.000s, weight_fold=0.195s, context=0.000s, weight_upload=0.045s, batches=0.592s, metrics=0.005s, total=0.837s
  [2mcuda-cpp SFNN[0m [1;36m[progress][0m  [1;36mepoch 2[0m  [1;33msb 24/108[0m  [33mthis-sb=39,976,960 pos (610 batches x 65,536)[0m  [36mtotal=5,276,958,720 pos[0m  [1;36mtrain_time=1891.9s[0m  [1;32mpos/s=2,789,189[0m
  [2mcuda-cpp SFNN[0m [1;33mvalidation overhead[0m: [35mreadback=0.229s[0m  [33mvalidation=0.867s[0m  [2msave=skipped[0m  [1;32mtotal=1.096s[0m
  [2mcuda-cpp SFNN[0m [33mvalidation[0m: epoch=2, superbatch=24, [35mtest_value_accuracy=0.6920167[0m, [35mtest_value_loss=0.07895670[0m, [1;36melapsed=0.867s[0m
  [2mcuda-cpp SFNN[0m [1;36m[progress][0m  [1;36mepoch 2[0m  [1;33msb 25/108[0m  [33mthis-sb=39,976,960 pos (610 batches x 65,536)[0m  [36mtotal=5,316,935,680 pos[0m  [1;36mtrain_time=1906.2s[0m  [1;32mpos/s=2,789,316[0m
  [2mcuda-cpp SFNN[0m [1;36m[progress][0m  [1;36mepoch 2[0m  [1;33msb 26/108[0m  [33mthis-sb=39,976,960 pos (610 batches x 65,536)[0m  [36mtotal=5,356,912,640 pos[0m  [1;36mtrain_time=1920.4s[0m  [1;32mpos/s=2,789,470[0m
  [2mcuda-cpp SFNN[0m [1;36m[progress][0m  [1;36mepoch 2[0m  [1;33msb 27/108[0m  [33mthis-sb=39,976,960 pos (610 batches x 65,536)[0m  [36mtotal=5,396,889,600 pos[0m  [1;36mtrain_time=1934.6s[0m  [1;32mpos/s=2,789,609[0m
  cuda-cpp HalfKA2 validation forward = gpu: positions=300000, batch_size=8192, elapsed=0.592s
  test: accuracy=69.2840% (207852/300000 decisive; draws=0 excluded; mate=0 filtered), loss=0.078863 (n=300000)
  [2mcuda-cpp HalfKA2[0m [1;33mvalidation detail[0m: positions=300,000, batch_size=8,192, load/cache=0.000s, weight_fold=0.198s, context=0.000s, weight_upload=0.040s, batches=0.592s, metrics=0.005s, total=0.834s
  [2mcuda-cpp SFNN[0m [1;36m[progress][0m  [1;36mepoch 2[0m  [1;33msb 28/108[0m  [33mthis-sb=39,976,960 pos (610 batches x 65,536)[0m  [36mtotal=5,436,866,560 pos[0m  [1;36mtrain_time=1948.9s[0m  [1;32mpos/s=2,789,715[0m
  [2mcuda-cpp SFNN[0m [1;33mvalidation overhead[0m: [35mreadback=0.231s[0m  [33mvalidation=0.858s[0m  [2msave=skipped[0m  [1;32mtotal=1.089s[0m
  [2mcuda-cpp SFNN[0m [33mvalidation[0m: epoch=2, superbatch=28, [35mtest_value_accuracy=0.6928400[0m, [35mtest_value_loss=0.07886298[0m, [1;36melapsed=0.858s[0m
  [2mcuda-cpp SFNN[0m [1;36m[progress][0m  [1;36mepoch 2[0m  [1;33msb 29/108[0m  [33mthis-sb=39,976,960 pos (610 batches x 65,536)[0m  [36mtotal=5,476,843,520 pos[0m  [1;36mtrain_time=1963.2s[0m  [1;32mpos/s=2,789,796[0m
  [2mcuda-cpp SFNN[0m [1;36m[progress][0m  [1;36mepoch 2[0m  [1;33msb 30/108[0m  [33mthis-sb=39,976,960 pos (610 batches x 65,536)[0m  [36mtotal=5,516,820,480 pos[0m  [1;36mtrain_time=1977.4s[0m  [1;32mpos/s=2,789,932[0m
  [2mcuda-cpp SFNN[0m [1;36m[progress][0m  [1;36mepoch 2[0m  [1;33msb 31/108[0m  [33mthis-sb=39,976,960 pos (610 batches x 65,536)[0m  [36mtotal=5,556,797,440 pos[0m  [1;36mtrain_time=1991.6s[0m  [1;32mpos/s=2,790,055[0m
  cuda-cpp HalfKA2 validation forward = gpu: positions=300000, batch_size=8192, elapsed=0.593s
  test: accuracy=69.3967% (208190/300000 decisive; draws=0 excluded; mate=0 filtered), loss=0.078453 (n=300000)
  [2mcuda-cpp HalfKA2[0m [1;33mvalidation detail[0m: positions=300,000, batch_size=8,192, load/cache=0.000s, weight_fold=0.198s, context=0.000s, weight_upload=0.040s, batches=0.593s, metrics=0.005s, total=0.836s
  [2mcuda-cpp SFNN[0m [1;36m[progress][0m  [1;36mepoch 2[0m  [1;33msb 32/108[0m  [33mthis-sb=39,976,960 pos (610 batches x 65,536)[0m  [36mtotal=5,596,774,400 pos[0m  [1;36mtrain_time=2005.9s[0m  [1;32mpos/s=2,790,192[0m
  [2mcuda-cpp SFNN[0m [1;33mvalidation overhead[0m: [35mreadback=0.229s[0m  [33mvalidation=0.859s[0m  [2msave=skipped[0m  [1;32mtotal=1.088s[0m
  [2mcuda-cpp SFNN[0m [33mvalidation[0m: epoch=2, superbatch=32, [35mtest_value_accuracy=0.6939667[0m, [35mtest_value_loss=0.07845265[0m, [1;36melapsed=0.859s[0m
  [2mcuda-cpp SFNN[0m [1;36m[progress][0m  [1;36mepoch 2[0m  [1;33msb 33/108[0m  [33mthis-sb=39,976,960 pos (610 batches x 65,536)[0m  [36mtotal=5,636,751,360 pos[0m  [1;36mtrain_time=2020.1s[0m  [1;32mpos/s=2,790,302[0m
  [2mcuda-cpp SFNN[0m [1;36m[progress][0m  [1;36mepoch 2[0m  [1;33msb 34/108[0m  [33mthis-sb=39,976,960 pos (610 batches x 65,536)[0m  [36mtotal=5,676,728,320 pos[0m  [1;36mtrain_time=2034.4s[0m  [1;32mpos/s=2,790,407[0m
  [2mcuda-cpp SFNN[0m [1;36m[progress][0m  [1;36mepoch 2[0m  [1;33msb 35/108[0m  [33mthis-sb=39,976,960 pos (610 batches x 65,536)[0m  [36mtotal=5,716,705,280 pos[0m  [1;36mtrain_time=2048.6s[0m  [1;32mpos/s=2,790,510[0m
  cuda-cpp HalfKA2 validation forward = gpu: positions=300000, batch_size=8192, elapsed=0.593s
  test: accuracy=69.4337% (208301/300000 decisive; draws=0 excluded; mate=0 filtered), loss=0.078622 (n=300000)
  [2mcuda-cpp HalfKA2[0m [1;33mvalidation detail[0m: positions=300,000, batch_size=8,192, load/cache=0.000s, weight_fold=0.195s, context=0.000s, weight_upload=0.040s, batches=0.593s, metrics=0.005s, total=0.833s
  [2mcuda-cpp SFNN[0m [1;36m[progress][0m  [1;36mepoch 2[0m  [1;33msb 36/108[0m  [33mthis-sb=39,976,960 pos (610 batches x 65,536)[0m  [36mtotal=5,756,682,240 pos[0m  [1;36mtrain_time=2062.9s[0m  [1;32mpos/s=2,790,603[0m
  [2mcuda-cpp SFNN[0m [1;33mvalidation overhead[0m: [35mreadback=0.229s[0m  [33mvalidation=0.856s[0m  [2msave=skipped[0m  [1;32mtotal=1.085s[0m
  [2mcuda-cpp SFNN[0m [33mvalidation[0m: epoch=2, superbatch=36, [35mtest_value_accuracy=0.6943367[0m, [35mtest_value_loss=0.07862177[0m, [1;36melapsed=0.856s[0m
  [2mcuda-cpp SFNN[0m [1;36m[progress][0m  [1;36mepoch 2[0m  [1;33msb 37/108[0m  [33mthis-sb=39,976,960 pos (610 batches x 65,536)[0m  [36mtotal=5,796,659,200 pos[0m  [1;36mtrain_time=2077.1s[0m  [1;32mpos/s=2,790,704[0m
  [2mcuda-cpp SFNN[0m [1;36m[progress][0m  [1;36mepoch 2[0m  [1;33msb 38/108[0m  [33mthis-sb=39,976,960 pos (610 batches x 65,536)[0m  [36mtotal=5,836,636,160 pos[0m  [1;36mtrain_time=2091.4s[0m  [1;32mpos/s=2,790,817[0m
  [2mcuda-cpp SFNN[0m [1;36m[progress][0m  [1;36mepoch 2[0m  [1;33msb 39/108[0m  [33mthis-sb=39,976,960 pos (610 batches x 65,536)[0m  [36mtotal=5,876,613,120 pos[0m  [1;36mtrain_time=2105.6s[0m  [1;32mpos/s=2,790,913[0m
  cuda-cpp HalfKA2 validation forward = gpu: positions=300000, batch_size=8192, elapsed=0.592s
  test: accuracy=69.4270% (208281/300000 decisive; draws=0 excluded; mate=0 filtered), loss=0.078602 (n=300000)
  [2mcuda-cpp HalfKA2[0m [1;33mvalidation detail[0m: positions=300,000, batch_size=8,192, load/cache=0.000s, weight_fold=0.194s, context=0.000s, weight_upload=0.039s, batches=0.592s, metrics=0.005s, total=0.830s
  [2mcuda-cpp SFNN[0m [1;36m[progress][0m  [1;36mepoch 2[0m  [1;33msb 40/108[0m  [33mthis-sb=39,976,960 pos (610 batches x 65,536)[0m  [36mtotal=5,916,590,080 pos[0m  [1;36mtrain_time=2119.9s[0m  [1;32mpos/s=2,790,999[0m
  [2mcuda-cpp SFNN[0m [1;33mvalidation overhead[0m: [35mreadback=0.228s[0m  [33mvalidation=0.853s[0m  [2msave=skipped[0m  [1;32mtotal=1.081s[0m
  [2mcuda-cpp SFNN[0m [33mvalidation[0m: epoch=2, superbatch=40, [35mtest_value_accuracy=0.6942700[0m, [35mtest_value_loss=0.07860153[0m, [1;36melapsed=0.853s[0m
  [2mcuda-cpp SFNN[0m [1;36m[progress][0m  [1;36mepoch 2[0m  [1;33msb 41/108[0m  [33mthis-sb=39,976,960 pos (610 batches x 65,536)[0m  [36mtotal=5,956,567,040 pos[0m  [1;36mtrain_time=2134.1s[0m  [1;32mpos/s=2,791,087[0m
  [2mcuda-cpp SFNN[0m [1;36m[progress][0m  [1;36mepoch 2[0m  [1;33msb 42/108[0m  [33mthis-sb=39,976,960 pos (610 batches x 65,536)[0m  [36mtotal=5,996,544,000 pos[0m  [1;36mtrain_time=2148.4s[0m  [1;32mpos/s=2,791,190[0m
  [2mcuda-cpp SFNN[0m [1;36m[progress][0m  [1;36mepoch 2[0m  [1;33msb 43/108[0m  [33mthis-sb=39,976,960 pos (610 batches x 65,536)[0m  [36mtotal=6,036,520,960 pos[0m  [1;36mtrain_time=2162.6s[0m  [1;32mpos/s=2,791,295[0m
  cuda-cpp HalfKA2 validation forward = gpu: positions=300000, batch_size=8192, elapsed=0.593s
  test: accuracy=69.4300% (208290/300000 decisive; draws=0 excluded; mate=0 filtered), loss=0.078365 (n=300000)
  [2mcuda-cpp HalfKA2[0m [1;33mvalidation detail[0m: positions=300,000, batch_size=8,192, load/cache=0.000s, weight_fold=0.197s, context=0.000s, weight_upload=0.040s, batches=0.593s, metrics=0.005s, total=0.835s
  [2mcuda-cpp SFNN[0m [1;36m[progress][0m  [1;36mepoch 2[0m  [1;33msb 44/108[0m  [33mthis-sb=39,976,960 pos (610 batches x 65,536)[0m  [36mtotal=6,076,497,920 pos[0m  [1;36mtrain_time=2176.9s[0m  [1;32mpos/s=2,791,394[0m
  [2mcuda-cpp SFNN[0m [1;33mvalidation overhead[0m: [35mreadback=0.228s[0m  [33mvalidation=0.857s[0m  [2msave=skipped[0m  [1;32mtotal=1.085s[0m
  [2mcuda-cpp SFNN[0m [33mvalidation[0m: epoch=2, superbatch=44, [35mtest_value_accuracy=0.6943000[0m, [35mtest_value_loss=0.07836461[0m, [1;36melapsed=0.857s[0m
  [2mcuda-cpp SFNN[0m [1;36m[progress][0m  [1;36mepoch 2[0m  [1;33msb 45/108[0m  [33mthis-sb=39,976,960 pos (610 batches x 65,536)[0m  [36mtotal=6,116,474,880 pos[0m  [1;36mtrain_time=2191.1s[0m  [1;32mpos/s=2,791,482[0m
  [2mcuda-cpp SFNN[0m [1;36m[progress][0m  [1;36mepoch 2[0m  [1;33msb 46/108[0m  [33mthis-sb=39,976,960 pos (610 batches x 65,536)[0m  [36mtotal=6,156,451,840 pos[0m  [1;36mtrain_time=2205.4s[0m  [1;32mpos/s=2,791,579[0m
  [2mcuda-cpp SFNN[0m [1;36m[progress][0m  [1;36mepoch 2[0m  [1;33msb 47/108[0m  [33mthis-sb=39,976,960 pos (610 batches x 65,536)[0m  [36mtotal=6,196,428,800 pos[0m  [1;36mtrain_time=2219.6s[0m  [1;32mpos/s=2,791,626[0m
  cuda-cpp HalfKA2 validation forward = gpu: positions=300000, batch_size=8192, elapsed=0.592s
  test: accuracy=69.5067% (208520/300000 decisive; draws=0 excluded; mate=0 filtered), loss=0.078064 (n=300000)
  [2mcuda-cpp HalfKA2[0m [1;33mvalidation detail[0m: positions=300,000, batch_size=8,192, load/cache=0.000s, weight_fold=0.196s, context=0.000s, weight_upload=0.041s, batches=0.592s, metrics=0.005s, total=0.834s
  [2mcuda-cpp SFNN[0m [1;36m[progress][0m  [1;36mepoch 2[0m  [1;33msb 48/108[0m  [33mthis-sb=39,976,960 pos (610 batches x 65,536)[0m  [36mtotal=6,236,405,760 pos[0m  [1;36mtrain_time=2233.9s[0m  [1;32mpos/s=2,791,709[0m
  [2mcuda-cpp SFNN[0m [1;33mvalidation overhead[0m: [35mreadback=0.229s[0m  [33mvalidation=0.857s[0m  [2msave=skipped[0m  [1;32mtotal=1.085s[0m
  [2mcuda-cpp SFNN[0m [33mvalidation[0m: epoch=2, superbatch=48, [35mtest_value_accuracy=0.6950667[0m, [35mtest_value_loss=0.07806417[0m, [1;36melapsed=0.857s[0m
  [2mcuda-cpp SFNN[0m [1;36m[progress][0m  [1;36mepoch 2[0m  [1;33msb 49/108[0m  [33mthis-sb=39,976,960 pos (610 batches x 65,536)[0m  [36mtotal=6,276,382,720 pos[0m  [1;36mtrain_time=2248.2s[0m  [1;32mpos/s=2,791,774[0m
  [2mcuda-cpp SFNN[0m [1;36m[progress][0m  [1;36mepoch 2[0m  [1;33msb 50/108[0m  [33mthis-sb=39,976,960 pos (610 batches x 65,536)[0m  [36mtotal=6,316,359,680 pos[0m  [1;36mtrain_time=2262.4s[0m  [1;32mpos/s=2,791,874[0m
  [2mcuda-cpp SFNN[0m [1;36m[progress][0m  [1;36mepoch 2[0m  [1;33msb 51/108[0m  [33mthis-sb=39,976,960 pos (610 batches x 65,536)[0m  [36mtotal=6,356,336,640 pos[0m  [1;36mtrain_time=2276.7s[0m  [1;32mpos/s=2,791,957[0m
  cuda-cpp HalfKA2 validation forward = gpu: positions=300000, batch_size=8192, elapsed=0.595s
  test: accuracy=69.4843% (208453/300000 decisive; draws=0 excluded; mate=0 filtered), loss=0.078497 (n=300000)
  [2mcuda-cpp HalfKA2[0m [1;33mvalidation detail[0m: positions=300,000, batch_size=8,192, load/cache=0.000s, weight_fold=0.195s, context=0.001s, weight_upload=0.040s, batches=0.595s, metrics=0.005s, total=0.834s
  [2mcuda-cpp SFNN[0m [1;36m[progress][0m  [1;36mepoch 2[0m  [1;33msb 52/108[0m  [33mthis-sb=39,976,960 pos (610 batches x 65,536)[0m  [36mtotal=6,396,313,600 pos[0m  [1;36mtrain_time=2290.9s[0m  [1;32mpos/s=2,792,026[0m
  [2mcuda-cpp SFNN[0m [1;33mvalidation overhead[0m: [35mreadback=0.228s[0m  [33mvalidation=0.862s[0m  [2msave=skipped[0m  [1;32mtotal=1.090s[0m
  [2mcuda-cpp SFNN[0m [33mvalidation[0m: epoch=2, superbatch=52, [35mtest_value_accuracy=0.6948434[0m, [35mtest_value_loss=0.07849738[0m, [1;36melapsed=0.862s[0m
  [2mcuda-cpp SFNN[0m [1;36m[progress][0m  [1;36mepoch 2[0m  [1;33msb 53/108[0m  [33mthis-sb=39,976,960 pos (610 batches x 65,536)[0m  [36mtotal=6,436,290,560 pos[0m  [1;36mtrain_time=2305.2s[0m  [1;32mpos/s=2,792,092[0m
  [2mcuda-cpp SFNN[0m [1;36m[progress][0m  [1;36mepoch 2[0m  [1;33msb 54/108[0m  [33mthis-sb=39,976,960 pos (610 batches x 65,536)[0m  [36mtotal=6,476,267,520 pos[0m  [1;36mtrain_time=2319.4s[0m  [1;32mpos/s=2,792,170[0m
  [2mcuda-cpp SFNN[0m [1;36m[progress][0m  [1;36mepoch 2[0m  [1;33msb 55/108[0m  [33mthis-sb=39,976,960 pos (610 batches x 65,536)[0m  [36mtotal=6,516,244,480 pos[0m  [1;36mtrain_time=2333.7s[0m  [1;32mpos/s=2,792,240[0m
  cuda-cpp HalfKA2 validation forward = gpu: positions=300000, batch_size=8192, elapsed=0.591s
  test: accuracy=69.5617% (208685/300000 decisive; draws=0 excluded; mate=0 filtered), loss=0.078245 (n=300000)
  [2mcuda-cpp HalfKA2[0m [1;33mvalidation detail[0m: positions=300,000, batch_size=8,192, load/cache=0.000s, weight_fold=0.196s, context=0.000s, weight_upload=0.040s, batches=0.591s, metrics=0.005s, total=0.832s
  [2mcuda-cpp SFNN[0m [1;36m[progress][0m  [1;36mepoch 2[0m  [1;33msb 56/108[0m  [33mthis-sb=39,976,960 pos (610 batches x 65,536)[0m  [36mtotal=6,556,221,440 pos[0m  [1;36mtrain_time=2348.0s[0m  [1;32mpos/s=2,792,313[0m
  [2mcuda-cpp SFNN[0m [1;33mvalidation overhead[0m: [35mreadback=0.228s[0m  [33mvalidation=0.855s[0m  [2msave=skipped[0m  [1;32mtotal=1.083s[0m
  [2mcuda-cpp SFNN[0m [33mvalidation[0m: epoch=2, superbatch=56, [35mtest_value_accuracy=0.6956167[0m, [35mtest_value_loss=0.07824469[0m, [1;36melapsed=0.855s[0m
  [2mcuda-cpp SFNN[0m [1;36m[progress][0m  [1;36mepoch 2[0m  [1;33msb 57/108[0m  [33mthis-sb=39,976,960 pos (610 batches x 65,536)[0m  [36mtotal=6,596,198,400 pos[0m  [1;36mtrain_time=2362.2s[0m  [1;32mpos/s=2,792,356[0m
  [2mcuda-cpp SFNN[0m [1;36m[progress][0m  [1;36mepoch 2[0m  [1;33msb 58/108[0m  [33mthis-sb=39,976,960 pos (610 batches x 65,536)[0m  [36mtotal=6,636,175,360 pos[0m  [1;36mtrain_time=2376.5s[0m  [1;32mpos/s=2,792,422[0m
  [2mcuda-cpp SFNN[0m [1;36m[progress][0m  [1;36mepoch 2[0m  [1;33msb 59/108[0m  [33mthis-sb=39,976,960 pos (610 batches x 65,536)[0m  [36mtotal=6,676,152,320 pos[0m  [1;36mtrain_time=2390.8s[0m  [1;32mpos/s=2,792,462[0m
  cuda-cpp HalfKA2 validation forward = gpu: positions=300000, batch_size=8192, elapsed=0.593s
  test: accuracy=69.5663% (208699/300000 decisive; draws=0 excluded; mate=0 filtered), loss=0.077858 (n=300000)
  [2mcuda-cpp HalfKA2[0m [1;33mvalidation detail[0m: positions=300,000, batch_size=8,192, load/cache=0.000s, weight_fold=0.197s, context=0.000s, weight_upload=0.041s, batches=0.593s, metrics=0.005s, total=0.835s
  [2mcuda-cpp SFNN[0m [1;36m[progress][0m  [1;36mepoch 2[0m  [1;33msb 60/108[0m  [33mthis-sb=39,976,960 pos (610 batches x 65,536)[0m  [36mtotal=6,716,129,280 pos[0m  [1;36mtrain_time=2405.0s[0m  [1;32mpos/s=2,792,544[0m
  [2mcuda-cpp SFNN[0m [1;33mvalidation overhead[0m: [35mreadback=0.234s[0m  [33mvalidation=0.858s[0m  [2msave=skipped[0m  [1;32mtotal=1.093s[0m
  [2mcuda-cpp SFNN[0m [33mvalidation[0m: epoch=2, superbatch=60, [35mtest_value_accuracy=0.6956633[0m, [35mtest_value_loss=0.07785762[0m, [1;36melapsed=0.858s[0m
  [2mcuda-cpp SFNN[0m [1;36m[progress][0m  [1;36mepoch 2[0m  [1;33msb 61/108[0m  [33mthis-sb=39,976,960 pos (610 batches x 65,536)[0m  [36mtotal=6,756,106,240 pos[0m  [1;36mtrain_time=2419.3s[0m  [1;32mpos/s=2,792,589[0m
  [2mcuda-cpp SFNN[0m [1;36m[progress][0m  [1;36mepoch 2[0m  [1;33msb 62/108[0m  [33mthis-sb=39,976,960 pos (610 batches x 65,536)[0m  [36mtotal=6,796,083,200 pos[0m  [1;36mtrain_time=2433.6s[0m  [1;32mpos/s=2,792,655[0m
  [2mcuda-cpp SFNN[0m [1;36m[progress][0m  [1;36mepoch 2[0m  [1;33msb 63/108[0m  [33mthis-sb=39,976,960 pos (610 batches x 65,536)[0m  [36mtotal=6,836,060,160 pos[0m  [1;36mtrain_time=2447.8s[0m  [1;32mpos/s=2,792,743[0m
  cuda-cpp HalfKA2 validation forward = gpu: positions=300000, batch_size=8192, elapsed=0.591s
  test: accuracy=69.6193% (208858/300000 decisive; draws=0 excluded; mate=0 filtered), loss=0.077801 (n=300000)
  [2mcuda-cpp HalfKA2[0m [1;33mvalidation detail[0m: positions=300,000, batch_size=8,192, load/cache=0.000s, weight_fold=0.196s, context=0.000s, weight_upload=0.039s, batches=0.591s, metrics=0.005s, total=0.830s
  [2mcuda-cpp SFNN[0m [1;36m[progress][0m  [1;36mepoch 2[0m  [1;33msb 64/108[0m  [33mthis-sb=39,976,960 pos (610 batches x 65,536)[0m  [36mtotal=6,876,037,120 pos[0m  [1;36mtrain_time=2462.0s[0m  [1;32mpos/s=2,792,820[0m
  [2mcuda-cpp SFNN[0m [1;33mvalidation overhead[0m: [35mreadback=0.230s[0m  [33mvalidation=0.853s[0m  [2msave=skipped[0m  [1;32mtotal=1.083s[0m
  [2mcuda-cpp SFNN[0m [33mvalidation[0m: epoch=2, superbatch=64, [35mtest_value_accuracy=0.6961933[0m, [35mtest_value_loss=0.07780138[0m, [1;36melapsed=0.853s[0m
  [2mcuda-cpp SFNN[0m [1;36m[progress][0m  [1;36mepoch 2[0m  [1;33msb 65/108[0m  [33mthis-sb=39,976,960 pos (610 batches x 65,536)[0m  [36mtotal=6,916,014,080 pos[0m  [1;36mtrain_time=2476.3s[0m  [1;32mpos/s=2,792,881[0m
  [2mcuda-cpp SFNN[0m [1;36m[progress][0m  [1;36mepoch 2[0m  [1;33msb 66/108[0m  [33mthis-sb=39,976,960 pos (610 batches x 65,536)[0m  [36mtotal=6,955,991,040 pos[0m  [1;36mtrain_time=2490.5s[0m  [1;32mpos/s=2,792,970[0m
  [2mcuda-cpp SFNN[0m [1;36m[progress][0m  [1;36mepoch 2[0m  [1;33msb 67/108[0m  [33mthis-sb=39,976,960 pos (610 batches x 65,536)[0m  [36mtotal=6,995,968,000 pos[0m  [1;36mtrain_time=2504.8s[0m  [1;32mpos/s=2,793,044[0m
  cuda-cpp HalfKA2 validation forward = gpu: positions=300000, batch_size=8192, elapsed=0.594s
  test: accuracy=69.5860% (208758/300000 decisive; draws=0 excluded; mate=0 filtered), loss=0.077666 (n=300000)
  [2mcuda-cpp HalfKA2[0m [1;33mvalidation detail[0m: positions=300,000, batch_size=8,192, load/cache=0.000s, weight_fold=0.195s, context=0.000s, weight_upload=0.039s, batches=0.594s, metrics=0.005s, total=0.834s
  [2mcuda-cpp SFNN[0m [1;36m[progress][0m  [1;36mepoch 2[0m  [1;33msb 68/108[0m  [33mthis-sb=39,976,960 pos (610 batches x 65,536)[0m  [36mtotal=7,035,944,960 pos[0m  [1;36mtrain_time=2519.0s[0m  [1;32mpos/s=2,793,117[0m
  [2mcuda-cpp SFNN[0m [1;33mvalidation overhead[0m: [35mreadback=0.229s[0m  [33mvalidation=0.856s[0m  [2msave=skipped[0m  [1;32mtotal=1.086s[0m
  [2mcuda-cpp SFNN[0m [33mvalidation[0m: epoch=2, superbatch=68, [35mtest_value_accuracy=0.6958600[0m, [35mtest_value_loss=0.07766590[0m, [1;36melapsed=0.856s[0m
  [2mcuda-cpp SFNN[0m [1;36m[progress][0m  [1;36mepoch 2[0m  [1;33msb 69/108[0m  [33mthis-sb=39,976,960 pos (610 batches x 65,536)[0m  [36mtotal=7,075,921,920 pos[0m  [1;36mtrain_time=2533.3s[0m  [1;32mpos/s=2,793,175[0m
  [2mcuda-cpp SFNN[0m [1;36m[progress][0m  [1;36mepoch 2[0m  [1;33msb 70/108[0m  [33mthis-sb=39,976,960 pos (610 batches x 65,536)[0m  [36mtotal=7,115,898,880 pos[0m  [1;36mtrain_time=2547.5s[0m  [1;32mpos/s=2,793,254[0m
  [2mcuda-cpp SFNN[0m [1;36m[progress][0m  [1;36mepoch 2[0m  [1;33msb 71/108[0m  [33mthis-sb=39,976,960 pos (610 batches x 65,536)[0m  [36mtotal=7,155,875,840 pos[0m  [1;36mtrain_time=2561.8s[0m  [1;32mpos/s=2,793,332[0m
  cuda-cpp HalfKA2 validation forward = gpu: positions=300000, batch_size=8192, elapsed=0.592s
  test: accuracy=69.6347% (208904/300000 decisive; draws=0 excluded; mate=0 filtered), loss=0.077784 (n=300000)
  [2mcuda-cpp HalfKA2[0m [1;33mvalidation detail[0m: positions=300,000, batch_size=8,192, load/cache=0.000s, weight_fold=0.198s, context=0.001s, weight_upload=0.041s, batches=0.592s, metrics=0.005s, total=0.836s
  [2mcuda-cpp SFNN[0m [1;36m[progress][0m  [1;36mepoch 2[0m  [1;33msb 72/108[0m  [33mthis-sb=39,976,960 pos (610 batches x 65,536)[0m  [36mtotal=7,195,852,800 pos[0m  [1;36mtrain_time=2576.0s[0m  [1;32mpos/s=2,793,409[0m
  [2mcuda-cpp SFNN[0m [1;33mvalidation overhead[0m: [35mreadback=0.225s[0m  [33mvalidation=0.860s[0m  [2msave=skipped[0m  [1;32mtotal=1.086s[0m
  [2mcuda-cpp SFNN[0m [33mvalidation[0m: epoch=2, superbatch=72, [35mtest_value_accuracy=0.6963466[0m, [35mtest_value_loss=0.07778437[0m, [1;36melapsed=0.860s[0m
  [2mcuda-cpp SFNN[0m [1;36m[progress][0m  [1;36mepoch 2[0m  [1;33msb 73/108[0m  [33mthis-sb=39,976,960 pos (610 batches x 65,536)[0m  [36mtotal=7,235,829,760 pos[0m  [1;36mtrain_time=2590.3s[0m  [1;32mpos/s=2,793,466[0m
  [2mcuda-cpp SFNN[0m [1;36m[progress][0m  [1;36mepoch 2[0m  [1;33msb 74/108[0m  [33mthis-sb=39,976,960 pos (610 batches x 65,536)[0m  [36mtotal=7,275,806,720 pos[0m  [1;36mtrain_time=2604.5s[0m  [1;32mpos/s=2,793,545[0m
  [2mcuda-cpp SFNN[0m [1;36m[progress][0m  [1;36mepoch 2[0m  [1;33msb 75/108[0m  [33mthis-sb=39,976,960 pos (610 batches x 65,536)[0m  [36mtotal=7,315,783,680 pos[0m  [1;36mtrain_time=2618.8s[0m  [1;32mpos/s=2,793,613[0m
  cuda-cpp HalfKA2 validation forward = gpu: positions=300000, batch_size=8192, elapsed=0.591s
  test: accuracy=69.6633% (208990/300000 decisive; draws=0 excluded; mate=0 filtered), loss=0.077789 (n=300000)
  [2mcuda-cpp HalfKA2[0m [1;33mvalidation detail[0m: positions=300,000, batch_size=8,192, load/cache=0.000s, weight_fold=0.197s, context=0.000s, weight_upload=0.039s, batches=0.591s, metrics=0.005s, total=0.833s
  [2mcuda-cpp SFNN[0m [1;36m[progress][0m  [1;36mepoch 2[0m  [1;33msb 76/108[0m  [33mthis-sb=39,976,960 pos (610 batches x 65,536)[0m  [36mtotal=7,355,760,640 pos[0m  [1;36mtrain_time=2633.0s[0m  [1;32mpos/s=2,793,679[0m
  [2mcuda-cpp SFNN[0m [1;33mvalidation overhead[0m: [35mreadback=0.234s[0m  [33mvalidation=0.856s[0m  [2msave=skipped[0m  [1;32mtotal=1.090s[0m
  [2mcuda-cpp SFNN[0m [33mvalidation[0m: epoch=2, superbatch=76, [35mtest_value_accuracy=0.6966333[0m, [35mtest_value_loss=0.07778928[0m, [1;36melapsed=0.856s[0m
  [2mcuda-cpp SFNN[0m [1;36m[progress][0m  [1;36mepoch 2[0m  [1;33msb 77/108[0m  [33mthis-sb=39,976,960 pos (610 batches x 65,536)[0m  [36mtotal=7,395,737,600 pos[0m  [1;36mtrain_time=2647.2s[0m  [1;32mpos/s=2,793,751[0m
  [2mcuda-cpp SFNN[0m [1;36m[progress][0m  [1;36mepoch 2[0m  [1;33msb 78/108[0m  [33mthis-sb=39,976,960 pos (610 batches x 65,536)[0m  [36mtotal=7,435,714,560 pos[0m  [1;36mtrain_time=2661.5s[0m  [1;32mpos/s=2,793,819[0m
  [2mcuda-cpp SFNN[0m [1;36m[progress][0m  [1;36mepoch 2[0m  [1;33msb 79/108[0m  [33mthis-sb=39,976,960 pos (610 batches x 65,536)[0m  [36mtotal=7,475,691,520 pos[0m  [1;36mtrain_time=2675.7s[0m  [1;32mpos/s=2,793,897[0m
  cuda-cpp HalfKA2 validation forward = gpu: positions=300000, batch_size=8192, elapsed=0.594s
  test: accuracy=69.6333% (208900/300000 decisive; draws=0 excluded; mate=0 filtered), loss=0.077736 (n=300000)
  [2mcuda-cpp HalfKA2[0m [1;33mvalidation detail[0m: positions=300,000, batch_size=8,192, load/cache=0.000s, weight_fold=0.197s, context=0.000s, weight_upload=0.042s, batches=0.594s, metrics=0.005s, total=0.838s
  [2mcuda-cpp SFNN[0m [1;36m[progress][0m  [1;36mepoch 2[0m  [1;33msb 80/108[0m  [33mthis-sb=39,976,960 pos (610 batches x 65,536)[0m  [36mtotal=7,515,668,480 pos[0m  [1;36mtrain_time=2690.0s[0m  [1;32mpos/s=2,793,962[0m
  [2mcuda-cpp SFNN[0m [1;33mvalidation overhead[0m: [35mreadback=0.232s[0m  [33mvalidation=0.862s[0m  [2msave=skipped[0m  [1;32mtotal=1.094s[0m
  [2mcuda-cpp SFNN[0m [33mvalidation[0m: epoch=2, superbatch=80, [35mtest_value_accuracy=0.6963333[0m, [35mtest_value_loss=0.07773597[0m, [1;36melapsed=0.862s[0m
  [2mcuda-cpp SFNN[0m [1;36m[progress][0m  [1;36mepoch 2[0m  [1;33msb 81/108[0m  [33mthis-sb=39,976,960 pos (610 batches x 65,536)[0m  [36mtotal=7,555,645,440 pos[0m  [1;36mtrain_time=2704.2s[0m  [1;32mpos/s=2,794,013[0m
  [2mcuda-cpp SFNN[0m [1;36m[progress][0m  [1;36mepoch 2[0m  [1;33msb 82/108[0m  [33mthis-sb=39,976,960 pos (610 batches x 65,536)[0m  [36mtotal=7,595,622,400 pos[0m  [1;36mtrain_time=2718.5s[0m  [1;32mpos/s=2,794,077[0m
  [2mcuda-cpp SFNN[0m [1;36m[progress][0m  [1;36mepoch 2[0m  [1;33msb 83/108[0m  [33mthis-sb=39,976,960 pos (610 batches x 65,536)[0m  [36mtotal=7,635,599,360 pos[0m  [1;36mtrain_time=2732.7s[0m  [1;32mpos/s=2,794,136[0m
  cuda-cpp HalfKA2 validation forward = gpu: positions=300000, batch_size=8192, elapsed=0.594s
  test: accuracy=69.6183% (208855/300000 decisive; draws=0 excluded; mate=0 filtered), loss=0.077843 (n=300000)
  [2mcuda-cpp HalfKA2[0m [1;33mvalidation detail[0m: positions=300,000, batch_size=8,192, load/cache=0.000s, weight_fold=0.196s, context=0.000s, weight_upload=0.041s, batches=0.594s, metrics=0.005s, total=0.836s
  [2mcuda-cpp SFNN[0m [1;36m[progress][0m  [1;36mepoch 2[0m  [1;33msb 84/108[0m  [33mthis-sb=39,976,960 pos (610 batches x 65,536)[0m  [36mtotal=7,675,576,320 pos[0m  [1;36mtrain_time=2747.0s[0m  [1;32mpos/s=2,794,193[0m
  [2mcuda-cpp SFNN[0m [1;33mvalidation overhead[0m: [35mreadback=0.229s[0m  [33mvalidation=0.860s[0m  [2msave=skipped[0m  [1;32mtotal=1.089s[0m
  [2mcuda-cpp SFNN[0m [33mvalidation[0m: epoch=2, superbatch=84, [35mtest_value_accuracy=0.6961833[0m, [35mtest_value_loss=0.07784259[0m, [1;36melapsed=0.860s[0m
  [2mcuda-cpp SFNN[0m [1;36m[progress][0m  [1;36mepoch 2[0m  [1;33msb 85/108[0m  [33mthis-sb=39,976,960 pos (610 batches x 65,536)[0m  [36mtotal=7,715,553,280 pos[0m  [1;36mtrain_time=2761.2s[0m  [1;32mpos/s=2,794,242[0m
  [2mcuda-cpp SFNN[0m [1;36m[progress][0m  [1;36mepoch 2[0m  [1;33msb 86/108[0m  [33mthis-sb=39,976,960 pos (610 batches x 65,536)[0m  [36mtotal=7,755,530,240 pos[0m  [1;36mtrain_time=2775.5s[0m  [1;32mpos/s=2,794,294[0m
  [2mcuda-cpp SFNN[0m [1;36m[progress][0m  [1;36mepoch 2[0m  [1;33msb 87/108[0m  [33mthis-sb=39,976,960 pos (610 batches x 65,536)[0m  [36mtotal=7,795,507,200 pos[0m  [1;36mtrain_time=2789.7s[0m  [1;32mpos/s=2,794,357[0m
  cuda-cpp HalfKA2 validation forward = gpu: positions=300000, batch_size=8192, elapsed=0.608s
  test: accuracy=69.6397% (208919/300000 decisive; draws=0 excluded; mate=0 filtered), loss=0.077565 (n=300000)
  [2mcuda-cpp HalfKA2[0m [1;33mvalidation detail[0m: positions=300,000, batch_size=8,192, load/cache=0.000s, weight_fold=0.196s, context=0.000s, weight_upload=0.040s, batches=0.608s, metrics=0.005s, total=0.848s
  [2mcuda-cpp SFNN[0m [1;36m[progress][0m  [1;36mepoch 2[0m  [1;33msb 88/108[0m  [33mthis-sb=39,976,960 pos (610 batches x 65,536)[0m  [36mtotal=7,835,484,160 pos[0m  [1;36mtrain_time=2804.0s[0m  [1;32mpos/s=2,794,421[0m
  [2mcuda-cpp SFNN[0m [1;33mvalidation overhead[0m: [35mreadback=0.230s[0m  [33mvalidation=0.871s[0m  [2msave=skipped[0m  [1;32mtotal=1.101s[0m
  [2mcuda-cpp SFNN[0m [33mvalidation[0m: epoch=2, superbatch=88, [35mtest_value_accuracy=0.6963966[0m, [35mtest_value_loss=0.07756490[0m, [1;36melapsed=0.871s[0m
  [2mcuda-cpp SFNN[0m [1;36m[progress][0m  [1;36mepoch 2[0m  [1;33msb 89/108[0m  [33mthis-sb=39,976,960 pos (610 batches x 65,536)[0m  [36mtotal=7,875,461,120 pos[0m  [1;36mtrain_time=2818.2s[0m  [1;32mpos/s=2,794,464[0m
  [2mcuda-cpp SFNN[0m [1;36m[progress][0m  [1;36mepoch 2[0m  [1;33msb 90/108[0m  [33mthis-sb=39,976,960 pos (610 batches x 65,536)[0m  [36mtotal=7,915,438,080 pos[0m  [1;36mtrain_time=2832.5s[0m  [1;32mpos/s=2,794,493[0m
  [2mcuda-cpp SFNN[0m [1;36m[progress][0m  [1;36mepoch 2[0m  [1;33msb 91/108[0m  [33mthis-sb=39,976,960 pos (610 batches x 65,536)[0m  [36mtotal=7,955,415,040 pos[0m  [1;36mtrain_time=2846.8s[0m  [1;32mpos/s=2,794,547[0m
  cuda-cpp HalfKA2 validation forward = gpu: positions=300000, batch_size=8192, elapsed=0.593s
  test: accuracy=69.6503% (208951/300000 decisive; draws=0 excluded; mate=0 filtered), loss=0.077760 (n=300000)
  [2mcuda-cpp HalfKA2[0m [1;33mvalidation detail[0m: positions=300,000, batch_size=8,192, load/cache=0.000s, weight_fold=0.195s, context=0.001s, weight_upload=0.039s, batches=0.593s, metrics=0.005s, total=0.833s
  [2mcuda-cpp SFNN[0m [1;36m[progress][0m  [1;36mepoch 2[0m  [1;33msb 92/108[0m  [33mthis-sb=39,976,960 pos (610 batches x 65,536)[0m  [36mtotal=7,995,392,000 pos[0m  [1;36mtrain_time=2861.0s[0m  [1;32mpos/s=2,794,594[0m
  [2mcuda-cpp SFNN[0m [1;33mvalidation overhead[0m: [35mreadback=0.229s[0m  [33mvalidation=0.856s[0m  [2msave=skipped[0m  [1;32mtotal=1.085s[0m
  [2mcuda-cpp SFNN[0m [33mvalidation[0m: epoch=2, superbatch=92, [35mtest_value_accuracy=0.6965033[0m, [35mtest_value_loss=0.07775995[0m, [1;36melapsed=0.856s[0m
  [2mcuda-cpp SFNN[0m [1;36m[progress][0m  [1;36mepoch 2[0m  [1;33msb 93/108[0m  [33mthis-sb=39,976,960 pos (610 batches x 65,536)[0m  [36mtotal=8,035,368,960 pos[0m  [1;36mtrain_time=2875.3s[0m  [1;32mpos/s=2,794,633[0m
  [2mcuda-cpp SFNN[0m [1;36m[progress][0m  [1;36mepoch 2[0m  [1;33msb 94/108[0m  [33mthis-sb=39,976,960 pos (610 batches x 65,536)[0m  [36mtotal=8,075,345,920 pos[0m  [1;36mtrain_time=2889.5s[0m  [1;32mpos/s=2,794,683[0m
  [2mcuda-cpp SFNN[0m [1;36m[progress][0m  [1;36mepoch 2[0m  [1;33msb 95/108[0m  [33mthis-sb=39,976,960 pos (610 batches x 65,536)[0m  [36mtotal=8,115,322,880 pos[0m  [1;36mtrain_time=2903.9s[0m  [1;32mpos/s=2,794,627[0m
  cuda-cpp HalfKA2 validation forward = gpu: positions=300000, batch_size=8192, elapsed=0.592s
  test: accuracy=69.6630% (208989/300000 decisive; draws=0 excluded; mate=0 filtered), loss=0.077543 (n=300000)
  [2mcuda-cpp HalfKA2[0m [1;33mvalidation detail[0m: positions=300,000, batch_size=8,192, load/cache=0.000s, weight_fold=0.196s, context=0.000s, weight_upload=0.041s, batches=0.592s, metrics=0.005s, total=0.835s
  [2mcuda-cpp SFNN[0m [1;36m[progress][0m  [1;36mepoch 2[0m  [1;33msb 96/108[0m  [33mthis-sb=39,976,960 pos (610 batches x 65,536)[0m  [36mtotal=8,155,299,840 pos[0m  [1;36mtrain_time=2918.2s[0m  [1;32mpos/s=2,794,675[0m
  [2mcuda-cpp SFNN[0m [1;33mvalidation overhead[0m: [35mreadback=0.229s[0m  [33mvalidation=0.858s[0m  [2msave=skipped[0m  [1;32mtotal=1.087s[0m
  [2mcuda-cpp SFNN[0m [33mvalidation[0m: epoch=2, superbatch=96, [35mtest_value_accuracy=0.6966300[0m, [35mtest_value_loss=0.07754310[0m, [1;36melapsed=0.858s[0m
  [2mcuda-cpp SFNN[0m [1;36m[progress][0m  [1;36mepoch 2[0m  [1;33msb 97/108[0m  [33mthis-sb=39,976,960 pos (610 batches x 65,536)[0m  [36mtotal=8,195,276,800 pos[0m  [1;36mtrain_time=2932.4s[0m  [1;32mpos/s=2,794,706[0m
  [2mcuda-cpp SFNN[0m [1;36m[progress][0m  [1;36mepoch 2[0m  [1;33msb 98/108[0m  [33mthis-sb=39,976,960 pos (610 batches x 65,536)[0m  [36mtotal=8,235,253,760 pos[0m  [1;36mtrain_time=2946.7s[0m  [1;32mpos/s=2,794,758[0m
  [2mcuda-cpp SFNN[0m [1;36m[progress][0m  [1;36mepoch 2[0m  [1;33msb 99/108[0m  [33mthis-sb=39,976,960 pos (610 batches x 65,536)[0m  [36mtotal=8,275,230,720 pos[0m  [1;36mtrain_time=2960.9s[0m  [1;32mpos/s=2,794,804[0m
  cuda-cpp HalfKA2 validation forward = gpu: positions=300000, batch_size=8192, elapsed=0.590s
  test: accuracy=69.6790% (209037/300000 decisive; draws=0 excluded; mate=0 filtered), loss=0.077733 (n=300000)
  [2mcuda-cpp HalfKA2[0m [1;33mvalidation detail[0m: positions=300,000, batch_size=8,192, load/cache=0.000s, weight_fold=0.194s, context=0.000s, weight_upload=0.040s, batches=0.590s, metrics=0.005s, total=0.829s
  [2mcuda-cpp SFNN[0m [1;36m[progress][0m  [1;36mepoch 2[0m  [1;33msb 100/108[0m  [33mthis-sb=39,976,960 pos (610 batches x 65,536)[0m  [36mtotal=8,315,207,680 pos[0m  [1;36mtrain_time=2975.2s[0m  [1;32mpos/s=2,794,854[0m
  [2mcuda-cpp SFNN[0m [1;33mvalidation overhead[0m: [35mreadback=0.229s[0m  [33mvalidation=0.852s[0m  [2msave=skipped[0m  [1;32mtotal=1.081s[0m
  [2mcuda-cpp SFNN[0m [33mvalidation[0m: epoch=2, superbatch=100, [35mtest_value_accuracy=0.6967900[0m, [35mtest_value_loss=0.07773349[0m, [1;36melapsed=0.852s[0m
  [2mcuda-cpp SFNN[0m [1;36m[progress][0m  [1;36mepoch 2[0m  [1;33msb 101/108[0m  [33mthis-sb=39,976,960 pos (610 batches x 65,536)[0m  [36mtotal=8,355,184,640 pos[0m  [1;36mtrain_time=2989.5s[0m  [1;32mpos/s=2,794,884[0m
  [2mcuda-cpp SFNN[0m [1;36m[progress][0m  [1;36mepoch 2[0m  [1;33msb 102/108[0m  [33mthis-sb=39,976,960 pos (610 batches x 65,536)[0m  [36mtotal=8,395,161,600 pos[0m  [1;36mtrain_time=3003.7s[0m  [1;32mpos/s=2,794,940[0m
  [2mcuda-cpp SFNN[0m [1;36m[progress][0m  [1;36mepoch 2[0m  [1;33msb 103/108[0m  [33mthis-sb=39,976,960 pos (610 batches x 65,536)[0m  [36mtotal=8,435,138,560 pos[0m  [1;36mtrain_time=3018.0s[0m  [1;32mpos/s=2,794,986[0m
  cuda-cpp HalfKA2 validation forward = gpu: positions=300000, batch_size=8192, elapsed=0.590s
  test: accuracy=69.6857% (209057/300000 decisive; draws=0 excluded; mate=0 filtered), loss=0.077576 (n=300000)
  [2mcuda-cpp HalfKA2[0m [1;33mvalidation detail[0m: positions=300,000, batch_size=8,192, load/cache=0.000s, weight_fold=0.197s, context=0.001s, weight_upload=0.041s, batches=0.590s, metrics=0.005s, total=0.833s
  [2mcuda-cpp SFNN[0m [1;36m[progress][0m  [1;36mepoch 2[0m  [1;33msb 104/108[0m  [33mthis-sb=39,976,960 pos (610 batches x 65,536)[0m  [36mtotal=8,475,115,520 pos[0m  [1;36mtrain_time=3032.2s[0m  [1;32mpos/s=2,795,017[0m
  [2mcuda-cpp SFNN[0m [1;33mvalidation overhead[0m: [35mreadback=0.233s[0m  [33mvalidation=0.856s[0m  [2msave=skipped[0m  [1;32mtotal=1.089s[0m
  [2mcuda-cpp SFNN[0m [33mvalidation[0m: epoch=2, superbatch=104, [35mtest_value_accuracy=0.6968567[0m, [35mtest_value_loss=0.07757586[0m, [1;36melapsed=0.856s[0m
  [2mcuda-cpp SFNN[0m [1;36m[progress][0m  [1;36mepoch 2[0m  [1;33msb 105/108[0m  [33mthis-sb=39,976,960 pos (610 batches x 65,536)[0m  [36mtotal=8,515,092,480 pos[0m  [1;36mtrain_time=3046.5s[0m  [1;32mpos/s=2,795,051[0m
  [2mcuda-cpp SFNN[0m [1;36m[progress][0m  [1;36mepoch 2[0m  [1;33msb 106/108[0m  [33mthis-sb=39,976,960 pos (610 batches x 65,536)[0m  [36mtotal=8,555,069,440 pos[0m  [1;36mtrain_time=3060.7s[0m  [1;32mpos/s=2,795,091[0m
  [2mcuda-cpp SFNN[0m [1;36m[progress][0m  [1;36mepoch 2[0m  [1;33msb 107/108[0m  [33mthis-sb=39,976,960 pos (610 batches x 65,536)[0m  [36mtotal=8,595,046,400 pos[0m  [1;36mtrain_time=3075.0s[0m  [1;32mpos/s=2,795,121[0m
  cuda-cpp HalfKA2 validation forward = gpu: positions=300000, batch_size=8192, elapsed=0.602s
  test: accuracy=69.6830% (209049/300000 decisive; draws=0 excluded; mate=0 filtered), loss=0.077720 (n=300000)
  [2mcuda-cpp HalfKA2[0m [1;33mvalidation detail[0m: positions=300,000, batch_size=8,192, load/cache=0.000s, weight_fold=0.199s, context=0.001s, weight_upload=0.042s, batches=0.602s, metrics=0.005s, total=0.848s
  [2mcuda-cpp SFNN[0m [1;32m[checkpoint][0m  [1;36mepoch 2[0m  [1;33msb 108/108[0m  [33mthis-sb=39,976,960 pos (610 batches x 65,536)[0m  [36mtotal=8,635,023,360 pos[0m  [1;36mtrain_time=3089.3s[0m  [1;32mpos/s=2,795,164[0m
  [2mcuda-cpp SFNN[0m [1;33mcheckpoint overhead[0m: [35mreadback=0.930s[0m  [33mvalidation=0.874s[0m  [36msave=4.620s (state.bin 2.04 GiB, 452 MiB/s)[0m  [1;32mtotal=6.424s[0m
  [2mcuda-cpp SFNN[0m [33mvalidation[0m: epoch=2, superbatch=108, [35mtest_value_accuracy=0.6968300[0m, [35mtest_value_loss=0.07772002[0m, [1;36melapsed=0.874s[0m
  [2mcuda-cpp SFNN[0m [1;36m[progress][0m  [1;36mepoch 3[0m  [1;33msb 1/108[0m  [33mthis-sb=39,976,960 pos (610 batches x 65,536)[0m  [36mtotal=8,675,000,320 pos[0m  [1;36mtrain_time=3103.6s[0m  [1;32mpos/s=2,795,159[0m
  [2mcuda-cpp SFNN[0m [1;36m[progress][0m  [1;36mepoch 3[0m  [1;33msb 2/108[0m  [33mthis-sb=39,976,960 pos (610 batches x 65,536)[0m  [36mtotal=8,714,977,280 pos[0m  [1;36mtrain_time=3117.9s[0m  [1;32mpos/s=2,795,106[0m
  [2mcuda-cpp SFNN[0m [1;36m[progress][0m  [1;36mepoch 3[0m  [1;33msb 3/108[0m  [33mthis-sb=39,976,960 pos (610 batches x 65,536)[0m  [36mtotal=8,754,954,240 pos[0m  [1;36mtrain_time=3132.2s[0m  [1;32mpos/s=2,795,180[0m
  cuda-cpp HalfKA2 validation forward = gpu: positions=300000, batch_size=8192, elapsed=0.593s
  test: accuracy=69.3763% (208129/300000 decisive; draws=0 excluded; mate=0 filtered), loss=0.078631 (n=300000)
  [2mcuda-cpp HalfKA2[0m [1;33mvalidation detail[0m: positions=300,000, batch_size=8,192, load/cache=0.000s, weight_fold=0.197s, context=0.000s, weight_upload=0.042s, batches=0.593s, metrics=0.005s, total=0.838s
  [2mcuda-cpp SFNN[0m [1;36m[progress][0m  [1;36mepoch 3[0m  [1;33msb 4/108[0m  [33mthis-sb=39,976,960 pos (610 batches x 65,536)[0m  [36mtotal=8,794,931,200 pos[0m  [1;36mtrain_time=3146.4s[0m  [1;32mpos/s=2,795,234[0m
  [2mcuda-cpp SFNN[0m [1;33mvalidation overhead[0m: [35mreadback=0.229s[0m  [33mvalidation=0.861s[0m  [2msave=skipped[0m  [1;32mtotal=1.090s[0m
  [2mcuda-cpp SFNN[0m [33mvalidation[0m: epoch=3, superbatch=4, [35mtest_value_accuracy=0.6937633[0m, [35mtest_value_loss=0.07863080[0m, [1;36melapsed=0.861s[0m
  [2mcuda-cpp SFNN[0m [1;36m[progress][0m  [1;36mepoch 3[0m  [1;33msb 5/108[0m  [33mthis-sb=39,976,960 pos (610 batches x 65,536)[0m  [36mtotal=8,834,908,160 pos[0m  [1;36mtrain_time=3160.7s[0m  [1;32mpos/s=2,795,278[0m
  [2mcuda-cpp SFNN[0m [1;36m[progress][0m  [1;36mepoch 3[0m  [1;33msb 6/108[0m  [33mthis-sb=39,976,960 pos (610 batches x 65,536)[0m  [36mtotal=8,874,885,120 pos[0m  [1;36mtrain_time=3174.9s[0m  [1;32mpos/s=2,795,343[0m
  [2mcuda-cpp SFNN[0m [1;36m[progress][0m  [1;36mepoch 3[0m  [1;33msb 7/108[0m  [33mthis-sb=39,976,960 pos (610 batches x 65,536)[0m  [36mtotal=8,914,862,080 pos[0m  [1;36mtrain_time=3189.1s[0m  [1;32mpos/s=2,795,399[0m
  cuda-cpp HalfKA2 validation forward = gpu: positions=300000, batch_size=8192, elapsed=0.597s
  test: accuracy=69.2810% (207843/300000 decisive; draws=0 excluded; mate=0 filtered), loss=0.078893 (n=300000)
  [2mcuda-cpp HalfKA2[0m [1;33mvalidation detail[0m: positions=300,000, batch_size=8,192, load/cache=0.000s, weight_fold=0.205s, context=0.000s, weight_upload=0.039s, batches=0.597s, metrics=0.005s, total=0.846s
  [2mcuda-cpp SFNN[0m [1;36m[progress][0m  [1;36mepoch 3[0m  [1;33msb 8/108[0m  [33mthis-sb=39,976,960 pos (610 batches x 65,536)[0m  [36mtotal=8,954,839,040 pos[0m  [1;36mtrain_time=3203.4s[0m  [1;32mpos/s=2,795,432[0m
  [2mcuda-cpp SFNN[0m [1;33mvalidation overhead[0m: [35mreadback=0.230s[0m  [33mvalidation=0.870s[0m  [2msave=skipped[0m  [1;32mtotal=1.100s[0m
  [2mcuda-cpp SFNN[0m [33mvalidation[0m: epoch=3, superbatch=8, [35mtest_value_accuracy=0.6928100[0m, [35mtest_value_loss=0.07889253[0m, [1;36melapsed=0.870s[0m
  [2mcuda-cpp SFNN[0m [1;36m[progress][0m  [1;36mepoch 3[0m  [1;33msb 9/108[0m  [33mthis-sb=39,976,960 pos (610 batches x 65,536)[0m  [36mtotal=8,994,816,000 pos[0m  [1;36mtrain_time=3217.7s[0m  [1;32mpos/s=2,795,460[0m
  [2mcuda-cpp SFNN[0m [1;36m[progress][0m  [1;36mepoch 3[0m  [1;33msb 10/108[0m  [33mthis-sb=39,976,960 pos (610 batches x 65,536)[0m  [36mtotal=9,034,792,960 pos[0m  [1;36mtrain_time=3231.9s[0m  [1;32mpos/s=2,795,506[0m
  [2mcuda-cpp SFNN[0m [1;36m[progress][0m  [1;36mepoch 3[0m  [1;33msb 11/108[0m  [33mthis-sb=39,976,960 pos (610 batches x 65,536)[0m  [36mtotal=9,074,769,920 pos[0m  [1;36mtrain_time=3246.1s[0m  [1;32mpos/s=2,795,554[0m
  cuda-cpp HalfKA2 validation forward = gpu: positions=300000, batch_size=8192, elapsed=0.597s
  test: accuracy=69.3733% (208120/300000 decisive; draws=0 excluded; mate=0 filtered), loss=0.078374 (n=300000)
  [2mcuda-cpp HalfKA2[0m [1;33mvalidation detail[0m: positions=300,000, batch_size=8,192, load/cache=0.000s, weight_fold=0.196s, context=0.000s, weight_upload=0.039s, batches=0.597s, metrics=0.010s, total=0.843s
  [2mcuda-cpp SFNN[0m [1;36m[progress][0m  [1;36mepoch 3[0m  [1;33msb 12/108[0m  [33mthis-sb=39,976,960 pos (610 batches x 65,536)[0m  [36mtotal=9,114,746,880 pos[0m  [1;36mtrain_time=3260.4s[0m  [1;32mpos/s=2,795,605[0m
  [2mcuda-cpp SFNN[0m [1;33mvalidation overhead[0m: [35mreadback=0.228s[0m  [33mvalidation=0.872s[0m  [2msave=skipped[0m  [1;32mtotal=1.100s[0m
  [2mcuda-cpp SFNN[0m [33mvalidation[0m: epoch=3, superbatch=12, [35mtest_value_accuracy=0.6937333[0m, [35mtest_value_loss=0.07837423[0m, [1;36melapsed=0.872s[0m
  [2mcuda-cpp SFNN[0m [1;36m[progress][0m  [1;36mepoch 3[0m  [1;33msb 13/108[0m  [33mthis-sb=39,976,960 pos (610 batches x 65,536)[0m  [36mtotal=9,154,723,840 pos[0m  [1;36mtrain_time=3274.7s[0m  [1;32mpos/s=2,795,632[0m
  [2mcuda-cpp SFNN[0m [1;36m[progress][0m  [1;36mepoch 3[0m  [1;33msb 14/108[0m  [33mthis-sb=39,976,960 pos (610 batches x 65,536)[0m  [36mtotal=9,194,700,800 pos[0m  [1;36mtrain_time=3288.9s[0m  [1;32mpos/s=2,795,672[0m
  [2mcuda-cpp SFNN[0m [1;36m[progress][0m  [1;36mepoch 3[0m  [1;33msb 15/108[0m  [33mthis-sb=39,976,960 pos (610 batches x 65,536)[0m  [36mtotal=9,234,677,760 pos[0m  [1;36mtrain_time=3303.1s[0m  [1;32mpos/s=2,795,721[0m
  cuda-cpp HalfKA2 validation forward = gpu: positions=300000, batch_size=8192, elapsed=0.597s
  test: accuracy=69.4377% (208313/300000 decisive; draws=0 excluded; mate=0 filtered), loss=0.078533 (n=300000)
  [2mcuda-cpp HalfKA2[0m [1;33mvalidation detail[0m: positions=300,000, batch_size=8,192, load/cache=0.000s, weight_fold=0.198s, context=0.000s, weight_upload=0.040s, batches=0.597s, metrics=0.005s, total=0.841s
  [2mcuda-cpp SFNN[0m [1;36m[progress][0m  [1;36mepoch 3[0m  [1;33msb 16/108[0m  [33mthis-sb=39,976,960 pos (610 batches x 65,536)[0m  [36mtotal=9,274,654,720 pos[0m  [1;36mtrain_time=3317.4s[0m  [1;32mpos/s=2,795,765[0m
  [2mcuda-cpp SFNN[0m [1;33mvalidation overhead[0m: [35mreadback=0.236s[0m  [33mvalidation=0.870s[0m  [2msave=skipped[0m  [1;32mtotal=1.105s[0m
  [2mcuda-cpp SFNN[0m [33mvalidation[0m: epoch=3, superbatch=16, [35mtest_value_accuracy=0.6943766[0m, [35mtest_value_loss=0.07853327[0m, [1;36melapsed=0.870s[0m
  [2mcuda-cpp SFNN[0m [1;36m[progress][0m  [1;36mepoch 3[0m  [1;33msb 17/108[0m  [33mthis-sb=39,976,960 pos (610 batches x 65,536)[0m  [36mtotal=9,314,631,680 pos[0m  [1;36mtrain_time=3331.7s[0m  [1;32mpos/s=2,795,794[0m
  [2mcuda-cpp SFNN[0m [1;36m[progress][0m  [1;36mepoch 3[0m  [1;33msb 18/108[0m  [33mthis-sb=39,976,960 pos (610 batches x 65,536)[0m  [36mtotal=9,354,608,640 pos[0m  [1;36mtrain_time=3345.9s[0m  [1;32mpos/s=2,795,838[0m
  [2mcuda-cpp SFNN[0m [1;36m[progress][0m  [1;36mepoch 3[0m  [1;33msb 19/108[0m  [33mthis-sb=39,976,960 pos (610 batches x 65,536)[0m  [36mtotal=9,394,585,600 pos[0m  [1;36mtrain_time=3360.1s[0m  [1;32mpos/s=2,795,890[0m
  cuda-cpp HalfKA2 validation forward = gpu: positions=300000, batch_size=8192, elapsed=0.589s
  test: accuracy=69.5280% (208584/300000 decisive; draws=0 excluded; mate=0 filtered), loss=0.077887 (n=300000)
  [2mcuda-cpp HalfKA2[0m [1;33mvalidation detail[0m: positions=300,000, batch_size=8,192, load/cache=0.000s, weight_fold=0.199s, context=0.000s, weight_upload=0.041s, batches=0.589s, metrics=0.005s, total=0.834s
  [2mcuda-cpp SFNN[0m [1;36m[progress][0m  [1;36mepoch 3[0m  [1;33msb 20/108[0m  [33mthis-sb=39,976,960 pos (610 batches x 65,536)[0m  [36mtotal=9,434,562,560 pos[0m  [1;36mtrain_time=3374.4s[0m  [1;32mpos/s=2,795,929[0m
  [2mcuda-cpp SFNN[0m [1;33mvalidation overhead[0m: [35mreadback=0.232s[0m  [33mvalidation=0.858s[0m  [2msave=skipped[0m  [1;32mtotal=1.090s[0m
  [2mcuda-cpp SFNN[0m [33mvalidation[0m: epoch=3, superbatch=20, [35mtest_value_accuracy=0.6952800[0m, [35mtest_value_loss=0.07788728[0m, [1;36melapsed=0.858s[0m
  [2mcuda-cpp SFNN[0m [1;36m[progress][0m  [1;36mepoch 3[0m  [1;33msb 21/108[0m  [33mthis-sb=39,976,960 pos (610 batches x 65,536)[0m  [36mtotal=9,474,539,520 pos[0m  [1;36mtrain_time=3388.6s[0m  [1;32mpos/s=2,795,963[0m
  [2mcuda-cpp SFNN[0m [1;36m[progress][0m  [1;36mepoch 3[0m  [1;33msb 22/108[0m  [33mthis-sb=39,976,960 pos (610 batches x 65,536)[0m  [36mtotal=9,514,516,480 pos[0m  [1;36mtrain_time=3402.9s[0m  [1;32mpos/s=2,796,011[0m
  [2mcuda-cpp SFNN[0m [1;36m[progress][0m  [1;36mepoch 3[0m  [1;33msb 23/108[0m  [33mthis-sb=39,976,960 pos (610 batches x 65,536)[0m  [36mtotal=9,554,493,440 pos[0m  [1;36mtrain_time=3417.1s[0m  [1;32mpos/s=2,796,058[0m
  cuda-cpp HalfKA2 validation forward = gpu: positions=300000, batch_size=8192, elapsed=0.589s
  test: accuracy=69.4847% (208454/300000 decisive; draws=0 excluded; mate=0 filtered), loss=0.077864 (n=300000)
  [2mcuda-cpp HalfKA2[0m [1;33mvalidation detail[0m: positions=300,000, batch_size=8,192, load/cache=0.000s, weight_fold=0.197s, context=0.000s, weight_upload=0.040s, batches=0.589s, metrics=0.005s, total=0.831s
  [2mcuda-cpp SFNN[0m [1;36m[progress][0m  [1;36mepoch 3[0m  [1;33msb 24/108[0m  [33mthis-sb=39,976,960 pos (610 batches x 65,536)[0m  [36mtotal=9,594,470,400 pos[0m  [1;36mtrain_time=3431.4s[0m  [1;32mpos/s=2,796,103[0m
  [2mcuda-cpp SFNN[0m [1;33mvalidation overhead[0m: [35mreadback=0.228s[0m  [33mvalidation=0.855s[0m  [2msave=skipped[0m  [1;32mtotal=1.083s[0m
  [2mcuda-cpp SFNN[0m [33mvalidation[0m: epoch=3, superbatch=24, [35mtest_value_accuracy=0.6948467[0m, [35mtest_value_loss=0.07786376[0m, [1;36melapsed=0.855s[0m
  [2mcuda-cpp SFNN[0m [1;36m[progress][0m  [1;36mepoch 3[0m  [1;33msb 25/108[0m  [33mthis-sb=39,976,960 pos (610 batches x 65,536)[0m  [36mtotal=9,634,447,360 pos[0m  [1;36mtrain_time=3445.6s[0m  [1;32mpos/s=2,796,140[0m
  [2mcuda-cpp SFNN[0m [1;36m[progress][0m  [1;36mepoch 3[0m  [1;33msb 26/108[0m  [33mthis-sb=39,976,960 pos (610 batches x 65,536)[0m  [36mtotal=9,674,424,320 pos[0m  [1;36mtrain_time=3459.9s[0m  [1;32mpos/s=2,796,194[0m
  [2mcuda-cpp SFNN[0m [1;36m[progress][0m  [1;36mepoch 3[0m  [1;33msb 27/108[0m  [33mthis-sb=39,976,960 pos (610 batches x 65,536)[0m  [36mtotal=9,714,401,280 pos[0m  [1;36mtrain_time=3474.1s[0m  [1;32mpos/s=2,796,234[0m
  cuda-cpp HalfKA2 validation forward = gpu: positions=300000, batch_size=8192, elapsed=0.591s
  test: accuracy=69.5543% (208663/300000 decisive; draws=0 excluded; mate=0 filtered), loss=0.078018 (n=300000)
  [2mcuda-cpp HalfKA2[0m [1;33mvalidation detail[0m: positions=300,000, batch_size=8,192, load/cache=0.000s, weight_fold=0.196s, context=0.000s, weight_upload=0.041s, batches=0.591s, metrics=0.005s, total=0.832s
  [2mcuda-cpp SFNN[0m [1;36m[progress][0m  [1;36mepoch 3[0m  [1;33msb 28/108[0m  [33mthis-sb=39,976,960 pos (610 batches x 65,536)[0m  [36mtotal=9,754,378,240 pos[0m  [1;36mtrain_time=3488.3s[0m  [1;32mpos/s=2,796,281[0m
  [2mcuda-cpp SFNN[0m [1;33mvalidation overhead[0m: [35mreadback=0.230s[0m  [33mvalidation=0.856s[0m  [2msave=skipped[0m  [1;32mtotal=1.086s[0m
  [2mcuda-cpp SFNN[0m [33mvalidation[0m: epoch=3, superbatch=28, [35mtest_value_accuracy=0.6955433[0m, [35mtest_value_loss=0.07801768[0m, [1;36melapsed=0.856s[0m
  [2mcuda-cpp SFNN[0m [1;36m[progress][0m  [1;36mepoch 3[0m  [1;33msb 29/108[0m  [33mthis-sb=39,976,960 pos (610 batches x 65,536)[0m  [36mtotal=9,794,355,200 pos[0m  [1;36mtrain_time=3502.6s[0m  [1;32mpos/s=2,796,311[0m
  [2mcuda-cpp SFNN[0m [1;36m[progress][0m  [1;36mepoch 3[0m  [1;33msb 30/108[0m  [33mthis-sb=39,976,960 pos (610 batches x 65,536)[0m  [36mtotal=9,834,332,160 pos[0m  [1;36mtrain_time=3516.8s[0m  [1;32mpos/s=2,796,368[0m
  [2mcuda-cpp SFNN[0m [1;36m[progress][0m  [1;36mepoch 3[0m  [1;33msb 31/108[0m  [33mthis-sb=39,976,960 pos (610 batches x 65,536)[0m  [36mtotal=9,874,309,120 pos[0m  [1;36mtrain_time=3531.1s[0m  [1;32mpos/s=2,796,422[0m
  cuda-cpp HalfKA2 validation forward = gpu: positions=300000, batch_size=8192, elapsed=0.593s
  test: accuracy=69.5693% (208708/300000 decisive; draws=0 excluded; mate=0 filtered), loss=0.077842 (n=300000)
  [2mcuda-cpp HalfKA2[0m [1;33mvalidation detail[0m: positions=300,000, batch_size=8,192, load/cache=0.000s, weight_fold=0.196s, context=0.000s, weight_upload=0.040s, batches=0.593s, metrics=0.005s, total=0.834s
  [2mcuda-cpp SFNN[0m [1;36m[progress][0m  [1;36mepoch 3[0m  [1;33msb 32/108[0m  [33mthis-sb=39,976,960 pos (610 batches x 65,536)[0m  [36mtotal=9,914,286,080 pos[0m  [1;36mtrain_time=3545.3s[0m  [1;32mpos/s=2,796,470[0m
  [2mcuda-cpp SFNN[0m [1;33mvalidation overhead[0m: [35mreadback=0.230s[0m  [33mvalidation=0.857s[0m  [2msave=skipped[0m  [1;32mtotal=1.087s[0m
  [2mcuda-cpp SFNN[0m [33mvalidation[0m: epoch=3, superbatch=32, [35mtest_value_accuracy=0.6956933[0m, [35mtest_value_loss=0.07784211[0m, [1;36melapsed=0.857s[0m
  [2mcuda-cpp SFNN[0m [1;36m[progress][0m  [1;36mepoch 3[0m  [1;33msb 33/108[0m  [33mthis-sb=39,976,960 pos (610 batches x 65,536)[0m  [36mtotal=9,954,263,040 pos[0m  [1;36mtrain_time=3559.5s[0m  [1;32mpos/s=2,796,512[0m
  [2mcuda-cpp SFNN[0m [1;36m[progress][0m  [1;36mepoch 3[0m  [1;33msb 34/108[0m  [33mthis-sb=39,976,960 pos (610 batches x 65,536)[0m  [36mtotal=9,994,240,000 pos[0m  [1;36mtrain_time=3573.8s[0m  [1;32mpos/s=2,796,552[0m
  [2mcuda-cpp SFNN[0m [1;36m[progress][0m  [1;36mepoch 3[0m  [1;33msb 35/108[0m  [33mthis-sb=39,976,960 pos (610 batches x 65,536)[0m  [36mtotal=10,034,216,960 pos[0m  [1;36mtrain_time=3588.0s[0m  [1;32mpos/s=2,796,586[0m
  cuda-cpp HalfKA2 validation forward = gpu: positions=300000, batch_size=8192, elapsed=0.594s
  test: accuracy=69.6790% (209037/300000 decisive; draws=0 excluded; mate=0 filtered), loss=0.077608 (n=300000)
  [2mcuda-cpp HalfKA2[0m [1;33mvalidation detail[0m: positions=300,000, batch_size=8,192, load/cache=0.000s, weight_fold=0.198s, context=0.000s, weight_upload=0.041s, batches=0.594s, metrics=0.005s, total=0.838s
  [2mcuda-cpp SFNN[0m [1;36m[progress][0m  [1;36mepoch 3[0m  [1;33msb 36/108[0m  [33mthis-sb=39,976,960 pos (610 batches x 65,536)[0m  [36mtotal=10,074,193,920 pos[0m  [1;36mtrain_time=3602.3s[0m  [1;32mpos/s=2,796,624[0m
  [2mcuda-cpp SFNN[0m [1;33mvalidation overhead[0m: [35mreadback=0.229s[0m  [33mvalidation=0.861s[0m  [2msave=skipped[0m  [1;32mtotal=1.090s[0m
  [2mcuda-cpp SFNN[0m [33mvalidation[0m: epoch=3, superbatch=36, [35mtest_value_accuracy=0.6967900[0m, [35mtest_value_loss=0.07760844[0m, [1;36melapsed=0.861s[0m
  [2mcuda-cpp SFNN[0m [1;36m[progress][0m  [1;36mepoch 3[0m  [1;33msb 37/108[0m  [33mthis-sb=39,976,960 pos (610 batches x 65,536)[0m  [36mtotal=10,114,170,880 pos[0m  [1;36mtrain_time=3616.5s[0m  [1;32mpos/s=2,796,652[0m
  [2mcuda-cpp SFNN[0m [1;36m[progress][0m  [1;36mepoch 3[0m  [1;33msb 38/108[0m  [33mthis-sb=39,976,960 pos (610 batches x 65,536)[0m  [36mtotal=10,154,147,840 pos[0m  [1;36mtrain_time=3630.8s[0m  [1;32mpos/s=2,796,691[0m
  [2mcuda-cpp SFNN[0m [1;36m[progress][0m  [1;36mepoch 3[0m  [1;33msb 39/108[0m  [33mthis-sb=39,976,960 pos (610 batches x 65,536)[0m  [36mtotal=10,194,124,800 pos[0m  [1;36mtrain_time=3645.0s[0m  [1;32mpos/s=2,796,729[0m
  cuda-cpp HalfKA2 validation forward = gpu: positions=300000, batch_size=8192, elapsed=0.607s
  test: accuracy=69.6647% (208994/300000 decisive; draws=0 excluded; mate=0 filtered), loss=0.077602 (n=300000)
  [2mcuda-cpp HalfKA2[0m [1;33mvalidation detail[0m: positions=300,000, batch_size=8,192, load/cache=0.000s, weight_fold=0.196s, context=0.000s, weight_upload=0.040s, batches=0.607s, metrics=0.005s, total=0.848s
  [2mcuda-cpp SFNN[0m [1;36m[progress][0m  [1;36mepoch 3[0m  [1;33msb 40/108[0m  [33mthis-sb=39,976,960 pos (610 batches x 65,536)[0m  [36mtotal=10,234,101,760 pos[0m  [1;36mtrain_time=3659.3s[0m  [1;32mpos/s=2,796,759[0m
  [2mcuda-cpp SFNN[0m [1;33mvalidation overhead[0m: [35mreadback=0.229s[0m  [33mvalidation=0.879s[0m  [2msave=skipped[0m  [1;32mtotal=1.107s[0m
  [2mcuda-cpp SFNN[0m [33mvalidation[0m: epoch=3, superbatch=40, [35mtest_value_accuracy=0.6966467[0m, [35mtest_value_loss=0.07760152[0m, [1;36melapsed=0.879s[0m
  [2mcuda-cpp SFNN[0m [1;36m[progress][0m  [1;36mepoch 3[0m  [1;33msb 41/108[0m  [33mthis-sb=39,976,960 pos (610 batches x 65,536)[0m  [36mtotal=10,274,078,720 pos[0m  [1;36mtrain_time=3673.5s[0m  [1;32mpos/s=2,796,778[0m
  [2mcuda-cpp SFNN[0m [1;36m[progress][0m  [1;36mepoch 3[0m  [1;33msb 42/108[0m  [33mthis-sb=39,976,960 pos (610 batches x 65,536)[0m  [36mtotal=10,314,055,680 pos[0m  [1;36mtrain_time=3687.8s[0m  [1;32mpos/s=2,796,814[0m
  [2mcuda-cpp SFNN[0m [1;36m[progress][0m  [1;36mepoch 3[0m  [1;33msb 43/108[0m  [33mthis-sb=39,976,960 pos (610 batches x 65,536)[0m  [36mtotal=10,354,032,640 pos[0m  [1;36mtrain_time=3702.0s[0m  [1;32mpos/s=2,796,855[0m
  cuda-cpp HalfKA2 validation forward = gpu: positions=300000, batch_size=8192, elapsed=0.604s
  test: accuracy=69.6417% (208925/300000 decisive; draws=0 excluded; mate=0 filtered), loss=0.077809 (n=300000)
  [2mcuda-cpp HalfKA2[0m [1;33mvalidation detail[0m: positions=300,000, batch_size=8,192, load/cache=0.000s, weight_fold=0.200s, context=0.000s, weight_upload=0.038s, batches=0.604s, metrics=0.005s, total=0.847s
  [2mcuda-cpp SFNN[0m [1;36m[progress][0m  [1;36mepoch 3[0m  [1;33msb 44/108[0m  [33mthis-sb=39,976,960 pos (610 batches x 65,536)[0m  [36mtotal=10,394,009,600 pos[0m  [1;36mtrain_time=3716.3s[0m  [1;32mpos/s=2,796,882[0m
  [2mcuda-cpp SFNN[0m [1;33mvalidation overhead[0m: [35mreadback=0.228s[0m  [33mvalidation=0.869s[0m  [2msave=skipped[0m  [1;32mtotal=1.097s[0m
  [2mcuda-cpp SFNN[0m [33mvalidation[0m: epoch=3, superbatch=44, [35mtest_value_accuracy=0.6964167[0m, [35mtest_value_loss=0.07780877[0m, [1;36melapsed=0.869s[0m
  [2mcuda-cpp SFNN[0m [1;36m[progress][0m  [1;36mepoch 3[0m  [1;33msb 45/108[0m  [33mthis-sb=39,976,960 pos (610 batches x 65,536)[0m  [36mtotal=10,433,986,560 pos[0m  [1;36mtrain_time=3730.5s[0m  [1;32mpos/s=2,796,910[0m
  [2mcuda-cpp SFNN[0m [1;36m[progress][0m  [1;36mepoch 3[0m  [1;33msb 46/108[0m  [33mthis-sb=39,976,960 pos (610 batches x 65,536)[0m  [36mtotal=10,473,963,520 pos[0m  [1;36mtrain_time=3744.8s[0m  [1;32mpos/s=2,796,944[0m
  [2mcuda-cpp SFNN[0m [1;36m[progress][0m  [1;36mepoch 3[0m  [1;33msb 47/108[0m  [33mthis-sb=39,976,960 pos (610 batches x 65,536)[0m  [36mtotal=10,513,940,480 pos[0m  [1;36mtrain_time=3759.0s[0m  [1;32mpos/s=2,796,968[0m
  cuda-cpp HalfKA2 validation forward = gpu: positions=300000, batch_size=8192, elapsed=0.590s
  test: accuracy=69.7307% (209192/300000 decisive; draws=0 excluded; mate=0 filtered), loss=0.077536 (n=300000)
  [2mcuda-cpp HalfKA2[0m [1;33mvalidation detail[0m: positions=300,000, batch_size=8,192, load/cache=0.000s, weight_fold=0.200s, context=0.000s, weight_upload=0.040s, batches=0.590s, metrics=0.005s, total=0.835s
  [2mcuda-cpp SFNN[0m [1;36m[progress][0m  [1;36mepoch 3[0m  [1;33msb 48/108[0m  [33mthis-sb=39,976,960 pos (610 batches x 65,536)[0m  [36mtotal=10,553,917,440 pos[0m  [1;36mtrain_time=3773.3s[0m  [1;32mpos/s=2,797,008[0m
  [2mcuda-cpp SFNN[0m [1;33mvalidation overhead[0m: [35mreadback=0.229s[0m  [33mvalidation=0.858s[0m  [2msave=skipped[0m  [1;32mtotal=1.086s[0m
  [2mcuda-cpp SFNN[0m [33mvalidation[0m: epoch=3, superbatch=48, [35mtest_value_accuracy=0.6973067[0m, [35mtest_value_loss=0.07753567[0m, [1;36melapsed=0.858s[0m
  [2mcuda-cpp SFNN[0m [1;36m[progress][0m  [1;36mepoch 3[0m  [1;33msb 49/108[0m  [33mthis-sb=39,976,960 pos (610 batches x 65,536)[0m  [36mtotal=10,593,894,400 pos[0m  [1;36mtrain_time=3787.5s[0m  [1;32mpos/s=2,797,038[0m
  [2mcuda-cpp SFNN[0m [1;36m[progress][0m  [1;36mepoch 3[0m  [1;33msb 50/108[0m  [33mthis-sb=39,976,960 pos (610 batches x 65,536)[0m  [36mtotal=10,633,871,360 pos[0m  [1;36mtrain_time=3801.8s[0m  [1;32mpos/s=2,797,077[0m
  [2mcuda-cpp SFNN[0m [1;36m[progress][0m  [1;36mepoch 3[0m  [1;33msb 51/108[0m  [33mthis-sb=39,976,960 pos (610 batches x 65,536)[0m  [36mtotal=10,673,848,320 pos[0m  [1;36mtrain_time=3816.0s[0m  [1;32mpos/s=2,797,110[0m
  cuda-cpp HalfKA2 validation forward = gpu: positions=300000, batch_size=8192, elapsed=0.592s
  test: accuracy=69.7647% (209294/300000 decisive; draws=0 excluded; mate=0 filtered), loss=0.077578 (n=300000)
  [2mcuda-cpp HalfKA2[0m [1;33mvalidation detail[0m: positions=300,000, batch_size=8,192, load/cache=0.000s, weight_fold=0.196s, context=0.000s, weight_upload=0.040s, batches=0.592s, metrics=0.005s, total=0.832s
  [2mcuda-cpp SFNN[0m [1;36m[progress][0m  [1;36mepoch 3[0m  [1;33msb 52/108[0m  [33mthis-sb=39,976,960 pos (610 batches x 65,536)[0m  [36mtotal=10,713,825,280 pos[0m  [1;36mtrain_time=3830.3s[0m  [1;32mpos/s=2,797,149[0m
  [2mcuda-cpp SFNN[0m [1;33mvalidation overhead[0m: [35mreadback=0.229s[0m  [33mvalidation=0.855s[0m  [2msave=skipped[0m  [1;32mtotal=1.083s[0m
  [2mcuda-cpp SFNN[0m [33mvalidation[0m: epoch=3, superbatch=52, [35mtest_value_accuracy=0.6976467[0m, [35mtest_value_loss=0.07757784[0m, [1;36melapsed=0.855s[0m
  [2mcuda-cpp SFNN[0m [1;36m[progress][0m  [1;36mepoch 3[0m  [1;33msb 53/108[0m  [33mthis-sb=39,976,960 pos (610 batches x 65,536)[0m  [36mtotal=10,753,802,240 pos[0m  [1;36mtrain_time=3844.5s[0m  [1;32mpos/s=2,797,178[0m
  [2mcuda-cpp SFNN[0m [1;36m[progress][0m  [1;36mepoch 3[0m  [1;33msb 54/108[0m  [33mthis-sb=39,976,960 pos (610 batches x 65,536)[0m  [36mtotal=10,793,779,200 pos[0m  [1;36mtrain_time=3858.8s[0m  [1;32mpos/s=2,797,221[0m
  [2mcuda-cpp SFNN[0m [1;36m[progress][0m  [1;36mepoch 3[0m  [1;33msb 55/108[0m  [33mthis-sb=39,976,960 pos (610 batches x 65,536)[0m  [36mtotal=10,833,756,160 pos[0m  [1;36mtrain_time=3873.0s[0m  [1;32mpos/s=2,797,256[0m
  cuda-cpp HalfKA2 validation forward = gpu: positions=300000, batch_size=8192, elapsed=0.593s
  test: accuracy=69.7237% (209171/300000 decisive; draws=0 excluded; mate=0 filtered), loss=0.077030 (n=300000)
  [2mcuda-cpp HalfKA2[0m [1;33mvalidation detail[0m: positions=300,000, batch_size=8,192, load/cache=0.000s, weight_fold=0.196s, context=0.000s, weight_upload=0.039s, batches=0.593s, metrics=0.005s, total=0.834s
  [2mcuda-cpp SFNN[0m [1;36m[progress][0m  [1;36mepoch 3[0m  [1;33msb 56/108[0m  [33mthis-sb=39,976,960 pos (610 batches x 65,536)[0m  [36mtotal=10,873,733,120 pos[0m  [1;36mtrain_time=3887.2s[0m  [1;32mpos/s=2,797,285[0m
  [2mcuda-cpp SFNN[0m [1;33mvalidation overhead[0m: [35mreadback=0.230s[0m  [33mvalidation=0.857s[0m  [2msave=skipped[0m  [1;32mtotal=1.086s[0m
  [2mcuda-cpp SFNN[0m [33mvalidation[0m: epoch=3, superbatch=56, [35mtest_value_accuracy=0.6972367[0m, [35mtest_value_loss=0.07702955[0m, [1;36melapsed=0.857s[0m
  [2mcuda-cpp SFNN[0m [1;36m[progress][0m  [1;36mepoch 3[0m  [1;33msb 57/108[0m  [33mthis-sb=39,976,960 pos (610 batches x 65,536)[0m  [36mtotal=10,913,710,080 pos[0m  [1;36mtrain_time=3901.5s[0m  [1;32mpos/s=2,797,310[0m
  [2mcuda-cpp SFNN[0m [1;36m[progress][0m  [1;36mepoch 3[0m  [1;33msb 58/108[0m  [33mthis-sb=39,976,960 pos (610 batches x 65,536)[0m  [36mtotal=10,953,687,040 pos[0m  [1;36mtrain_time=3915.8s[0m  [1;32mpos/s=2,797,341[0m
  [2mcuda-cpp SFNN[0m [1;36m[progress][0m  [1;36mepoch 3[0m  [1;33msb 59/108[0m  [33mthis-sb=39,976,960 pos (610 batches x 65,536)[0m  [36mtotal=10,993,664,000 pos[0m  [1;36mtrain_time=3930.0s[0m  [1;32mpos/s=2,797,369[0m
  cuda-cpp HalfKA2 validation forward = gpu: positions=300000, batch_size=8192, elapsed=0.592s
  test: accuracy=69.7200% (209160/300000 decisive; draws=0 excluded; mate=0 filtered), loss=0.077378 (n=300000)
  [2mcuda-cpp HalfKA2[0m [1;33mvalidation detail[0m: positions=300,000, batch_size=8,192, load/cache=0.000s, weight_fold=0.197s, context=0.000s, weight_upload=0.040s, batches=0.592s, metrics=0.005s, total=0.834s
  [2mcuda-cpp SFNN[0m [1;36m[progress][0m  [1;36mepoch 3[0m  [1;33msb 60/108[0m  [33mthis-sb=39,976,960 pos (610 batches x 65,536)[0m  [36mtotal=11,033,640,960 pos[0m  [1;36mtrain_time=3944.2s[0m  [1;32mpos/s=2,797,404[0m
  [2mcuda-cpp SFNN[0m [1;33mvalidation overhead[0m: [35mreadback=0.228s[0m  [33mvalidation=0.857s[0m  [2msave=skipped[0m  [1;32mtotal=1.085s[0m
  [2mcuda-cpp SFNN[0m [33mvalidation[0m: epoch=3, superbatch=60, [35mtest_value_accuracy=0.6972000[0m, [35mtest_value_loss=0.07737760[0m, [1;36melapsed=0.857s[0m
  [2mcuda-cpp SFNN[0m [1;36m[progress][0m  [1;36mepoch 3[0m  [1;33msb 61/108[0m  [33mthis-sb=39,976,960 pos (610 batches x 65,536)[0m  [36mtotal=11,073,617,920 pos[0m  [1;36mtrain_time=3958.5s[0m  [1;32mpos/s=2,797,427[0m
  [2mcuda-cpp SFNN[0m [1;36m[progress][0m  [1;36mepoch 3[0m  [1;33msb 62/108[0m  [33mthis-sb=39,976,960 pos (610 batches x 65,536)[0m  [36mtotal=11,113,594,880 pos[0m  [1;36mtrain_time=3972.7s[0m  [1;32mpos/s=2,797,463[0m
  [2mcuda-cpp SFNN[0m [1;36m[progress][0m  [1;36mepoch 3[0m  [1;33msb 63/108[0m  [33mthis-sb=39,976,960 pos (610 batches x 65,536)[0m  [36mtotal=11,153,571,840 pos[0m  [1;36mtrain_time=3987.0s[0m  [1;32mpos/s=2,797,503[0m
  cuda-cpp HalfKA2 validation forward = gpu: positions=300000, batch_size=8192, elapsed=0.592s
  test: accuracy=69.7980% (209394/300000 decisive; draws=0 excluded; mate=0 filtered), loss=0.077361 (n=300000)
  [2mcuda-cpp HalfKA2[0m [1;33mvalidation detail[0m: positions=300,000, batch_size=8,192, load/cache=0.000s, weight_fold=0.194s, context=0.001s, weight_upload=0.043s, batches=0.592s, metrics=0.005s, total=0.834s
  [2mcuda-cpp SFNN[0m [1;36m[progress][0m  [1;36mepoch 3[0m  [1;33msb 64/108[0m  [33mthis-sb=39,976,960 pos (610 batches x 65,536)[0m  [36mtotal=11,193,548,800 pos[0m  [1;36mtrain_time=4001.2s[0m  [1;32mpos/s=2,797,536[0m
  [2mcuda-cpp SFNN[0m [1;33mvalidation overhead[0m: [35mreadback=0.237s[0m  [33mvalidation=0.855s[0m  [2msave=skipped[0m  [1;32mtotal=1.092s[0m
  [2mcuda-cpp SFNN[0m [33mvalidation[0m: epoch=3, superbatch=64, [35mtest_value_accuracy=0.6979800[0m, [35mtest_value_loss=0.07736076[0m, [1;36melapsed=0.855s[0m
  [2mcuda-cpp SFNN[0m [1;36m[progress][0m  [1;36mepoch 3[0m  [1;33msb 65/108[0m  [33mthis-sb=39,976,960 pos (610 batches x 65,536)[0m  [36mtotal=11,233,525,760 pos[0m  [1;36mtrain_time=4015.5s[0m  [1;32mpos/s=2,797,556[0m
  [2mcuda-cpp SFNN[0m [1;36m[progress][0m  [1;36mepoch 3[0m  [1;33msb 66/108[0m  [33mthis-sb=39,976,960 pos (610 batches x 65,536)[0m  [36mtotal=11,273,502,720 pos[0m  [1;36mtrain_time=4029.7s[0m  [1;32mpos/s=2,797,598[0m
  [2mcuda-cpp SFNN[0m [1;36m[progress][0m  [1;36mepoch 3[0m  [1;33msb 67/108[0m  [33mthis-sb=39,976,960 pos (610 batches x 65,536)[0m  [36mtotal=11,313,479,680 pos[0m  [1;36mtrain_time=4043.9s[0m  [1;32mpos/s=2,797,631[0m
  cuda-cpp HalfKA2 validation forward = gpu: positions=300000, batch_size=8192, elapsed=0.590s
  test: accuracy=69.7883% (209365/300000 decisive; draws=0 excluded; mate=0 filtered), loss=0.077086 (n=300000)
  [2mcuda-cpp HalfKA2[0m [1;33mvalidation detail[0m: positions=300,000, batch_size=8,192, load/cache=0.000s, weight_fold=0.191s, context=0.000s, weight_upload=0.039s, batches=0.590s, metrics=0.005s, total=0.826s
  [2mcuda-cpp SFNN[0m [1;36m[progress][0m  [1;36mepoch 3[0m  [1;33msb 68/108[0m  [33mthis-sb=39,976,960 pos (610 batches x 65,536)[0m  [36mtotal=11,353,456,640 pos[0m  [1;36mtrain_time=4058.2s[0m  [1;32mpos/s=2,797,650[0m
  [2mcuda-cpp SFNN[0m [1;33mvalidation overhead[0m: [35mreadback=0.227s[0m  [33mvalidation=0.847s[0m  [2msave=skipped[0m  [1;32mtotal=1.074s[0m
  [2mcuda-cpp SFNN[0m [33mvalidation[0m: epoch=3, superbatch=68, [35mtest_value_accuracy=0.6978833[0m, [35mtest_value_loss=0.07708579[0m, [1;36melapsed=0.847s[0m
  [2mcuda-cpp SFNN[0m [1;36m[progress][0m  [1;36mepoch 3[0m  [1;33msb 69/108[0m  [33mthis-sb=39,976,960 pos (610 batches x 65,536)[0m  [36mtotal=11,393,433,600 pos[0m  [1;36mtrain_time=4072.5s[0m  [1;32mpos/s=2,797,674[0m
  [2mcuda-cpp SFNN[0m [1;36m[progress][0m  [1;36mepoch 3[0m  [1;33msb 70/108[0m  [33mthis-sb=39,976,960 pos (610 batches x 65,536)[0m  [36mtotal=11,433,410,560 pos[0m  [1;36mtrain_time=4086.7s[0m  [1;32mpos/s=2,797,702[0m
  [2mcuda-cpp SFNN[0m [1;36m[progress][0m  [1;36mepoch 3[0m  [1;33msb 71/108[0m  [33mthis-sb=39,976,960 pos (610 batches x 65,536)[0m  [36mtotal=11,473,387,520 pos[0m  [1;36mtrain_time=4101.0s[0m  [1;32mpos/s=2,797,730[0m
  cuda-cpp HalfKA2 validation forward = gpu: positions=300000, batch_size=8192, elapsed=0.592s
  test: accuracy=69.7640% (209292/300000 decisive; draws=0 excluded; mate=0 filtered), loss=0.077380 (n=300000)
  [2mcuda-cpp HalfKA2[0m [1;33mvalidation detail[0m: positions=300,000, batch_size=8,192, load/cache=0.000s, weight_fold=0.192s, context=0.000s, weight_upload=0.041s, batches=0.592s, metrics=0.005s, total=0.831s
  [2mcuda-cpp SFNN[0m [1;36m[progress][0m  [1;36mepoch 3[0m  [1;33msb 72/108[0m  [33mthis-sb=39,976,960 pos (610 batches x 65,536)[0m  [36mtotal=11,513,364,480 pos[0m  [1;36mtrain_time=4115.2s[0m  [1;32mpos/s=2,797,757[0m
  [2mcuda-cpp SFNN[0m [1;33mvalidation overhead[0m: [35mreadback=0.236s[0m  [33mvalidation=0.851s[0m  [2msave=skipped[0m  [1;32mtotal=1.087s[0m
  [2mcuda-cpp SFNN[0m [33mvalidation[0m: epoch=3, superbatch=72, [35mtest_value_accuracy=0.6976400[0m, [35mtest_value_loss=0.07738012[0m, [1;36melapsed=0.851s[0m
  [2mcuda-cpp SFNN[0m [1;36m[progress][0m  [1;36mepoch 3[0m  [1;33msb 73/108[0m  [33mthis-sb=39,976,960 pos (610 batches x 65,536)[0m  [36mtotal=11,553,341,440 pos[0m  [1;36mtrain_time=4129.5s[0m  [1;32mpos/s=2,797,768[0m
  [2mcuda-cpp SFNN[0m [1;36m[progress][0m  [1;36mepoch 3[0m  [1;33msb 74/108[0m  [33mthis-sb=39,976,960 pos (610 batches x 65,536)[0m  [36mtotal=11,593,318,400 pos[0m  [1;36mtrain_time=4143.7s[0m  [1;32mpos/s=2,797,802[0m
  [2mcuda-cpp SFNN[0m [1;36m[progress][0m  [1;36mepoch 3[0m  [1;33msb 75/108[0m  [33mthis-sb=39,976,960 pos (610 batches x 65,536)[0m  [36mtotal=11,633,295,360 pos[0m  [1;36mtrain_time=4158.0s[0m  [1;32mpos/s=2,797,831[0m
  cuda-cpp HalfKA2 validation forward = gpu: positions=300000, batch_size=8192, elapsed=0.589s
  test: accuracy=69.7687% (209306/300000 decisive; draws=0 excluded; mate=0 filtered), loss=0.077381 (n=300000)
  [2mcuda-cpp HalfKA2[0m [1;33mvalidation detail[0m: positions=300,000, batch_size=8,192, load/cache=0.000s, weight_fold=0.193s, context=0.000s, weight_upload=0.040s, batches=0.589s, metrics=0.005s, total=0.827s
  [2mcuda-cpp SFNN[0m [1;36m[progress][0m  [1;36mepoch 3[0m  [1;33msb 76/108[0m  [33mthis-sb=39,976,960 pos (610 batches x 65,536)[0m  [36mtotal=11,673,272,320 pos[0m  [1;36mtrain_time=4172.2s[0m  [1;32mpos/s=2,797,865[0m
  [2mcuda-cpp SFNN[0m [1;33mvalidation overhead[0m: [35mreadback=0.225s[0m  [33mvalidation=0.847s[0m  [2msave=skipped[0m  [1;32mtotal=1.072s[0m
  [2mcuda-cpp SFNN[0m [33mvalidation[0m: epoch=3, superbatch=76, [35mtest_value_accuracy=0.6976867[0m, [35mtest_value_loss=0.07738065[0m, [1;36melapsed=0.847s[0m
  [2mcuda-cpp SFNN[0m [1;36m[progress][0m  [1;36mepoch 3[0m  [1;33msb 77/108[0m  [33mthis-sb=39,976,960 pos (610 batches x 65,536)[0m  [36mtotal=11,713,249,280 pos[0m  [1;36mtrain_time=4186.5s[0m  [1;32mpos/s=2,797,887[0m
  [2mcuda-cpp SFNN[0m [1;36m[progress][0m  [1;36mepoch 3[0m  [1;33msb 78/108[0m  [33mthis-sb=39,976,960 pos (610 batches x 65,536)[0m  [36mtotal=11,753,226,240 pos[0m  [1;36mtrain_time=4200.7s[0m  [1;32mpos/s=2,797,917[0m
  [2mcuda-cpp SFNN[0m [1;36m[progress][0m  [1;36mepoch 3[0m  [1;33msb 79/108[0m  [33mthis-sb=39,976,960 pos (610 batches x 65,536)[0m  [36mtotal=11,793,203,200 pos[0m  [1;36mtrain_time=4214.9s[0m  [1;32mpos/s=2,797,948[0m
  cuda-cpp HalfKA2 validation forward = gpu: positions=300000, batch_size=8192, elapsed=0.595s
  test: accuracy=69.8397% (209519/300000 decisive; draws=0 excluded; mate=0 filtered), loss=0.076993 (n=300000)
  [2mcuda-cpp HalfKA2[0m [1;33mvalidation detail[0m: positions=300,000, batch_size=8,192, load/cache=0.000s, weight_fold=0.193s, context=0.000s, weight_upload=0.041s, batches=0.595s, metrics=0.005s, total=0.834s
  [2mcuda-cpp SFNN[0m [1;36m[progress][0m  [1;36mepoch 3[0m  [1;33msb 80/108[0m  [33mthis-sb=39,976,960 pos (610 batches x 65,536)[0m  [36mtotal=11,833,180,160 pos[0m  [1;36mtrain_time=4229.2s[0m  [1;32mpos/s=2,797,976[0m
  [2mcuda-cpp SFNN[0m [1;33mvalidation overhead[0m: [35mreadback=0.225s[0m  [33mvalidation=0.855s[0m  [2msave=skipped[0m  [1;32mtotal=1.080s[0m
  [2mcuda-cpp SFNN[0m [33mvalidation[0m: epoch=3, superbatch=80, [35mtest_value_accuracy=0.6983967[0m, [35mtest_value_loss=0.07699315[0m, [1;36melapsed=0.855s[0m
  [2mcuda-cpp SFNN[0m [1;36m[progress][0m  [1;36mepoch 3[0m  [1;33msb 81/108[0m  [33mthis-sb=39,976,960 pos (610 batches x 65,536)[0m  [36mtotal=11,873,157,120 pos[0m  [1;36mtrain_time=4243.4s[0m  [1;32mpos/s=2,798,004[0m
  [2mcuda-cpp SFNN[0m [1;36m[progress][0m  [1;36mepoch 3[0m  [1;33msb 82/108[0m  [33mthis-sb=39,976,960 pos (610 batches x 65,536)[0m  [36mtotal=11,913,134,080 pos[0m  [1;36mtrain_time=4257.7s[0m  [1;32mpos/s=2,798,040[0m
  [2mcuda-cpp SFNN[0m [1;36m[progress][0m  [1;36mepoch 3[0m  [1;33msb 83/108[0m  [33mthis-sb=39,976,960 pos (610 batches x 65,536)[0m  [36mtotal=11,953,111,040 pos[0m  [1;36mtrain_time=4271.9s[0m  [1;32mpos/s=2,798,070[0m
  cuda-cpp HalfKA2 validation forward = gpu: positions=300000, batch_size=8192, elapsed=0.593s
  test: accuracy=69.8670% (209601/300000 decisive; draws=0 excluded; mate=0 filtered), loss=0.077064 (n=300000)
  [2mcuda-cpp HalfKA2[0m [1;33mvalidation detail[0m: positions=300,000, batch_size=8,192, load/cache=0.000s, weight_fold=0.189s, context=0.000s, weight_upload=0.040s, batches=0.593s, metrics=0.005s, total=0.828s
  [2mcuda-cpp SFNN[0m [1;36m[progress][0m  [1;36mepoch 3[0m  [1;33msb 84/108[0m  [33mthis-sb=39,976,960 pos (610 batches x 65,536)[0m  [36mtotal=11,993,088,000 pos[0m  [1;36mtrain_time=4286.2s[0m  [1;32mpos/s=2,798,092[0m
  [2mcuda-cpp SFNN[0m [1;33mvalidation overhead[0m: [35mreadback=0.224s[0m  [33mvalidation=0.848s[0m  [2msave=skipped[0m  [1;32mtotal=1.071s[0m
  [2mcuda-cpp SFNN[0m [33mvalidation[0m: epoch=3, superbatch=84, [35mtest_value_accuracy=0.6986700[0m, [35mtest_value_loss=0.07706402[0m, [1;36melapsed=0.848s[0m
  [2mcuda-cpp SFNN[0m [1;36m[progress][0m  [1;36mepoch 3[0m  [1;33msb 85/108[0m  [33mthis-sb=39,976,960 pos (610 batches x 65,536)[0m  [36mtotal=12,033,064,960 pos[0m  [1;36mtrain_time=4300.4s[0m  [1;32mpos/s=2,798,113[0m
  [2mcuda-cpp SFNN[0m [1;36m[progress][0m  [1;36mepoch 3[0m  [1;33msb 86/108[0m  [33mthis-sb=39,976,960 pos (610 batches x 65,536)[0m  [36mtotal=12,073,041,920 pos[0m  [1;36mtrain_time=4314.7s[0m  [1;32mpos/s=2,798,141[0m
  [2mcuda-cpp SFNN[0m [1;36m[progress][0m  [1;36mepoch 3[0m  [1;33msb 87/108[0m  [33mthis-sb=39,976,960 pos (610 batches x 65,536)[0m  [36mtotal=12,113,018,880 pos[0m  [1;36mtrain_time=4328.9s[0m  [1;32mpos/s=2,798,172[0m
  cuda-cpp HalfKA2 validation forward = gpu: positions=300000, batch_size=8192, elapsed=0.591s
  test: accuracy=69.8593% (209578/300000 decisive; draws=0 excluded; mate=0 filtered), loss=0.076987 (n=300000)
  [2mcuda-cpp HalfKA2[0m [1;33mvalidation detail[0m: positions=300,000, batch_size=8,192, load/cache=0.000s, weight_fold=0.191s, context=0.000s, weight_upload=0.040s, batches=0.591s, metrics=0.005s, total=0.828s
  [2mcuda-cpp SFNN[0m [1;36m[progress][0m  [1;36mepoch 3[0m  [1;33msb 88/108[0m  [33mthis-sb=39,976,960 pos (610 batches x 65,536)[0m  [36mtotal=12,152,995,840 pos[0m  [1;36mtrain_time=4343.2s[0m  [1;32mpos/s=2,798,197[0m
  [2mcuda-cpp SFNN[0m [1;33mvalidation overhead[0m: [35mreadback=0.223s[0m  [33mvalidation=0.849s[0m  [2msave=skipped[0m  [1;32mtotal=1.073s[0m
  [2mcuda-cpp SFNN[0m [33mvalidation[0m: epoch=3, superbatch=88, [35mtest_value_accuracy=0.6985933[0m, [35mtest_value_loss=0.07698717[0m, [1;36melapsed=0.849s[0m
  [2mcuda-cpp SFNN[0m [1;36m[progress][0m  [1;36mepoch 3[0m  [1;33msb 89/108[0m  [33mthis-sb=39,976,960 pos (610 batches x 65,536)[0m  [36mtotal=12,192,972,800 pos[0m  [1;36mtrain_time=4357.4s[0m  [1;32mpos/s=2,798,218[0m
  [2mcuda-cpp SFNN[0m [1;36m[progress][0m  [1;36mepoch 3[0m  [1;33msb 90/108[0m  [33mthis-sb=39,976,960 pos (610 batches x 65,536)[0m  [36mtotal=12,232,949,760 pos[0m  [1;36mtrain_time=4371.7s[0m  [1;32mpos/s=2,798,243[0m
  [2mcuda-cpp SFNN[0m [1;36m[progress][0m  [1;36mepoch 3[0m  [1;33msb 91/108[0m  [33mthis-sb=39,976,960 pos (610 batches x 65,536)[0m  [36mtotal=12,272,926,720 pos[0m  [1;36mtrain_time=4385.9s[0m  [1;32mpos/s=2,798,275[0m
  cuda-cpp HalfKA2 validation forward = gpu: positions=300000, batch_size=8192, elapsed=0.596s
  test: accuracy=69.8353% (209506/300000 decisive; draws=0 excluded; mate=0 filtered), loss=0.077113 (n=300000)
  [2mcuda-cpp HalfKA2[0m [1;33mvalidation detail[0m: positions=300,000, batch_size=8,192, load/cache=0.000s, weight_fold=0.192s, context=0.000s, weight_upload=0.041s, batches=0.596s, metrics=0.005s, total=0.835s
  [2mcuda-cpp SFNN[0m [1;36m[progress][0m  [1;36mepoch 3[0m  [1;33msb 92/108[0m  [33mthis-sb=39,976,960 pos (610 batches x 65,536)[0m  [36mtotal=12,312,903,680 pos[0m  [1;36mtrain_time=4400.1s[0m  [1;32mpos/s=2,798,298[0m
  [2mcuda-cpp SFNN[0m [1;33mvalidation overhead[0m: [35mreadback=0.224s[0m  [33mvalidation=0.859s[0m  [2msave=skipped[0m  [1;32mtotal=1.083s[0m
  [2mcuda-cpp SFNN[0m [33mvalidation[0m: epoch=3, superbatch=92, [35mtest_value_accuracy=0.6983534[0m, [35mtest_value_loss=0.07711259[0m, [1;36melapsed=0.859s[0m
  [2mcuda-cpp SFNN[0m [1;36m[progress][0m  [1;36mepoch 3[0m  [1;33msb 93/108[0m  [33mthis-sb=39,976,960 pos (610 batches x 65,536)[0m  [36mtotal=12,352,880,640 pos[0m  [1;36mtrain_time=4414.4s[0m  [1;32mpos/s=2,798,325[0m
  [2mcuda-cpp SFNN[0m [1;36m[progress][0m  [1;36mepoch 3[0m  [1;33msb 94/108[0m  [33mthis-sb=39,976,960 pos (610 batches x 65,536)[0m  [36mtotal=12,392,857,600 pos[0m  [1;36mtrain_time=4428.6s[0m  [1;32mpos/s=2,798,360[0m
  [2mcuda-cpp SFNN[0m [1;36m[progress][0m  [1;36mepoch 3[0m  [1;33msb 95/108[0m  [33mthis-sb=39,976,960 pos (610 batches x 65,536)[0m  [36mtotal=12,432,834,560 pos[0m  [1;36mtrain_time=4442.9s[0m  [1;32mpos/s=2,798,389[0m
  cuda-cpp HalfKA2 validation forward = gpu: positions=300000, batch_size=8192, elapsed=0.604s
  test: accuracy=69.8490% (209547/300000 decisive; draws=0 excluded; mate=0 filtered), loss=0.077111 (n=300000)
  [2mcuda-cpp HalfKA2[0m [1;33mvalidation detail[0m: positions=300,000, batch_size=8,192, load/cache=0.000s, weight_fold=0.190s, context=0.000s, weight_upload=0.039s, batches=0.604s, metrics=0.005s, total=0.838s
  [2mcuda-cpp SFNN[0m [1;36m[progress][0m  [1;36mepoch 3[0m  [1;33msb 96/108[0m  [33mthis-sb=39,976,960 pos (610 batches x 65,536)[0m  [36mtotal=12,472,811,520 pos[0m  [1;36mtrain_time=4457.1s[0m  [1;32mpos/s=2,798,417[0m
  [2mcuda-cpp SFNN[0m [1;33mvalidation overhead[0m: [35mreadback=0.224s[0m  [33mvalidation=0.861s[0m  [2msave=skipped[0m  [1;32mtotal=1.086s[0m
  [2mcuda-cpp SFNN[0m [33mvalidation[0m: epoch=3, superbatch=96, [35mtest_value_accuracy=0.6984900[0m, [35mtest_value_loss=0.07711097[0m, [1;36melapsed=0.861s[0m
  [2mcuda-cpp SFNN[0m [1;36m[progress][0m  [1;36mepoch 3[0m  [1;33msb 97/108[0m  [33mthis-sb=39,976,960 pos (610 batches x 65,536)[0m  [36mtotal=12,512,788,480 pos[0m  [1;36mtrain_time=4471.3s[0m  [1;32mpos/s=2,798,439[0m
  [2mcuda-cpp SFNN[0m [1;36m[progress][0m  [1;36mepoch 3[0m  [1;33msb 98/108[0m  [33mthis-sb=39,976,960 pos (610 batches x 65,536)[0m  [36mtotal=12,552,765,440 pos[0m  [1;36mtrain_time=4485.6s[0m  [1;32mpos/s=2,798,469[0m
  [2mcuda-cpp SFNN[0m [1;36m[progress][0m  [1;36mepoch 3[0m  [1;33msb 99/108[0m  [33mthis-sb=39,976,960 pos (610 batches x 65,536)[0m  [36mtotal=12,592,742,400 pos[0m  [1;36mtrain_time=4499.8s[0m  [1;32mpos/s=2,798,496[0m
  cuda-cpp HalfKA2 validation forward = gpu: positions=300000, batch_size=8192, elapsed=0.597s
  test: accuracy=69.9000% (209700/300000 decisive; draws=0 excluded; mate=0 filtered), loss=0.076916 (n=300000)
  [2mcuda-cpp HalfKA2[0m [1;33mvalidation detail[0m: positions=300,000, batch_size=8,192, load/cache=0.000s, weight_fold=0.207s, context=0.000s, weight_upload=0.040s, batches=0.597s, metrics=0.005s, total=0.848s
  [2mcuda-cpp SFNN[0m [1;36m[progress][0m  [1;36mepoch 3[0m  [1;33msb 100/108[0m  [33mthis-sb=39,976,960 pos (610 batches x 65,536)[0m  [36mtotal=12,632,719,360 pos[0m  [1;36mtrain_time=4514.1s[0m  [1;32mpos/s=2,798,524[0m
  [2mcuda-cpp SFNN[0m [1;33mvalidation overhead[0m: [35mreadback=0.225s[0m  [33mvalidation=0.879s[0m  [2msave=skipped[0m  [1;32mtotal=1.104s[0m
  [2mcuda-cpp SFNN[0m [33mvalidation[0m: epoch=3, superbatch=100, [35mtest_value_accuracy=0.6990000[0m, [35mtest_value_loss=0.07691610[0m, [1;36melapsed=0.879s[0m
  [2mcuda-cpp SFNN[0m [1;36m[progress][0m  [1;36mepoch 3[0m  [1;33msb 101/108[0m  [33mthis-sb=39,976,960 pos (610 batches x 65,536)[0m  [36mtotal=12,672,696,320 pos[0m  [1;36mtrain_time=4528.3s[0m  [1;32mpos/s=2,798,544[0m
  [2mcuda-cpp SFNN[0m [1;36m[progress][0m  [1;36mepoch 3[0m  [1;33msb 102/108[0m  [33mthis-sb=39,976,960 pos (610 batches x 65,536)[0m  [36mtotal=12,712,673,280 pos[0m  [1;36mtrain_time=4542.6s[0m  [1;32mpos/s=2,798,574[0m
  [2mcuda-cpp SFNN[0m [1;36m[progress][0m  [1;36mepoch 3[0m  [1;33msb 103/108[0m  [33mthis-sb=39,976,960 pos (610 batches x 65,536)[0m  [36mtotal=12,752,650,240 pos[0m  [1;36mtrain_time=4556.8s[0m  [1;32mpos/s=2,798,601[0m
  cuda-cpp HalfKA2 validation forward = gpu: positions=300000, batch_size=8192, elapsed=0.589s
  test: accuracy=69.8773% (209632/300000 decisive; draws=0 excluded; mate=0 filtered), loss=0.076963 (n=300000)
  [2mcuda-cpp HalfKA2[0m [1;33mvalidation detail[0m: positions=300,000, batch_size=8,192, load/cache=0.000s, weight_fold=0.194s, context=0.000s, weight_upload=0.040s, batches=0.589s, metrics=0.005s, total=0.829s
  [2mcuda-cpp SFNN[0m [1;36m[progress][0m  [1;36mepoch 3[0m  [1;33msb 104/108[0m  [33mthis-sb=39,976,960 pos (610 batches x 65,536)[0m  [36mtotal=12,792,627,200 pos[0m  [1;36mtrain_time=4571.0s[0m  [1;32mpos/s=2,798,632[0m
  [2mcuda-cpp SFNN[0m [1;33mvalidation overhead[0m: [35mreadback=0.224s[0m  [33mvalidation=0.850s[0m  [2msave=skipped[0m  [1;32mtotal=1.074s[0m
  [2mcuda-cpp SFNN[0m [33mvalidation[0m: epoch=3, superbatch=104, [35mtest_value_accuracy=0.6987733[0m, [35mtest_value_loss=0.07696257[0m, [1;36melapsed=0.850s[0m
  [2mcuda-cpp SFNN[0m [1;36m[progress][0m  [1;36mepoch 3[0m  [1;33msb 105/108[0m  [33mthis-sb=39,976,960 pos (610 batches x 65,536)[0m  [36mtotal=12,832,604,160 pos[0m  [1;36mtrain_time=4585.3s[0m  [1;32mpos/s=2,798,644[0m
  [2mcuda-cpp SFNN[0m [1;36m[progress][0m  [1;36mepoch 3[0m  [1;33msb 106/108[0m  [33mthis-sb=39,976,960 pos (610 batches x 65,536)[0m  [36mtotal=12,872,581,120 pos[0m  [1;36mtrain_time=4599.5s[0m  [1;32mpos/s=2,798,668[0m
  [2mcuda-cpp SFNN[0m [1;36m[progress][0m  [1;36mepoch 3[0m  [1;33msb 107/108[0m  [33mthis-sb=39,976,960 pos (610 batches x 65,536)[0m  [36mtotal=12,912,558,080 pos[0m  [1;36mtrain_time=4613.8s[0m  [1;32mpos/s=2,798,699[0m
  cuda-cpp HalfKA2 validation forward = gpu: positions=300000, batch_size=8192, elapsed=0.593s
  test: accuracy=69.8637% (209591/300000 decisive; draws=0 excluded; mate=0 filtered), loss=0.077027 (n=300000)
  [2mcuda-cpp HalfKA2[0m [1;33mvalidation detail[0m: positions=300,000, batch_size=8,192, load/cache=0.000s, weight_fold=0.194s, context=0.000s, weight_upload=0.040s, batches=0.593s, metrics=0.005s, total=0.833s
  [2mcuda-cpp SFNN[0m [1;32m[checkpoint][0m  [1;36mepoch 3[0m  [1;33msb 108/108[0m  [33mthis-sb=39,976,960 pos (610 batches x 65,536)[0m  [36mtotal=12,952,535,040 pos[0m  [1;36mtrain_time=4628.0s[0m  [1;32mpos/s=2,798,732[0m
  [2mcuda-cpp SFNN[0m [1;33mcheckpoint overhead[0m: [35mreadback=0.892s[0m  [33mvalidation=0.857s[0m  [36msave=4.447s (state.bin 2.04 GiB, 470 MiB/s)[0m  [1;32mtotal=6.195s[0m
  [2mcuda-cpp SFNN[0m [33mvalidation[0m: epoch=3, superbatch=108, [35mtest_value_accuracy=0.6986367[0m, [35mtest_value_loss=0.07702681[0m, [1;36melapsed=0.857s[0m
  [2mcuda-cpp SFNN[0m [1;36m[progress][0m  [1;36mepoch 4[0m  [1;33msb 1/108[0m  [33mthis-sb=39,976,960 pos (610 batches x 65,536)[0m  [36mtotal=12,992,512,000 pos[0m  [1;36mtrain_time=4642.3s[0m  [1;32mpos/s=2,798,745[0m
  [2mcuda-cpp SFNN[0m [1;36m[progress][0m  [1;36mepoch 4[0m  [1;33msb 2/108[0m  [33mthis-sb=39,976,960 pos (610 batches x 65,536)[0m  [36mtotal=13,032,488,960 pos[0m  [1;36mtrain_time=4656.4s[0m  [1;32mpos/s=2,798,806[0m
  [2mcuda-cpp SFNN[0m [1;36m[progress][0m  [1;36mepoch 4[0m  [1;33msb 3/108[0m  [33mthis-sb=39,976,960 pos (610 batches x 65,536)[0m  [36mtotal=13,072,465,920 pos[0m  [1;36mtrain_time=4670.6s[0m  [1;32mpos/s=2,798,862[0m
  cuda-cpp HalfKA2 validation forward = gpu: positions=300000, batch_size=8192, elapsed=0.592s
  test: accuracy=69.4573% (208372/300000 decisive; draws=0 excluded; mate=0 filtered), loss=0.078051 (n=300000)
  [2mcuda-cpp HalfKA2[0m [1;33mvalidation detail[0m: positions=300,000, batch_size=8,192, load/cache=0.000s, weight_fold=0.190s, context=0.000s, weight_upload=0.041s, batches=0.592s, metrics=0.005s, total=0.828s
  [2mcuda-cpp SFNN[0m [1;36m[progress][0m  [1;36mepoch 4[0m  [1;33msb 4/108[0m  [33mthis-sb=39,976,960 pos (610 batches x 65,536)[0m  [36mtotal=13,112,442,880 pos[0m  [1;36mtrain_time=4684.9s[0m  [1;32mpos/s=2,798,897[0m
  [2mcuda-cpp SFNN[0m [1;33mvalidation overhead[0m: [35mreadback=0.223s[0m  [33mvalidation=0.849s[0m  [2msave=skipped[0m  [1;32mtotal=1.071s[0m
  [2mcuda-cpp SFNN[0m [33mvalidation[0m: epoch=4, superbatch=4, [35mtest_value_accuracy=0.6945733[0m, [35mtest_value_loss=0.07805058[0m, [1;36melapsed=0.849s[0m
  [2mcuda-cpp SFNN[0m [1;36m[progress][0m  [1;36mepoch 4[0m  [1;33msb 5/108[0m  [33mthis-sb=39,976,960 pos (610 batches x 65,536)[0m  [36mtotal=13,152,419,840 pos[0m  [1;36mtrain_time=4699.1s[0m  [1;32mpos/s=2,798,935[0m
  [2mcuda-cpp SFNN[0m [1;36m[progress][0m  [1;36mepoch 4[0m  [1;33msb 6/108[0m  [33mthis-sb=39,976,960 pos (610 batches x 65,536)[0m  [36mtotal=13,192,396,800 pos[0m  [1;36mtrain_time=4713.3s[0m  [1;32mpos/s=2,798,980[0m
  [2mcuda-cpp SFNN[0m [1;36m[progress][0m  [1;36mepoch 4[0m  [1;33msb 7/108[0m  [33mthis-sb=39,976,960 pos (610 batches x 65,536)[0m  [36mtotal=13,232,373,760 pos[0m  [1;36mtrain_time=4727.5s[0m  [1;32mpos/s=2,799,011[0m
  cuda-cpp HalfKA2 validation forward = gpu: positions=300000, batch_size=8192, elapsed=0.590s
  test: accuracy=69.5067% (208520/300000 decisive; draws=0 excluded; mate=0 filtered), loss=0.077716 (n=300000)
  [2mcuda-cpp HalfKA2[0m [1;33mvalidation detail[0m: positions=300,000, batch_size=8,192, load/cache=0.000s, weight_fold=0.192s, context=0.000s, weight_upload=0.043s, batches=0.590s, metrics=0.005s, total=0.830s
  [2mcuda-cpp SFNN[0m [1;36m[progress][0m  [1;36mepoch 4[0m  [1;33msb 8/108[0m  [33mthis-sb=39,976,960 pos (610 batches x 65,536)[0m  [36mtotal=13,272,350,720 pos[0m  [1;36mtrain_time=4741.8s[0m  [1;32mpos/s=2,799,022[0m
  [2mcuda-cpp SFNN[0m [1;33mvalidation overhead[0m: [35mreadback=0.231s[0m  [33mvalidation=0.851s[0m  [2msave=skipped[0m  [1;32mtotal=1.082s[0m
  [2mcuda-cpp SFNN[0m [33mvalidation[0m: epoch=4, superbatch=8, [35mtest_value_accuracy=0.6950667[0m, [35mtest_value_loss=0.07771554[0m, [1;36melapsed=0.851s[0m
  [2mcuda-cpp SFNN[0m [1;36m[progress][0m  [1;36mepoch 4[0m  [1;33msb 9/108[0m  [33mthis-sb=39,976,960 pos (610 batches x 65,536)[0m  [36mtotal=13,312,327,680 pos[0m  [1;36mtrain_time=4756.0s[0m  [1;32mpos/s=2,799,054[0m
  [2mcuda-cpp SFNN[0m [1;36m[progress][0m  [1;36mepoch 4[0m  [1;33msb 10/108[0m  [33mthis-sb=39,976,960 pos (610 batches x 65,536)[0m  [36mtotal=13,352,304,640 pos[0m  [1;36mtrain_time=4770.2s[0m  [1;32mpos/s=2,799,102[0m
  [2mcuda-cpp SFNN[0m [1;36m[progress][0m  [1;36mepoch 4[0m  [1;33msb 11/108[0m  [33mthis-sb=39,976,960 pos (610 batches x 65,536)[0m  [36mtotal=13,392,281,600 pos[0m  [1;36mtrain_time=4784.4s[0m  [1;32mpos/s=2,799,141[0m
  cuda-cpp HalfKA2 validation forward = gpu: positions=300000, batch_size=8192, elapsed=0.593s
  test: accuracy=69.6283% (208885/300000 decisive; draws=0 excluded; mate=0 filtered), loss=0.077258 (n=300000)
  [2mcuda-cpp HalfKA2[0m [1;33mvalidation detail[0m: positions=300,000, batch_size=8,192, load/cache=0.000s, weight_fold=0.190s, context=0.000s, weight_upload=0.040s, batches=0.593s, metrics=0.005s, total=0.828s
  [2mcuda-cpp SFNN[0m [1;36m[progress][0m  [1;36mepoch 4[0m  [1;33msb 12/108[0m  [33mthis-sb=39,976,960 pos (610 batches x 65,536)[0m  [36mtotal=13,432,258,560 pos[0m  [1;36mtrain_time=4798.7s[0m  [1;32mpos/s=2,799,168[0m
  [2mcuda-cpp SFNN[0m [1;33mvalidation overhead[0m: [35mreadback=0.225s[0m  [33mvalidation=0.852s[0m  [2msave=skipped[0m  [1;32mtotal=1.077s[0m
  [2mcuda-cpp SFNN[0m [33mvalidation[0m: epoch=4, superbatch=12, [35mtest_value_accuracy=0.6962833[0m, [35mtest_value_loss=0.07725845[0m, [1;36melapsed=0.852s[0m
  [2mcuda-cpp SFNN[0m [1;36m[progress][0m  [1;36mepoch 4[0m  [1;33msb 13/108[0m  [33mthis-sb=39,976,960 pos (610 batches x 65,536)[0m  [36mtotal=13,472,235,520 pos[0m  [1;36mtrain_time=4812.9s[0m  [1;32mpos/s=2,799,190[0m
  [2mcuda-cpp SFNN[0m [1;36m[progress][0m  [1;36mepoch 4[0m  [1;33msb 14/108[0m  [33mthis-sb=39,976,960 pos (610 batches x 65,536)[0m  [36mtotal=13,512,212,480 pos[0m  [1;36mtrain_time=4827.1s[0m  [1;32mpos/s=2,799,216[0m
  [2mcuda-cpp SFNN[0m [1;36m[progress][0m  [1;36mepoch 4[0m  [1;33msb 15/108[0m  [33mthis-sb=39,976,960 pos (610 batches x 65,536)[0m  [36mtotal=13,552,189,440 pos[0m  [1;36mtrain_time=4841.4s[0m  [1;32mpos/s=2,799,253[0m
  cuda-cpp HalfKA2 validation forward = gpu: positions=300000, batch_size=8192, elapsed=0.599s
  test: accuracy=69.6417% (208925/300000 decisive; draws=0 excluded; mate=0 filtered), loss=0.077603 (n=300000)
  [2mcuda-cpp HalfKA2[0m [1;33mvalidation detail[0m: positions=300,000, batch_size=8,192, load/cache=0.000s, weight_fold=0.190s, context=0.000s, weight_upload=0.040s, batches=0.599s, metrics=0.005s, total=0.835s
  [2mcuda-cpp SFNN[0m [1;36m[progress][0m  [1;36mepoch 4[0m  [1;33msb 16/108[0m  [33mthis-sb=39,976,960 pos (610 batches x 65,536)[0m  [36mtotal=13,592,166,400 pos[0m  [1;36mtrain_time=4855.6s[0m  [1;32mpos/s=2,799,283[0m
  [2mcuda-cpp SFNN[0m [1;33mvalidation overhead[0m: [35mreadback=0.223s[0m  [33mvalidation=0.855s[0m  [2msave=skipped[0m  [1;32mtotal=1.078s[0m
  [2mcuda-cpp SFNN[0m [33mvalidation[0m: epoch=4, superbatch=16, [35mtest_value_accuracy=0.6964167[0m, [35mtest_value_loss=0.07760286[0m, [1;36melapsed=0.855s[0m
  [2mcuda-cpp SFNN[0m [1;36m[progress][0m  [1;36mepoch 4[0m  [1;33msb 17/108[0m  [33mthis-sb=39,976,960 pos (610 batches x 65,536)[0m  [36mtotal=13,632,143,360 pos[0m  [1;36mtrain_time=4869.8s[0m  [1;32mpos/s=2,799,312[0m
  [2mcuda-cpp SFNN[0m [1;36m[progress][0m  [1;36mepoch 4[0m  [1;33msb 18/108[0m  [33mthis-sb=39,976,960 pos (610 batches x 65,536)[0m  [36mtotal=13,672,120,320 pos[0m  [1;36mtrain_time=4884.0s[0m  [1;32mpos/s=2,799,346[0m
  [2mcuda-cpp SFNN[0m [1;36m[progress][0m  [1;36mepoch 4[0m  [1;33msb 19/108[0m  [33mthis-sb=39,976,960 pos (610 batches x 65,536)[0m  [36mtotal=13,712,097,280 pos[0m  [1;36mtrain_time=4898.3s[0m  [1;32mpos/s=2,799,373[0m
  cuda-cpp HalfKA2 validation forward = gpu: positions=300000, batch_size=8192, elapsed=0.594s
  test: accuracy=69.5873% (208762/300000 decisive; draws=0 excluded; mate=0 filtered), loss=0.077683 (n=300000)
  [2mcuda-cpp HalfKA2[0m [1;33mvalidation detail[0m: positions=300,000, batch_size=8,192, load/cache=0.000s, weight_fold=0.195s, context=0.000s, weight_upload=0.045s, batches=0.594s, metrics=0.005s, total=0.839s
  [2mcuda-cpp SFNN[0m [1;36m[progress][0m  [1;36mepoch 4[0m  [1;33msb 20/108[0m  [33mthis-sb=39,976,960 pos (610 batches x 65,536)[0m  [36mtotal=13,752,074,240 pos[0m  [1;36mtrain_time=4912.5s[0m  [1;32mpos/s=2,799,401[0m
  [2mcuda-cpp SFNN[0m [1;33mvalidation overhead[0m: [35mreadback=0.227s[0m  [33mvalidation=0.862s[0m  [2msave=skipped[0m  [1;32mtotal=1.089s[0m
  [2mcuda-cpp SFNN[0m [33mvalidation[0m: epoch=4, superbatch=20, [35mtest_value_accuracy=0.6958733[0m, [35mtest_value_loss=0.07768347[0m, [1;36melapsed=0.862s[0m
  [2mcuda-cpp SFNN[0m [1;36m[progress][0m  [1;36mepoch 4[0m  [1;33msb 21/108[0m  [33mthis-sb=39,976,960 pos (610 batches x 65,536)[0m  [36mtotal=13,792,051,200 pos[0m  [1;36mtrain_time=4926.7s[0m  [1;32mpos/s=2,799,431[0m
  [2mcuda-cpp SFNN[0m [1;36m[progress][0m  [1;36mepoch 4[0m  [1;33msb 22/108[0m  [33mthis-sb=39,976,960 pos (610 batches x 65,536)[0m  [36mtotal=13,832,028,160 pos[0m  [1;36mtrain_time=4941.0s[0m  [1;32mpos/s=2,799,467[0m
  [2mcuda-cpp SFNN[0m [1;36m[progress][0m  [1;36mepoch 4[0m  [1;33msb 23/108[0m  [33mthis-sb=39,976,960 pos (610 batches x 65,536)[0m  [36mtotal=13,872,005,120 pos[0m  [1;36mtrain_time=4955.2s[0m  [1;32mpos/s=2,799,511[0m
  cuda-cpp HalfKA2 validation forward = gpu: positions=300000, batch_size=8192, elapsed=0.593s
  test: accuracy=69.6717% (209015/300000 decisive; draws=0 excluded; mate=0 filtered), loss=0.077137 (n=300000)
  [2mcuda-cpp HalfKA2[0m [1;33mvalidation detail[0m: positions=300,000, batch_size=8,192, load/cache=0.000s, weight_fold=0.201s, context=0.000s, weight_upload=0.038s, batches=0.593s, metrics=0.005s, total=0.837s
  [2mcuda-cpp SFNN[0m [1;36m[progress][0m  [1;36mepoch 4[0m  [1;33msb 24/108[0m  [33mthis-sb=39,976,960 pos (610 batches x 65,536)[0m  [36mtotal=13,911,982,080 pos[0m  [1;36mtrain_time=4969.4s[0m  [1;32mpos/s=2,799,543[0m
  [2mcuda-cpp SFNN[0m [1;33mvalidation overhead[0m: [35mreadback=0.225s[0m  [33mvalidation=0.860s[0m  [2msave=skipped[0m  [1;32mtotal=1.085s[0m
  [2mcuda-cpp SFNN[0m [33mvalidation[0m: epoch=4, superbatch=24, [35mtest_value_accuracy=0.6967167[0m, [35mtest_value_loss=0.07713740[0m, [1;36melapsed=0.860s[0m
  [2mcuda-cpp SFNN[0m [1;36m[progress][0m  [1;36mepoch 4[0m  [1;33msb 25/108[0m  [33mthis-sb=39,976,960 pos (610 batches x 65,536)[0m  [36mtotal=13,951,959,040 pos[0m  [1;36mtrain_time=4983.6s[0m  [1;32mpos/s=2,799,563[0m
  [2mcuda-cpp SFNN[0m [1;36m[progress][0m  [1;36mepoch 4[0m  [1;33msb 26/108[0m  [33mthis-sb=39,976,960 pos (610 batches x 65,536)[0m  [36mtotal=13,991,936,000 pos[0m  [1;36mtrain_time=4997.8s[0m  [1;32mpos/s=2,799,599[0m
  [2mcuda-cpp SFNN[0m [1;36m[progress][0m  [1;36mepoch 4[0m  [1;33msb 27/108[0m  [33mthis-sb=39,976,960 pos (610 batches x 65,536)[0m  [36mtotal=14,031,912,960 pos[0m  [1;36mtrain_time=5012.1s[0m  [1;32mpos/s=2,799,627[0m
  cuda-cpp HalfKA2 validation forward = gpu: positions=300000, batch_size=8192, elapsed=0.593s
  test: accuracy=69.6483% (208945/300000 decisive; draws=0 excluded; mate=0 filtered), loss=0.076879 (n=300000)
  [2mcuda-cpp HalfKA2[0m [1;33mvalidation detail[0m: positions=300,000, batch_size=8,192, load/cache=0.000s, weight_fold=0.192s, context=0.000s, weight_upload=0.041s, batches=0.593s, metrics=0.005s, total=0.832s
  [2mcuda-cpp SFNN[0m [1;36m[progress][0m  [1;36mepoch 4[0m  [1;33msb 28/108[0m  [33mthis-sb=39,976,960 pos (610 batches x 65,536)[0m  [36mtotal=14,071,889,920 pos[0m  [1;36mtrain_time=5026.3s[0m  [1;32mpos/s=2,799,660[0m
  [2mcuda-cpp SFNN[0m [1;33mvalidation overhead[0m: [35mreadback=0.225s[0m  [33mvalidation=0.853s[0m  [2msave=skipped[0m  [1;32mtotal=1.078s[0m
  [2mcuda-cpp SFNN[0m [33mvalidation[0m: epoch=4, superbatch=28, [35mtest_value_accuracy=0.6964833[0m, [35mtest_value_loss=0.07687883[0m, [1;36melapsed=0.853s[0m
  [2mcuda-cpp SFNN[0m [1;36m[progress][0m  [1;36mepoch 4[0m  [1;33msb 29/108[0m  [33mthis-sb=39,976,960 pos (610 batches x 65,536)[0m  [36mtotal=14,111,866,880 pos[0m  [1;36mtrain_time=5040.5s[0m  [1;32mpos/s=2,799,687[0m
  [2mcuda-cpp SFNN[0m [1;36m[progress][0m  [1;36mepoch 4[0m  [1;33msb 30/108[0m  [33mthis-sb=39,976,960 pos (610 batches x 65,536)[0m  [36mtotal=14,151,843,840 pos[0m  [1;36mtrain_time=5054.7s[0m  [1;32mpos/s=2,799,719[0m
  [2mcuda-cpp SFNN[0m [1;36m[progress][0m  [1;36mepoch 4[0m  [1;33msb 31/108[0m  [33mthis-sb=39,976,960 pos (610 batches x 65,536)[0m  [36mtotal=14,191,820,800 pos[0m  [1;36mtrain_time=5069.0s[0m  [1;32mpos/s=2,799,744[0m
  cuda-cpp HalfKA2 validation forward = gpu: positions=300000, batch_size=8192, elapsed=0.591s
  test: accuracy=69.7207% (209162/300000 decisive; draws=0 excluded; mate=0 filtered), loss=0.077025 (n=300000)
  [2mcuda-cpp HalfKA2[0m [1;33mvalidation detail[0m: positions=300,000, batch_size=8,192, load/cache=0.000s, weight_fold=0.191s, context=0.000s, weight_upload=0.040s, batches=0.591s, metrics=0.005s, total=0.826s
  [2mcuda-cpp SFNN[0m [1;36m[progress][0m  [1;36mepoch 4[0m  [1;33msb 32/108[0m  [33mthis-sb=39,976,960 pos (610 batches x 65,536)[0m  [36mtotal=14,231,797,760 pos[0m  [1;36mtrain_time=5083.2s[0m  [1;32mpos/s=2,799,761[0m
  [2mcuda-cpp SFNN[0m [1;33mvalidation overhead[0m: [35mreadback=0.223s[0m  [33mvalidation=0.849s[0m  [2msave=skipped[0m  [1;32mtotal=1.072s[0m
  [2mcuda-cpp SFNN[0m [33mvalidation[0m: epoch=4, superbatch=32, [35mtest_value_accuracy=0.6972067[0m, [35mtest_value_loss=0.07702462[0m, [1;36melapsed=0.849s[0m
  [2mcuda-cpp SFNN[0m [1;36m[progress][0m  [1;36mepoch 4[0m  [1;33msb 33/108[0m  [33mthis-sb=39,976,960 pos (610 batches x 65,536)[0m  [36mtotal=14,271,774,720 pos[0m  [1;36mtrain_time=5097.5s[0m  [1;32mpos/s=2,799,773[0m
  [2mcuda-cpp SFNN[0m [1;36m[progress][0m  [1;36mepoch 4[0m  [1;33msb 34/108[0m  [33mthis-sb=39,976,960 pos (610 batches x 65,536)[0m  [36mtotal=14,311,751,680 pos[0m  [1;36mtrain_time=5111.7s[0m  [1;32mpos/s=2,799,796[0m
  [2mcuda-cpp SFNN[0m [1;36m[progress][0m  [1;36mepoch 4[0m  [1;33msb 35/108[0m  [33mthis-sb=39,976,960 pos (610 batches x 65,536)[0m  [36mtotal=14,351,728,640 pos[0m  [1;36mtrain_time=5126.0s[0m  [1;32mpos/s=2,799,811[0m
  cuda-cpp HalfKA2 validation forward = gpu: positions=300000, batch_size=8192, elapsed=0.596s
  test: accuracy=69.7667% (209300/300000 decisive; draws=0 excluded; mate=0 filtered), loss=0.077160 (n=300000)
  [2mcuda-cpp HalfKA2[0m [1;33mvalidation detail[0m: positions=300,000, batch_size=8,192, load/cache=0.000s, weight_fold=0.192s, context=0.000s, weight_upload=0.037s, batches=0.596s, metrics=0.005s, total=0.831s
  [2mcuda-cpp SFNN[0m [1;36m[progress][0m  [1;36mepoch 4[0m  [1;33msb 36/108[0m  [33mthis-sb=39,976,960 pos (610 batches x 65,536)[0m  [36mtotal=14,391,705,600 pos[0m  [1;36mtrain_time=5140.2s[0m  [1;32mpos/s=2,799,835[0m
  [2mcuda-cpp SFNN[0m [1;33mvalidation overhead[0m: [35mreadback=0.223s[0m  [33mvalidation=0.855s[0m  [2msave=skipped[0m  [1;32mtotal=1.078s[0m
  [2mcuda-cpp SFNN[0m [33mvalidation[0m: epoch=4, superbatch=36, [35mtest_value_accuracy=0.6976666[0m, [35mtest_value_loss=0.07715998[0m, [1;36melapsed=0.855s[0m
  [2mcuda-cpp SFNN[0m [1;36m[progress][0m  [1;36mepoch 4[0m  [1;33msb 37/108[0m  [33mthis-sb=39,976,960 pos (610 batches x 65,536)[0m  [36mtotal=14,431,682,560 pos[0m  [1;36mtrain_time=5154.4s[0m  [1;32mpos/s=2,799,857[0m
  [2mcuda-cpp SFNN[0m [1;36m[progress][0m  [1;36mepoch 4[0m  [1;33msb 38/108[0m  [33mthis-sb=39,976,960 pos (610 batches x 65,536)[0m  [36mtotal=14,471,659,520 pos[0m  [1;36mtrain_time=5168.7s[0m  [1;32mpos/s=2,799,879[0m
  [2mcuda-cpp SFNN[0m [1;36m[progress][0m  [1;36mepoch 4[0m  [1;33msb 39/108[0m  [33mthis-sb=39,976,960 pos (610 batches x 65,536)[0m  [36mtotal=14,511,636,480 pos[0m  [1;36mtrain_time=5182.9s[0m  [1;32mpos/s=2,799,900[0m
  cuda-cpp HalfKA2 validation forward = gpu: positions=300000, batch_size=8192, elapsed=0.593s
  test: accuracy=69.7297% (209189/300000 decisive; draws=0 excluded; mate=0 filtered), loss=0.077109 (n=300000)
  [2mcuda-cpp HalfKA2[0m [1;33mvalidation detail[0m: positions=300,000, batch_size=8,192, load/cache=0.000s, weight_fold=0.193s, context=0.001s, weight_upload=0.040s, batches=0.593s, metrics=0.005s, total=0.832s
  [2mcuda-cpp SFNN[0m [1;36m[progress][0m  [1;36mepoch 4[0m  [1;33msb 40/108[0m  [33mthis-sb=39,976,960 pos (610 batches x 65,536)[0m  [36mtotal=14,551,613,440 pos[0m  [1;36mtrain_time=5197.2s[0m  [1;32mpos/s=2,799,920[0m
  [2mcuda-cpp SFNN[0m [1;33mvalidation overhead[0m: [35mreadback=0.224s[0m  [33mvalidation=0.853s[0m  [2msave=skipped[0m  [1;32mtotal=1.077s[0m
  [2mcuda-cpp SFNN[0m [33mvalidation[0m: epoch=4, superbatch=40, [35mtest_value_accuracy=0.6972967[0m, [35mtest_value_loss=0.07710898[0m, [1;36melapsed=0.853s[0m
  [2mcuda-cpp SFNN[0m [1;36m[progress][0m  [1;36mepoch 4[0m  [1;33msb 41/108[0m  [33mthis-sb=39,976,960 pos (610 batches x 65,536)[0m  [36mtotal=14,591,590,400 pos[0m  [1;36mtrain_time=5211.4s[0m  [1;32mpos/s=2,799,929[0m
  [2mcuda-cpp SFNN[0m [1;36m[progress][0m  [1;36mepoch 4[0m  [1;33msb 42/108[0m  [33mthis-sb=39,976,960 pos (610 batches x 65,536)[0m  [36mtotal=14,631,567,360 pos[0m  [1;36mtrain_time=5225.7s[0m  [1;32mpos/s=2,799,950[0m
  [2mcuda-cpp SFNN[0m [1;36m[progress][0m  [1;36mepoch 4[0m  [1;33msb 43/108[0m  [33mthis-sb=39,976,960 pos (610 batches x 65,536)[0m  [36mtotal=14,671,544,320 pos[0m  [1;36mtrain_time=5239.9s[0m  [1;32mpos/s=2,799,961[0m
  cuda-cpp HalfKA2 validation forward = gpu: positions=300000, batch_size=8192, elapsed=0.591s
  test: accuracy=69.8060% (209418/300000 decisive; draws=0 excluded; mate=0 filtered), loss=0.077219 (n=300000)
  [2mcuda-cpp HalfKA2[0m [1;33mvalidation detail[0m: positions=300,000, batch_size=8,192, load/cache=0.000s, weight_fold=0.190s, context=0.000s, weight_upload=0.039s, batches=0.591s, metrics=0.005s, total=0.826s
  [2mcuda-cpp SFNN[0m [1;36m[progress][0m  [1;36mepoch 4[0m  [1;33msb 44/108[0m  [33mthis-sb=39,976,960 pos (610 batches x 65,536)[0m  [36mtotal=14,711,521,280 pos[0m  [1;36mtrain_time=5254.1s[0m  [1;32mpos/s=2,799,983[0m
  [2mcuda-cpp SFNN[0m [1;33mvalidation overhead[0m: [35mreadback=0.225s[0m  [33mvalidation=0.848s[0m  [2msave=skipped[0m  [1;32mtotal=1.073s[0m
  [2mcuda-cpp SFNN[0m [33mvalidation[0m: epoch=4, superbatch=44, [35mtest_value_accuracy=0.6980600[0m, [35mtest_value_loss=0.07721932[0m, [1;36melapsed=0.848s[0m
  [2mcuda-cpp SFNN[0m [1;36m[progress][0m  [1;36mepoch 4[0m  [1;33msb 45/108[0m  [33mthis-sb=39,976,960 pos (610 batches x 65,536)[0m  [36mtotal=14,751,498,240 pos[0m  [1;36mtrain_time=5268.4s[0m  [1;32mpos/s=2,799,998[0m
  [2mcuda-cpp SFNN[0m [1;36m[progress][0m  [1;36mepoch 4[0m  [1;33msb 46/108[0m  [33mthis-sb=39,976,960 pos (610 batches x 65,536)[0m  [36mtotal=14,791,475,200 pos[0m  [1;36mtrain_time=5282.6s[0m  [1;32mpos/s=2,800,022[0m
  [2mcuda-cpp SFNN[0m [1;36m[progress][0m  [1;36mepoch 4[0m  [1;33msb 47/108[0m  [33mthis-sb=39,976,960 pos (610 batches x 65,536)[0m  [36mtotal=14,831,452,160 pos[0m  [1;36mtrain_time=5296.9s[0m  [1;32mpos/s=2,800,043[0m
  cuda-cpp HalfKA2 validation forward = gpu: positions=300000, batch_size=8192, elapsed=0.590s
  test: accuracy=69.8307% (209492/300000 decisive; draws=0 excluded; mate=0 filtered), loss=0.076751 (n=300000)
  [2mcuda-cpp HalfKA2[0m [1;33mvalidation detail[0m: positions=300,000, batch_size=8,192, load/cache=0.000s, weight_fold=0.191s, context=0.000s, weight_upload=0.040s, batches=0.590s, metrics=0.005s, total=0.826s
  [2mcuda-cpp SFNN[0m [1;36m[progress][0m  [1;36mepoch 4[0m  [1;33msb 48/108[0m  [33mthis-sb=39,976,960 pos (610 batches x 65,536)[0m  [36mtotal=14,871,429,120 pos[0m  [1;36mtrain_time=5311.1s[0m  [1;32mpos/s=2,800,058[0m
  [2mcuda-cpp SFNN[0m [1;33mvalidation overhead[0m: [35mreadback=0.225s[0m  [33mvalidation=0.847s[0m  [2msave=skipped[0m  [1;32mtotal=1.071s[0m
  [2mcuda-cpp SFNN[0m [33mvalidation[0m: epoch=4, superbatch=48, [35mtest_value_accuracy=0.6983067[0m, [35mtest_value_loss=0.07675093[0m, [1;36melapsed=0.847s[0m
  [2mcuda-cpp SFNN[0m [1;36m[progress][0m  [1;36mepoch 4[0m  [1;33msb 49/108[0m  [33mthis-sb=39,976,960 pos (610 batches x 65,536)[0m  [36mtotal=14,911,406,080 pos[0m  [1;36mtrain_time=5325.4s[0m  [1;32mpos/s=2,800,080[0m
  [2mcuda-cpp SFNN[0m [1;36m[progress][0m  [1;36mepoch 4[0m  [1;33msb 50/108[0m  [33mthis-sb=39,976,960 pos (610 batches x 65,536)[0m  [36mtotal=14,951,383,040 pos[0m  [1;36mtrain_time=5339.6s[0m  [1;32mpos/s=2,800,103[0m
  [2mcuda-cpp SFNN[0m [1;36m[progress][0m  [1;36mepoch 4[0m  [1;33msb 51/108[0m  [33mthis-sb=39,976,960 pos (610 batches x 65,536)[0m  [36mtotal=14,991,360,000 pos[0m  [1;36mtrain_time=5353.8s[0m  [1;32mpos/s=2,800,128[0m
  cuda-cpp HalfKA2 validation forward = gpu: positions=300000, batch_size=8192, elapsed=0.594s
  test: accuracy=69.8890% (209667/300000 decisive; draws=0 excluded; mate=0 filtered), loss=0.077024 (n=300000)
  [2mcuda-cpp HalfKA2[0m [1;33mvalidation detail[0m: positions=300,000, batch_size=8,192, load/cache=0.000s, weight_fold=0.198s, context=0.000s, weight_upload=0.040s, batches=0.594s, metrics=0.005s, total=0.837s
  [2mcuda-cpp SFNN[0m [1;36m[progress][0m  [1;36mepoch 4[0m  [1;33msb 52/108[0m  [33mthis-sb=39,976,960 pos (610 batches x 65,536)[0m  [36mtotal=15,031,336,960 pos[0m  [1;36mtrain_time=5368.1s[0m  [1;32mpos/s=2,800,139[0m
  [2mcuda-cpp SFNN[0m [1;33mvalidation overhead[0m: [35mreadback=0.232s[0m  [33mvalidation=0.861s[0m  [2msave=skipped[0m  [1;32mtotal=1.093s[0m
  [2mcuda-cpp SFNN[0m [33mvalidation[0m: epoch=4, superbatch=52, [35mtest_value_accuracy=0.6988900[0m, [35mtest_value_loss=0.07702412[0m, [1;36melapsed=0.861s[0m
  [2mcuda-cpp SFNN[0m [1;36m[progress][0m  [1;36mepoch 4[0m  [1;33msb 53/108[0m  [33mthis-sb=39,976,960 pos (610 batches x 65,536)[0m  [36mtotal=15,071,313,920 pos[0m  [1;36mtrain_time=5382.3s[0m  [1;32mpos/s=2,800,153[0m
  [2mcuda-cpp SFNN[0m [1;36m[progress][0m  [1;36mepoch 4[0m  [1;33msb 54/108[0m  [33mthis-sb=39,976,960 pos (610 batches x 65,536)[0m  [36mtotal=15,111,290,880 pos[0m  [1;36mtrain_time=5396.6s[0m  [1;32mpos/s=2,800,174[0m
  [2mcuda-cpp SFNN[0m [1;36m[progress][0m  [1;36mepoch 4[0m  [1;33msb 55/108[0m  [33mthis-sb=39,976,960 pos (610 batches x 65,536)[0m  [36mtotal=15,151,267,840 pos[0m  [1;36mtrain_time=5410.8s[0m  [1;32mpos/s=2,800,193[0m
  cuda-cpp HalfKA2 validation forward = gpu: positions=300000, batch_size=8192, elapsed=0.595s
  test: accuracy=69.8400% (209520/300000 decisive; draws=0 excluded; mate=0 filtered), loss=0.076773 (n=300000)
  [2mcuda-cpp HalfKA2[0m [1;33mvalidation detail[0m: positions=300,000, batch_size=8,192, load/cache=0.000s, weight_fold=0.195s, context=0.000s, weight_upload=0.040s, batches=0.595s, metrics=0.005s, total=0.834s
  [2mcuda-cpp SFNN[0m [1;36m[progress][0m  [1;36mepoch 4[0m  [1;33msb 56/108[0m  [33mthis-sb=39,976,960 pos (610 batches x 65,536)[0m  [36mtotal=15,191,244,800 pos[0m  [1;36mtrain_time=5425.0s[0m  [1;32mpos/s=2,800,209[0m
  [2mcuda-cpp SFNN[0m [1;33mvalidation overhead[0m: [35mreadback=0.228s[0m  [33mvalidation=0.861s[0m  [2msave=skipped[0m  [1;32mtotal=1.089s[0m
  [2mcuda-cpp SFNN[0m [33mvalidation[0m: epoch=4, superbatch=56, [35mtest_value_accuracy=0.6984000[0m, [35mtest_value_loss=0.07677273[0m, [1;36melapsed=0.861s[0m
  [2mcuda-cpp SFNN[0m [1;36m[progress][0m  [1;36mepoch 4[0m  [1;33msb 57/108[0m  [33mthis-sb=39,976,960 pos (610 batches x 65,536)[0m  [36mtotal=15,231,221,760 pos[0m  [1;36mtrain_time=5439.3s[0m  [1;32mpos/s=2,800,222[0m
  [2mcuda-cpp SFNN[0m [1;36m[progress][0m  [1;36mepoch 4[0m  [1;33msb 58/108[0m  [33mthis-sb=39,976,960 pos (610 batches x 65,536)[0m  [36mtotal=15,271,198,720 pos[0m  [1;36mtrain_time=5453.5s[0m  [1;32mpos/s=2,800,238[0m
  [2mcuda-cpp SFNN[0m [1;36m[progress][0m  [1;36mepoch 4[0m  [1;33msb 59/108[0m  [33mthis-sb=39,976,960 pos (610 batches x 65,536)[0m  [36mtotal=15,311,175,680 pos[0m  [1;36mtrain_time=5467.8s[0m  [1;32mpos/s=2,800,255[0m
  cuda-cpp HalfKA2 validation forward = gpu: positions=300000, batch_size=8192, elapsed=0.592s
  test: accuracy=69.8583% (209575/300000 decisive; draws=0 excluded; mate=0 filtered), loss=0.076865 (n=300000)
  [2mcuda-cpp HalfKA2[0m [1;33mvalidation detail[0m: positions=300,000, batch_size=8,192, load/cache=0.000s, weight_fold=0.197s, context=0.000s, weight_upload=0.044s, batches=0.592s, metrics=0.005s, total=0.839s
  [2mcuda-cpp SFNN[0m [1;36m[progress][0m  [1;36mepoch 4[0m  [1;33msb 60/108[0m  [33mthis-sb=39,976,960 pos (610 batches x 65,536)[0m  [36mtotal=15,351,152,640 pos[0m  [1;36mtrain_time=5482.0s[0m  [1;32mpos/s=2,800,266[0m
  [2mcuda-cpp SFNN[0m [1;33mvalidation overhead[0m: [35mreadback=0.232s[0m  [33mvalidation=0.861s[0m  [2msave=skipped[0m  [1;32mtotal=1.093s[0m
  [2mcuda-cpp SFNN[0m [33mvalidation[0m: epoch=4, superbatch=60, [35mtest_value_accuracy=0.6985833[0m, [35mtest_value_loss=0.07686467[0m, [1;36melapsed=0.861s[0m
  [2mcuda-cpp SFNN[0m [1;36m[progress][0m  [1;36mepoch 4[0m  [1;33msb 61/108[0m  [33mthis-sb=39,976,960 pos (610 batches x 65,536)[0m  [36mtotal=15,391,129,600 pos[0m  [1;36mtrain_time=5496.3s[0m  [1;32mpos/s=2,800,283[0m
  [2mcuda-cpp SFNN[0m [1;36m[progress][0m  [1;36mepoch 4[0m  [1;33msb 62/108[0m  [33mthis-sb=39,976,960 pos (610 batches x 65,536)[0m  [36mtotal=15,431,106,560 pos[0m  [1;36mtrain_time=5510.5s[0m  [1;32mpos/s=2,800,296[0m
  [2mcuda-cpp SFNN[0m [1;36m[progress][0m  [1;36mepoch 4[0m  [1;33msb 63/108[0m  [33mthis-sb=39,976,960 pos (610 batches x 65,536)[0m  [36mtotal=15,471,083,520 pos[0m  [1;36mtrain_time=5524.8s[0m  [1;32mpos/s=2,800,314[0m
  cuda-cpp HalfKA2 validation forward = gpu: positions=300000, batch_size=8192, elapsed=0.592s
  test: accuracy=69.8537% (209561/300000 decisive; draws=0 excluded; mate=0 filtered), loss=0.076791 (n=300000)
  [2mcuda-cpp HalfKA2[0m [1;33mvalidation detail[0m: positions=300,000, batch_size=8,192, load/cache=0.000s, weight_fold=0.198s, context=0.000s, weight_upload=0.039s, batches=0.592s, metrics=0.005s, total=0.834s
  [2mcuda-cpp SFNN[0m [1;36m[progress][0m  [1;36mepoch 4[0m  [1;33msb 64/108[0m  [33mthis-sb=39,976,960 pos (610 batches x 65,536)[0m  [36mtotal=15,511,060,480 pos[0m  [1;36mtrain_time=5539.0s[0m  [1;32mpos/s=2,800,329[0m
  [2mcuda-cpp SFNN[0m [1;33mvalidation overhead[0m: [35mreadback=0.232s[0m  [33mvalidation=0.858s[0m  [2msave=skipped[0m  [1;32mtotal=1.090s[0m
  [2mcuda-cpp SFNN[0m [33mvalidation[0m: epoch=4, superbatch=64, [35mtest_value_accuracy=0.6985367[0m, [35mtest_value_loss=0.07679143[0m, [1;36melapsed=0.858s[0m
  [2mcuda-cpp SFNN[0m [1;36m[progress][0m  [1;36mepoch 4[0m  [1;33msb 65/108[0m  [33mthis-sb=39,976,960 pos (610 batches x 65,536)[0m  [36mtotal=15,551,037,440 pos[0m  [1;36mtrain_time=5553.3s[0m  [1;32mpos/s=2,800,341[0m
  [2mcuda-cpp SFNN[0m [1;36m[progress][0m  [1;36mepoch 4[0m  [1;33msb 66/108[0m  [33mthis-sb=39,976,960 pos (610 batches x 65,536)[0m  [36mtotal=15,591,014,400 pos[0m  [1;36mtrain_time=5567.5s[0m  [1;32mpos/s=2,800,362[0m
  [2mcuda-cpp SFNN[0m [1;36m[progress][0m  [1;36mepoch 4[0m  [1;33msb 67/108[0m  [33mthis-sb=39,976,960 pos (610 batches x 65,536)[0m  [36mtotal=15,630,991,360 pos[0m  [1;36mtrain_time=5581.7s[0m  [1;32mpos/s=2,800,375[0m
  cuda-cpp HalfKA2 validation forward = gpu: positions=300000, batch_size=8192, elapsed=0.595s
  test: accuracy=69.9407% (209822/300000 decisive; draws=0 excluded; mate=0 filtered), loss=0.076642 (n=300000)
  [2mcuda-cpp HalfKA2[0m [1;33mvalidation detail[0m: positions=300,000, batch_size=8,192, load/cache=0.000s, weight_fold=0.198s, context=0.000s, weight_upload=0.042s, batches=0.595s, metrics=0.005s, total=0.840s
  [2mcuda-cpp SFNN[0m [1;36m[progress][0m  [1;36mepoch 4[0m  [1;33msb 68/108[0m  [33mthis-sb=39,976,960 pos (610 batches x 65,536)[0m  [36mtotal=15,670,968,320 pos[0m  [1;36mtrain_time=5596.0s[0m  [1;32mpos/s=2,800,385[0m
  [2mcuda-cpp SFNN[0m [1;33mvalidation overhead[0m: [35mreadback=0.232s[0m  [33mvalidation=0.870s[0m  [2msave=skipped[0m  [1;32mtotal=1.102s[0m
  [2mcuda-cpp SFNN[0m [33mvalidation[0m: epoch=4, superbatch=68, [35mtest_value_accuracy=0.6994067[0m, [35mtest_value_loss=0.07664213[0m, [1;36melapsed=0.870s[0m
  [2mcuda-cpp SFNN[0m [1;36m[progress][0m  [1;36mepoch 4[0m  [1;33msb 69/108[0m  [33mthis-sb=39,976,960 pos (610 batches x 65,536)[0m  [36mtotal=15,710,945,280 pos[0m  [1;36mtrain_time=5610.3s[0m  [1;32mpos/s=2,800,386[0m
  [2mcuda-cpp SFNN[0m [1;36m[progress][0m  [1;36mepoch 4[0m  [1;33msb 70/108[0m  [33mthis-sb=39,976,960 pos (610 batches x 65,536)[0m  [36mtotal=15,750,922,240 pos[0m  [1;36mtrain_time=5624.5s[0m  [1;32mpos/s=2,800,401[0m
  [2mcuda-cpp SFNN[0m [1;36m[progress][0m  [1;36mepoch 4[0m  [1;33msb 71/108[0m  [33mthis-sb=39,976,960 pos (610 batches x 65,536)[0m  [36mtotal=15,790,899,200 pos[0m  [1;36mtrain_time=5638.8s[0m  [1;32mpos/s=2,800,416[0m
  cuda-cpp HalfKA2 validation forward = gpu: positions=300000, batch_size=8192, elapsed=0.591s
  test: accuracy=69.9287% (209786/300000 decisive; draws=0 excluded; mate=0 filtered), loss=0.076760 (n=300000)
  [2mcuda-cpp HalfKA2[0m [1;33mvalidation detail[0m: positions=300,000, batch_size=8,192, load/cache=0.000s, weight_fold=0.198s, context=0.000s, weight_upload=0.040s, batches=0.591s, metrics=0.005s, total=0.833s
  [2mcuda-cpp SFNN[0m [1;36m[progress][0m  [1;36mepoch 4[0m  [1;33msb 72/108[0m  [33mthis-sb=39,976,960 pos (610 batches x 65,536)[0m  [36mtotal=15,830,876,160 pos[0m  [1;36mtrain_time=5653.0s[0m  [1;32mpos/s=2,800,429[0m
  [2mcuda-cpp SFNN[0m [1;33mvalidation overhead[0m: [35mreadback=0.231s[0m  [33mvalidation=0.857s[0m  [2msave=skipped[0m  [1;32mtotal=1.088s[0m
  [2mcuda-cpp SFNN[0m [33mvalidation[0m: epoch=4, superbatch=72, [35mtest_value_accuracy=0.6992866[0m, [35mtest_value_loss=0.07675991[0m, [1;36melapsed=0.857s[0m
  [2mcuda-cpp SFNN[0m [1;36m[progress][0m  [1;36mepoch 4[0m  [1;33msb 73/108[0m  [33mthis-sb=39,976,960 pos (610 batches x 65,536)[0m  [36mtotal=15,870,853,120 pos[0m  [1;36mtrain_time=5667.3s[0m  [1;32mpos/s=2,800,443[0m
  [2mcuda-cpp SFNN[0m [1;36m[progress][0m  [1;36mepoch 4[0m  [1;33msb 74/108[0m  [33mthis-sb=39,976,960 pos (610 batches x 65,536)[0m  [36mtotal=15,910,830,080 pos[0m  [1;36mtrain_time=5681.5s[0m  [1;32mpos/s=2,800,460[0m
  [2mcuda-cpp SFNN[0m [1;36m[progress][0m  [1;36mepoch 4[0m  [1;33msb 75/108[0m  [33mthis-sb=39,976,960 pos (610 batches x 65,536)[0m  [36mtotal=15,950,807,040 pos[0m  [1;36mtrain_time=5695.7s[0m  [1;32mpos/s=2,800,476[0m
  cuda-cpp HalfKA2 validation forward = gpu: positions=300000, batch_size=8192, elapsed=0.611s
  test: accuracy=69.9530% (209859/300000 decisive; draws=0 excluded; mate=0 filtered), loss=0.076661 (n=300000)
  [2mcuda-cpp HalfKA2[0m [1;33mvalidation detail[0m: positions=300,000, batch_size=8,192, load/cache=0.000s, weight_fold=0.198s, context=0.000s, weight_upload=0.039s, batches=0.611s, metrics=0.005s, total=0.854s
  [2mcuda-cpp SFNN[0m [1;36m[progress][0m  [1;36mepoch 4[0m  [1;33msb 76/108[0m  [33mthis-sb=39,976,960 pos (610 batches x 65,536)[0m  [36mtotal=15,990,784,000 pos[0m  [1;36mtrain_time=5710.0s[0m  [1;32mpos/s=2,800,499[0m
  [2mcuda-cpp SFNN[0m [1;33mvalidation overhead[0m: [35mreadback=0.230s[0m  [33mvalidation=0.877s[0m  [2msave=skipped[0m  [1;32mtotal=1.107s[0m
  [2mcuda-cpp SFNN[0m [33mvalidation[0m: epoch=4, superbatch=76, [35mtest_value_accuracy=0.6995300[0m, [35mtest_value_loss=0.07666098[0m, [1;36melapsed=0.877s[0m
  [2mcuda-cpp SFNN[0m [1;36m[progress][0m  [1;36mepoch 4[0m  [1;33msb 77/108[0m  [33mthis-sb=39,976,960 pos (610 batches x 65,536)[0m  [36mtotal=16,030,760,960 pos[0m  [1;36mtrain_time=5724.2s[0m  [1;32mpos/s=2,800,510[0m
  [2mcuda-cpp SFNN[0m [1;36m[progress][0m  [1;36mepoch 4[0m  [1;33msb 78/108[0m  [33mthis-sb=39,976,960 pos (610 batches x 65,536)[0m  [36mtotal=16,070,737,920 pos[0m  [1;36mtrain_time=5738.5s[0m  [1;32mpos/s=2,800,531[0m
  [2mcuda-cpp SFNN[0m [1;36m[progress][0m  [1;36mepoch 4[0m  [1;33msb 79/108[0m  [33mthis-sb=39,976,960 pos (610 batches x 65,536)[0m  [36mtotal=16,110,714,880 pos[0m  [1;36mtrain_time=5752.7s[0m  [1;32mpos/s=2,800,552[0m
  cuda-cpp HalfKA2 validation forward = gpu: positions=300000, batch_size=8192, elapsed=0.596s
  test: accuracy=69.9190% (209757/300000 decisive; draws=0 excluded; mate=0 filtered), loss=0.076690 (n=300000)
  [2mcuda-cpp HalfKA2[0m [1;33mvalidation detail[0m: positions=300,000, batch_size=8,192, load/cache=0.000s, weight_fold=0.198s, context=0.000s, weight_upload=0.042s, batches=0.596s, metrics=0.005s, total=0.841s
  [2mcuda-cpp SFNN[0m [1;36m[progress][0m  [1;36mepoch 4[0m  [1;33msb 80/108[0m  [33mthis-sb=39,976,960 pos (610 batches x 65,536)[0m  [36mtotal=16,150,691,840 pos[0m  [1;36mtrain_time=5766.9s[0m  [1;32mpos/s=2,800,567[0m
  [2mcuda-cpp SFNN[0m [1;33mvalidation overhead[0m: [35mreadback=0.234s[0m  [33mvalidation=0.871s[0m  [2msave=skipped[0m  [1;32mtotal=1.105s[0m
  [2mcuda-cpp SFNN[0m [33mvalidation[0m: epoch=4, superbatch=80, [35mtest_value_accuracy=0.6991900[0m, [35mtest_value_loss=0.07669036[0m, [1;36melapsed=0.871s[0m
  [2mcuda-cpp SFNN[0m [1;36m[progress][0m  [1;36mepoch 4[0m  [1;33msb 81/108[0m  [33mthis-sb=39,976,960 pos (610 batches x 65,536)[0m  [36mtotal=16,190,668,800 pos[0m  [1;36mtrain_time=5781.2s[0m  [1;32mpos/s=2,800,575[0m
  [2mcuda-cpp SFNN[0m [1;36m[progress][0m  [1;36mepoch 4[0m  [1;33msb 82/108[0m  [33mthis-sb=39,976,960 pos (610 batches x 65,536)[0m  [36mtotal=16,230,645,760 pos[0m  [1;36mtrain_time=5795.4s[0m  [1;32mpos/s=2,800,593[0m
  [2mcuda-cpp SFNN[0m [1;36m[progress][0m  [1;36mepoch 4[0m  [1;33msb 83/108[0m  [33mthis-sb=39,976,960 pos (610 batches x 65,536)[0m  [36mtotal=16,270,622,720 pos[0m  [1;36mtrain_time=5809.7s[0m  [1;32mpos/s=2,800,610[0m
  cuda-cpp HalfKA2 validation forward = gpu: positions=300000, batch_size=8192, elapsed=0.594s
  test: accuracy=69.9500% (209850/300000 decisive; draws=0 excluded; mate=0 filtered), loss=0.076641 (n=300000)
  [2mcuda-cpp HalfKA2[0m [1;33mvalidation detail[0m: positions=300,000, batch_size=8,192, load/cache=0.000s, weight_fold=0.204s, context=0.000s, weight_upload=0.041s, batches=0.594s, metrics=0.005s, total=0.844s
  [2mcuda-cpp SFNN[0m [1;36m[progress][0m  [1;36mepoch 4[0m  [1;33msb 84/108[0m  [33mthis-sb=39,976,960 pos (610 batches x 65,536)[0m  [36mtotal=16,310,599,680 pos[0m  [1;36mtrain_time=5823.9s[0m  [1;32mpos/s=2,800,627[0m
  [2mcuda-cpp SFNN[0m [1;33mvalidation overhead[0m: [35mreadback=0.235s[0m  [33mvalidation=0.868s[0m  [2msave=skipped[0m  [1;32mtotal=1.103s[0m
  [2mcuda-cpp SFNN[0m [33mvalidation[0m: epoch=4, superbatch=84, [35mtest_value_accuracy=0.6995000[0m, [35mtest_value_loss=0.07664086[0m, [1;36melapsed=0.868s[0m
  [2mcuda-cpp SFNN[0m [1;36m[progress][0m  [1;36mepoch 4[0m  [1;33msb 85/108[0m  [33mthis-sb=39,976,960 pos (610 batches x 65,536)[0m  [36mtotal=16,350,576,640 pos[0m  [1;36mtrain_time=5838.2s[0m  [1;32mpos/s=2,800,637[0m
  [2mcuda-cpp SFNN[0m [1;36m[progress][0m  [1;36mepoch 4[0m  [1;33msb 86/108[0m  [33mthis-sb=39,976,960 pos (610 batches x 65,536)[0m  [36mtotal=16,390,553,600 pos[0m  [1;36mtrain_time=5852.4s[0m  [1;32mpos/s=2,800,655[0m
  [2mcuda-cpp SFNN[0m [1;36m[progress][0m  [1;36mepoch 4[0m  [1;33msb 87/108[0m  [33mthis-sb=39,976,960 pos (610 batches x 65,536)[0m  [36mtotal=16,430,530,560 pos[0m  [1;36mtrain_time=5866.6s[0m  [1;32mpos/s=2,800,668[0m
  cuda-cpp HalfKA2 validation forward = gpu: positions=300000, batch_size=8192, elapsed=0.590s
  test: accuracy=69.9787% (209936/300000 decisive; draws=0 excluded; mate=0 filtered), loss=0.076789 (n=300000)
  [2mcuda-cpp HalfKA2[0m [1;33mvalidation detail[0m: positions=300,000, batch_size=8,192, load/cache=0.000s, weight_fold=0.196s, context=0.000s, weight_upload=0.039s, batches=0.590s, metrics=0.005s, total=0.831s
  [2mcuda-cpp SFNN[0m [1;36m[progress][0m  [1;36mepoch 4[0m  [1;33msb 88/108[0m  [33mthis-sb=39,976,960 pos (610 batches x 65,536)[0m  [36mtotal=16,470,507,520 pos[0m  [1;36mtrain_time=5880.9s[0m  [1;32mpos/s=2,800,684[0m
  [2mcuda-cpp SFNN[0m [1;33mvalidation overhead[0m: [35mreadback=0.231s[0m  [33mvalidation=0.853s[0m  [2msave=skipped[0m  [1;32mtotal=1.084s[0m
  [2mcuda-cpp SFNN[0m [33mvalidation[0m: epoch=4, superbatch=88, [35mtest_value_accuracy=0.6997867[0m, [35mtest_value_loss=0.07678881[0m, [1;36melapsed=0.853s[0m
  [2mcuda-cpp SFNN[0m [1;36m[progress][0m  [1;36mepoch 4[0m  [1;33msb 89/108[0m  [33mthis-sb=39,976,960 pos (610 batches x 65,536)[0m  [36mtotal=16,510,484,480 pos[0m  [1;36mtrain_time=5895.1s[0m  [1;32mpos/s=2,800,695[0m
  [2mcuda-cpp SFNN[0m [1;36m[progress][0m  [1;36mepoch 4[0m  [1;33msb 90/108[0m  [33mthis-sb=39,976,960 pos (610 batches x 65,536)[0m  [36mtotal=16,550,461,440 pos[0m  [1;36mtrain_time=5909.4s[0m  [1;32mpos/s=2,800,706[0m
  [2mcuda-cpp SFNN[0m [1;36m[progress][0m  [1;36mepoch 4[0m  [1;33msb 91/108[0m  [33mthis-sb=39,976,960 pos (610 batches x 65,536)[0m  [36mtotal=16,590,438,400 pos[0m  [1;36mtrain_time=5923.6s[0m  [1;32mpos/s=2,800,716[0m
  cuda-cpp HalfKA2 validation forward = gpu: positions=300000, batch_size=8192, elapsed=0.592s
  test: accuracy=69.9680% (209904/300000 decisive; draws=0 excluded; mate=0 filtered), loss=0.076694 (n=300000)
  [2mcuda-cpp HalfKA2[0m [1;33mvalidation detail[0m: positions=300,000, batch_size=8,192, load/cache=0.000s, weight_fold=0.197s, context=0.000s, weight_upload=0.039s, batches=0.592s, metrics=0.005s, total=0.833s
  [2mcuda-cpp SFNN[0m [1;36m[progress][0m  [1;36mepoch 4[0m  [1;33msb 92/108[0m  [33mthis-sb=39,976,960 pos (610 batches x 65,536)[0m  [36mtotal=16,630,415,360 pos[0m  [1;36mtrain_time=5937.9s[0m  [1;32mpos/s=2,800,723[0m
  [2mcuda-cpp SFNN[0m [1;33mvalidation overhead[0m: [35mreadback=0.229s[0m  [33mvalidation=0.856s[0m  [2msave=skipped[0m  [1;32mtotal=1.085s[0m
  [2mcuda-cpp SFNN[0m [33mvalidation[0m: epoch=4, superbatch=92, [35mtest_value_accuracy=0.6996800[0m, [35mtest_value_loss=0.07669410[0m, [1;36melapsed=0.856s[0m
  [2mcuda-cpp SFNN[0m [1;36m[progress][0m  [1;36mepoch 4[0m  [1;33msb 93/108[0m  [33mthis-sb=39,976,960 pos (610 batches x 65,536)[0m  [36mtotal=16,670,392,320 pos[0m  [1;36mtrain_time=5952.2s[0m  [1;32mpos/s=2,800,729[0m
  [2mcuda-cpp SFNN[0m [1;36m[progress][0m  [1;36mepoch 4[0m  [1;33msb 94/108[0m  [33mthis-sb=39,976,960 pos (610 batches x 65,536)[0m  [36mtotal=16,710,369,280 pos[0m  [1;36mtrain_time=5966.4s[0m  [1;32mpos/s=2,800,743[0m
  [2mcuda-cpp SFNN[0m [1;36m[progress][0m  [1;36mepoch 4[0m  [1;33msb 95/108[0m  [33mthis-sb=39,976,960 pos (610 batches x 65,536)[0m  [36mtotal=16,750,346,240 pos[0m  [1;36mtrain_time=5980.7s[0m  [1;32mpos/s=2,800,747[0m
  cuda-cpp HalfKA2 validation forward = gpu: positions=300000, batch_size=8192, elapsed=0.616s
  test: accuracy=70.0170% (210051/300000 decisive; draws=0 excluded; mate=0 filtered), loss=0.076657 (n=300000)
  [2mcuda-cpp HalfKA2[0m [1;33mvalidation detail[0m: positions=300,000, batch_size=8,192, load/cache=0.000s, weight_fold=0.198s, context=0.000s, weight_upload=0.040s, batches=0.616s, metrics=0.005s, total=0.858s
  [2mcuda-cpp SFNN[0m [1;36m[progress][0m  [1;36mepoch 4[0m  [1;33msb 96/108[0m  [33mthis-sb=39,976,960 pos (610 batches x 65,536)[0m  [36mtotal=16,790,323,200 pos[0m  [1;36mtrain_time=5994.9s[0m  [1;32mpos/s=2,800,753[0m
  [2mcuda-cpp SFNN[0m [1;33mvalidation overhead[0m: [35mreadback=0.233s[0m  [33mvalidation=0.893s[0m  [2msave=skipped[0m  [1;32mtotal=1.125s[0m
  [2mcuda-cpp SFNN[0m [33mvalidation[0m: epoch=4, superbatch=96, [35mtest_value_accuracy=0.7001700[0m, [35mtest_value_loss=0.07665654[0m, [1;36melapsed=0.893s[0m
  [2mcuda-cpp SFNN[0m [1;36m[progress][0m  [1;36mepoch 4[0m  [1;33msb 97/108[0m  [33mthis-sb=39,976,960 pos (610 batches x 65,536)[0m  [36mtotal=16,830,300,160 pos[0m  [1;36mtrain_time=6009.2s[0m  [1;32mpos/s=2,800,753[0m
  [2mcuda-cpp SFNN[0m [1;36m[progress][0m  [1;36mepoch 4[0m  [1;33msb 98/108[0m  [33mthis-sb=39,976,960 pos (610 batches x 65,536)[0m  [36mtotal=16,870,277,120 pos[0m  [1;36mtrain_time=6023.5s[0m  [1;32mpos/s=2,800,766[0m
  [2mcuda-cpp SFNN[0m [1;36m[progress][0m  [1;36mepoch 4[0m  [1;33msb 99/108[0m  [33mthis-sb=39,976,960 pos (610 batches x 65,536)[0m  [36mtotal=16,910,254,080 pos[0m  [1;36mtrain_time=6037.7s[0m  [1;32mpos/s=2,800,777[0m
  cuda-cpp HalfKA2 validation forward = gpu: positions=300000, batch_size=8192, elapsed=0.592s
  test: accuracy=69.9740% (209922/300000 decisive; draws=0 excluded; mate=0 filtered), loss=0.076656 (n=300000)
  [2mcuda-cpp HalfKA2[0m [1;33mvalidation detail[0m: positions=300,000, batch_size=8,192, load/cache=0.000s, weight_fold=0.200s, context=0.000s, weight_upload=0.040s, batches=0.592s, metrics=0.005s, total=0.836s
  [2mcuda-cpp SFNN[0m [1;36m[progress][0m  [1;36mepoch 4[0m  [1;33msb 100/108[0m  [33mthis-sb=39,976,960 pos (610 batches x 65,536)[0m  [36mtotal=16,950,231,040 pos[0m  [1;36mtrain_time=6051.9s[0m  [1;32mpos/s=2,800,794[0m
  [2mcuda-cpp SFNN[0m [1;33mvalidation overhead[0m: [35mreadback=0.231s[0m  [33mvalidation=0.864s[0m  [2msave=skipped[0m  [1;32mtotal=1.095s[0m
  [2mcuda-cpp SFNN[0m [33mvalidation[0m: epoch=4, superbatch=100, [35mtest_value_accuracy=0.6997400[0m, [35mtest_value_loss=0.07665638[0m, [1;36melapsed=0.864s[0m
  [2mcuda-cpp SFNN[0m [1;36m[progress][0m  [1;36mepoch 4[0m  [1;33msb 101/108[0m  [33mthis-sb=39,976,960 pos (610 batches x 65,536)[0m  [36mtotal=16,990,208,000 pos[0m  [1;36mtrain_time=6066.2s[0m  [1;32mpos/s=2,800,802[0m
  [2mcuda-cpp SFNN[0m [1;36m[progress][0m  [1;36mepoch 4[0m  [1;33msb 102/108[0m  [33mthis-sb=39,976,960 pos (610 batches x 65,536)[0m  [36mtotal=17,030,184,960 pos[0m  [1;36mtrain_time=6080.4s[0m  [1;32mpos/s=2,800,812[0m
  [2mcuda-cpp SFNN[0m [1;36m[progress][0m  [1;36mepoch 4[0m  [1;33msb 103/108[0m  [33mthis-sb=39,976,960 pos (610 batches x 65,536)[0m  [36mtotal=17,070,161,920 pos[0m  [1;36mtrain_time=6094.7s[0m  [1;32mpos/s=2,800,828[0m
  cuda-cpp HalfKA2 validation forward = gpu: positions=300000, batch_size=8192, elapsed=0.590s
  test: accuracy=70.0037% (210011/300000 decisive; draws=0 excluded; mate=0 filtered), loss=0.076632 (n=300000)
  [2mcuda-cpp HalfKA2[0m [1;33mvalidation detail[0m: positions=300,000, batch_size=8,192, load/cache=0.000s, weight_fold=0.197s, context=0.001s, weight_upload=0.040s, batches=0.590s, metrics=0.005s, total=0.832s
  [2mcuda-cpp SFNN[0m [1;36m[progress][0m  [1;36mepoch 4[0m  [1;33msb 104/108[0m  [33mthis-sb=39,976,960 pos (610 batches x 65,536)[0m  [36mtotal=17,110,138,880 pos[0m  [1;36mtrain_time=6108.9s[0m  [1;32mpos/s=2,800,843[0m
  [2mcuda-cpp SFNN[0m [1;33mvalidation overhead[0m: [35mreadback=0.231s[0m  [33mvalidation=0.856s[0m  [2msave=skipped[0m  [1;32mtotal=1.087s[0m
  [2mcuda-cpp SFNN[0m [33mvalidation[0m: epoch=4, superbatch=104, [35mtest_value_accuracy=0.7000366[0m, [35mtest_value_loss=0.07663195[0m, [1;36melapsed=0.856s[0m
  [2mcuda-cpp SFNN[0m [1;36m[progress][0m  [1;36mepoch 4[0m  [1;33msb 105/108[0m  [33mthis-sb=39,976,960 pos (610 batches x 65,536)[0m  [36mtotal=17,150,115,840 pos[0m  [1;36mtrain_time=6123.2s[0m  [1;32mpos/s=2,800,851[0m
  [2mcuda-cpp SFNN[0m [1;36m[progress][0m  [1;36mepoch 4[0m  [1;33msb 106/108[0m  [33mthis-sb=39,976,960 pos (610 batches x 65,536)[0m  [36mtotal=17,190,092,800 pos[0m  [1;36mtrain_time=6137.4s[0m  [1;32mpos/s=2,800,864[0m
  [2mcuda-cpp SFNN[0m [1;36m[progress][0m  [1;36mepoch 4[0m  [1;33msb 107/108[0m  [33mthis-sb=39,976,960 pos (610 batches x 65,536)[0m  [36mtotal=17,230,069,760 pos[0m  [1;36mtrain_time=6151.7s[0m  [1;32mpos/s=2,800,883[0m
  cuda-cpp HalfKA2 validation forward = gpu: positions=300000, batch_size=8192, elapsed=0.590s
  test: accuracy=69.9760% (209928/300000 decisive; draws=0 excluded; mate=0 filtered), loss=0.076599 (n=300000)
  [2mcuda-cpp HalfKA2[0m [1;33mvalidation detail[0m: positions=300,000, batch_size=8,192, load/cache=0.000s, weight_fold=0.196s, context=0.001s, weight_upload=0.041s, batches=0.590s, metrics=0.005s, total=0.832s
  [2mcuda-cpp SFNN[0m [1;32m[checkpoint][0m  [1;36mepoch 4[0m  [1;33msb 108/108[0m  [33mthis-sb=39,976,960 pos (610 batches x 65,536)[0m  [36mtotal=17,270,046,720 pos[0m  [1;36mtrain_time=6165.9s[0m  [1;32mpos/s=2,800,895[0m
  [2mcuda-cpp SFNN[0m [1;33mcheckpoint overhead[0m: [35mreadback=0.903s[0m  [33mvalidation=0.855s[0m  [36msave=4.473s (state.bin 2.04 GiB, 467 MiB/s)[0m  [1;32mtotal=6.231s[0m
  [2mcuda-cpp SFNN[0m [33mvalidation[0m: epoch=4, superbatch=108, [35mtest_value_accuracy=0.6997600[0m, [35mtest_value_loss=0.07659893[0m, [1;36melapsed=0.855s[0m
  [2mcuda-cpp SFNN[0m [1;36m[progress][0m  [1;36mepoch 5[0m  [1;33msb 1/108[0m  [33mthis-sb=39,976,960 pos (610 batches x 65,536)[0m  [36mtotal=17,310,023,680 pos[0m  [1;36mtrain_time=6180.2s[0m  [1;32mpos/s=2,800,888[0m
  [2mcuda-cpp SFNN[0m [1;36m[progress][0m  [1;36mepoch 5[0m  [1;33msb 2/108[0m  [33mthis-sb=39,976,960 pos (610 batches x 65,536)[0m  [36mtotal=17,350,000,640 pos[0m  [1;36mtrain_time=6194.4s[0m  [1;32mpos/s=2,800,917[0m
  [2mcuda-cpp SFNN[0m [1;36m[progress][0m  [1;36mepoch 5[0m  [1;33msb 3/108[0m  [33mthis-sb=39,976,960 pos (610 batches x 65,536)[0m  [36mtotal=17,389,977,600 pos[0m  [1;36mtrain_time=6208.6s[0m  [1;32mpos/s=2,800,944[0m
  cuda-cpp HalfKA2 validation forward = gpu: positions=300000, batch_size=8192, elapsed=0.595s
  test: accuracy=69.5797% (208739/300000 decisive; draws=0 excluded; mate=0 filtered), loss=0.077445 (n=300000)
  [2mcuda-cpp HalfKA2[0m [1;33mvalidation detail[0m: positions=300,000, batch_size=8,192, load/cache=0.000s, weight_fold=0.198s, context=0.000s, weight_upload=0.041s, batches=0.595s, metrics=0.005s, total=0.838s
  [2mcuda-cpp SFNN[0m [1;36m[progress][0m  [1;36mepoch 5[0m  [1;33msb 4/108[0m  [33mthis-sb=39,976,960 pos (610 batches x 65,536)[0m  [36mtotal=17,429,954,560 pos[0m  [1;36mtrain_time=6222.8s[0m  [1;32mpos/s=2,800,968[0m
  [2mcuda-cpp SFNN[0m [1;33mvalidation overhead[0m: [35mreadback=0.236s[0m  [33mvalidation=0.862s[0m  [2msave=skipped[0m  [1;32mtotal=1.098s[0m
  [2mcuda-cpp SFNN[0m [33mvalidation[0m: epoch=5, superbatch=4, [35mtest_value_accuracy=0.6957967[0m, [35mtest_value_loss=0.07744451[0m, [1;36melapsed=0.862s[0m
  [2mcuda-cpp SFNN[0m [1;36m[progress][0m  [1;36mepoch 5[0m  [1;33msb 5/108[0m  [33mthis-sb=39,976,960 pos (610 batches x 65,536)[0m  [36mtotal=17,469,931,520 pos[0m  [1;36mtrain_time=6237.1s[0m  [1;32mpos/s=2,800,982[0m
  [2mcuda-cpp SFNN[0m [1;36m[progress][0m  [1;36mepoch 5[0m  [1;33msb 6/108[0m  [33mthis-sb=39,976,960 pos (610 batches x 65,536)[0m  [36mtotal=17,509,908,480 pos[0m  [1;36mtrain_time=6251.3s[0m  [1;32mpos/s=2,801,003[0m
  [2mcuda-cpp SFNN[0m [1;36m[progress][0m  [1;36mepoch 5[0m  [1;33msb 7/108[0m  [33mthis-sb=39,976,960 pos (610 batches x 65,536)[0m  [36mtotal=17,549,885,440 pos[0m  [1;36mtrain_time=6265.5s[0m  [1;32mpos/s=2,801,025[0m
  cuda-cpp HalfKA2 validation forward = gpu: positions=300000, batch_size=8192, elapsed=0.593s
  test: accuracy=69.6923% (209077/300000 decisive; draws=0 excluded; mate=0 filtered), loss=0.077517 (n=300000)
  [2mcuda-cpp HalfKA2[0m [1;33mvalidation detail[0m: positions=300,000, batch_size=8,192, load/cache=0.000s, weight_fold=0.197s, context=0.000s, weight_upload=0.040s, batches=0.593s, metrics=0.005s, total=0.836s
  [2mcuda-cpp SFNN[0m [1;36m[progress][0m  [1;36mepoch 5[0m  [1;33msb 8/108[0m  [33mthis-sb=39,976,960 pos (610 batches x 65,536)[0m  [36mtotal=17,589,862,400 pos[0m  [1;36mtrain_time=6279.8s[0m  [1;32mpos/s=2,801,041[0m
  [2mcuda-cpp SFNN[0m [1;33mvalidation overhead[0m: [35mreadback=0.242s[0m  [33mvalidation=0.859s[0m  [2msave=skipped[0m  [1;32mtotal=1.102s[0m
  [2mcuda-cpp SFNN[0m [33mvalidation[0m: epoch=5, superbatch=8, [35mtest_value_accuracy=0.6969233[0m, [35mtest_value_loss=0.07751684[0m, [1;36melapsed=0.859s[0m
  [2mcuda-cpp SFNN[0m [1;36m[progress][0m  [1;36mepoch 5[0m  [1;33msb 9/108[0m  [33mthis-sb=39,976,960 pos (610 batches x 65,536)[0m  [36mtotal=17,629,839,360 pos[0m  [1;36mtrain_time=6294.0s[0m  [1;32mpos/s=2,801,052[0m
  [2mcuda-cpp SFNN[0m [1;36m[progress][0m  [1;36mepoch 5[0m  [1;33msb 10/108[0m  [33mthis-sb=39,976,960 pos (610 batches x 65,536)[0m  [36mtotal=17,669,816,320 pos[0m  [1;36mtrain_time=6308.2s[0m  [1;32mpos/s=2,801,079[0m
  [2mcuda-cpp SFNN[0m [1;36m[progress][0m  [1;36mepoch 5[0m  [1;33msb 11/108[0m  [33mthis-sb=39,976,960 pos (610 batches x 65,536)[0m  [36mtotal=17,709,793,280 pos[0m  [1;36mtrain_time=6322.5s[0m  [1;32mpos/s=2,801,096[0m
  cuda-cpp HalfKA2 validation forward = gpu: positions=300000, batch_size=8192, elapsed=0.593s
  test: accuracy=69.6150% (208845/300000 decisive; draws=0 excluded; mate=0 filtered), loss=0.077430 (n=300000)
  [2mcuda-cpp HalfKA2[0m [1;33mvalidation detail[0m: positions=300,000, batch_size=8,192, load/cache=0.000s, weight_fold=0.197s, context=0.000s, weight_upload=0.040s, batches=0.593s, metrics=0.005s, total=0.835s
  [2mcuda-cpp SFNN[0m [1;36m[progress][0m  [1;36mepoch 5[0m  [1;33msb 12/108[0m  [33mthis-sb=39,976,960 pos (610 batches x 65,536)[0m  [36mtotal=17,749,770,240 pos[0m  [1;36mtrain_time=6336.7s[0m  [1;32mpos/s=2,801,109[0m
  [2mcuda-cpp SFNN[0m [1;33mvalidation overhead[0m: [35mreadback=0.233s[0m  [33mvalidation=0.859s[0m  [2msave=skipped[0m  [1;32mtotal=1.091s[0m
  [2mcuda-cpp SFNN[0m [33mvalidation[0m: epoch=5, superbatch=12, [35mtest_value_accuracy=0.6961500[0m, [35mtest_value_loss=0.07742996[0m, [1;36melapsed=0.859s[0m
  [2mcuda-cpp SFNN[0m [1;36m[progress][0m  [1;36mepoch 5[0m  [1;33msb 13/108[0m  [33mthis-sb=39,976,960 pos (610 batches x 65,536)[0m  [36mtotal=17,789,747,200 pos[0m  [1;36mtrain_time=6350.9s[0m  [1;32mpos/s=2,801,120[0m
  [2mcuda-cpp SFNN[0m [1;36m[progress][0m  [1;36mepoch 5[0m  [1;33msb 14/108[0m  [33mthis-sb=39,976,960 pos (610 batches x 65,536)[0m  [36mtotal=17,829,724,160 pos[0m  [1;36mtrain_time=6365.2s[0m  [1;32mpos/s=2,801,139[0m
  [2mcuda-cpp SFNN[0m [1;36m[progress][0m  [1;36mepoch 5[0m  [1;33msb 15/108[0m  [33mthis-sb=39,976,960 pos (610 batches x 65,536)[0m  [36mtotal=17,869,701,120 pos[0m  [1;36mtrain_time=6379.4s[0m  [1;32mpos/s=2,801,155[0m
  cuda-cpp HalfKA2 validation forward = gpu: positions=300000, batch_size=8192, elapsed=0.593s
  test: accuracy=69.7420% (209226/300000 decisive; draws=0 excluded; mate=0 filtered), loss=0.077558 (n=300000)
  [2mcuda-cpp HalfKA2[0m [1;33mvalidation detail[0m: positions=300,000, batch_size=8,192, load/cache=0.000s, weight_fold=0.198s, context=0.000s, weight_upload=0.040s, batches=0.593s, metrics=0.005s, total=0.836s
  [2mcuda-cpp SFNN[0m [1;36m[progress][0m  [1;36mepoch 5[0m  [1;33msb 16/108[0m  [33mthis-sb=39,976,960 pos (610 batches x 65,536)[0m  [36mtotal=17,909,678,080 pos[0m  [1;36mtrain_time=6393.6s[0m  [1;32mpos/s=2,801,172[0m
  [2mcuda-cpp SFNN[0m [1;33mvalidation overhead[0m: [35mreadback=0.229s[0m  [33mvalidation=0.860s[0m  [2msave=skipped[0m  [1;32mtotal=1.089s[0m
  [2mcuda-cpp SFNN[0m [33mvalidation[0m: epoch=5, superbatch=16, [35mtest_value_accuracy=0.6974200[0m, [35mtest_value_loss=0.07755838[0m, [1;36melapsed=0.860s[0m
  [2mcuda-cpp SFNN[0m [1;36m[progress][0m  [1;36mepoch 5[0m  [1;33msb 17/108[0m  [33mthis-sb=39,976,960 pos (610 batches x 65,536)[0m  [36mtotal=17,949,655,040 pos[0m  [1;36mtrain_time=6407.9s[0m  [1;32mpos/s=2,801,181[0m
  [2mcuda-cpp SFNN[0m [1;36m[progress][0m  [1;36mepoch 5[0m  [1;33msb 18/108[0m  [33mthis-sb=39,976,960 pos (610 batches x 65,536)[0m  [36mtotal=17,989,632,000 pos[0m  [1;36mtrain_time=6422.1s[0m  [1;32mpos/s=2,801,196[0m
  [2mcuda-cpp SFNN[0m [1;36m[progress][0m  [1;36mepoch 5[0m  [1;33msb 19/108[0m  [33mthis-sb=39,976,960 pos (610 batches x 65,536)[0m  [36mtotal=18,029,608,960 pos[0m  [1;36mtrain_time=6436.4s[0m  [1;32mpos/s=2,801,214[0m
  cuda-cpp HalfKA2 validation forward = gpu: positions=300000, batch_size=8192, elapsed=0.600s
  test: accuracy=69.7573% (209272/300000 decisive; draws=0 excluded; mate=0 filtered), loss=0.076967 (n=300000)
  [2mcuda-cpp HalfKA2[0m [1;33mvalidation detail[0m: positions=300,000, batch_size=8,192, load/cache=0.000s, weight_fold=0.199s, context=0.000s, weight_upload=0.040s, batches=0.600s, metrics=0.005s, total=0.844s
  [2mcuda-cpp SFNN[0m [1;36m[progress][0m  [1;36mepoch 5[0m  [1;33msb 20/108[0m  [33mthis-sb=39,976,960 pos (610 batches x 65,536)[0m  [36mtotal=18,069,585,920 pos[0m  [1;36mtrain_time=6450.6s[0m  [1;32mpos/s=2,801,234[0m
  [2mcuda-cpp SFNN[0m [1;33mvalidation overhead[0m: [35mreadback=0.235s[0m  [33mvalidation=0.868s[0m  [2msave=skipped[0m  [1;32mtotal=1.104s[0m
  [2mcuda-cpp SFNN[0m [33mvalidation[0m: epoch=5, superbatch=20, [35mtest_value_accuracy=0.6975733[0m, [35mtest_value_loss=0.07696708[0m, [1;36melapsed=0.868s[0m
  [2mcuda-cpp SFNN[0m [1;36m[progress][0m  [1;36mepoch 5[0m  [1;33msb 21/108[0m  [33mthis-sb=39,976,960 pos (610 batches x 65,536)[0m  [36mtotal=18,109,562,880 pos[0m  [1;36mtrain_time=6464.8s[0m  [1;32mpos/s=2,801,247[0m
  [2mcuda-cpp SFNN[0m [1;36m[progress][0m  [1;36mepoch 5[0m  [1;33msb 22/108[0m  [33mthis-sb=39,976,960 pos (610 batches x 65,536)[0m  [36mtotal=18,149,539,840 pos[0m  [1;36mtrain_time=6479.0s[0m  [1;32mpos/s=2,801,268[0m
  [2mcuda-cpp SFNN[0m [1;36m[progress][0m  [1;36mepoch 5[0m  [1;33msb 23/108[0m  [33mthis-sb=39,976,960 pos (610 batches x 65,536)[0m  [36mtotal=18,189,516,800 pos[0m  [1;36mtrain_time=6493.3s[0m  [1;32mpos/s=2,801,282[0m
  cuda-cpp HalfKA2 validation forward = gpu: positions=300000, batch_size=8192, elapsed=0.593s
  test: accuracy=69.7677% (209303/300000 decisive; draws=0 excluded; mate=0 filtered), loss=0.077375 (n=300000)
  [2mcuda-cpp HalfKA2[0m [1;33mvalidation detail[0m: positions=300,000, batch_size=8,192, load/cache=0.000s, weight_fold=0.198s, context=0.000s, weight_upload=0.040s, batches=0.593s, metrics=0.005s, total=0.836s
  [2mcuda-cpp SFNN[0m [1;36m[progress][0m  [1;36mepoch 5[0m  [1;33msb 24/108[0m  [33mthis-sb=39,976,960 pos (610 batches x 65,536)[0m  [36mtotal=18,229,493,760 pos[0m  [1;36mtrain_time=6507.5s[0m  [1;32mpos/s=2,801,303[0m
  [2mcuda-cpp SFNN[0m [1;33mvalidation overhead[0m: [35mreadback=0.233s[0m  [33mvalidation=0.860s[0m  [2msave=skipped[0m  [1;32mtotal=1.094s[0m
  [2mcuda-cpp SFNN[0m [33mvalidation[0m: epoch=5, superbatch=24, [35mtest_value_accuracy=0.6976767[0m, [35mtest_value_loss=0.07737511[0m, [1;36melapsed=0.860s[0m
  [2mcuda-cpp SFNN[0m [1;36m[progress][0m  [1;36mepoch 5[0m  [1;33msb 25/108[0m  [33mthis-sb=39,976,960 pos (610 batches x 65,536)[0m  [36mtotal=18,269,470,720 pos[0m  [1;36mtrain_time=6521.7s[0m  [1;32mpos/s=2,801,315[0m
  [2mcuda-cpp SFNN[0m [1;36m[progress][0m  [1;36mepoch 5[0m  [1;33msb 26/108[0m  [33mthis-sb=39,976,960 pos (610 batches x 65,536)[0m  [36mtotal=18,309,447,680 pos[0m  [1;36mtrain_time=6536.0s[0m  [1;32mpos/s=2,801,340[0m
  [2mcuda-cpp SFNN[0m [1;36m[progress][0m  [1;36mepoch 5[0m  [1;33msb 27/108[0m  [33mthis-sb=39,976,960 pos (610 batches x 65,536)[0m  [36mtotal=18,349,424,640 pos[0m  [1;36mtrain_time=6550.2s[0m  [1;32mpos/s=2,801,356[0m
  cuda-cpp HalfKA2 validation forward = gpu: positions=300000, batch_size=8192, elapsed=0.589s
  test: accuracy=69.7790% (209337/300000 decisive; draws=0 excluded; mate=0 filtered), loss=0.076991 (n=300000)
  [2mcuda-cpp HalfKA2[0m [1;33mvalidation detail[0m: positions=300,000, batch_size=8,192, load/cache=0.000s, weight_fold=0.196s, context=0.000s, weight_upload=0.040s, batches=0.589s, metrics=0.005s, total=0.831s
  [2mcuda-cpp SFNN[0m [1;36m[progress][0m  [1;36mepoch 5[0m  [1;33msb 28/108[0m  [33mthis-sb=39,976,960 pos (610 batches x 65,536)[0m  [36mtotal=18,389,401,600 pos[0m  [1;36mtrain_time=6564.4s[0m  [1;32mpos/s=2,801,377[0m
  [2mcuda-cpp SFNN[0m [1;33mvalidation overhead[0m: [35mreadback=0.229s[0m  [33mvalidation=0.854s[0m  [2msave=skipped[0m  [1;32mtotal=1.083s[0m
  [2mcuda-cpp SFNN[0m [33mvalidation[0m: epoch=5, superbatch=28, [35mtest_value_accuracy=0.6977900[0m, [35mtest_value_loss=0.07699074[0m, [1;36melapsed=0.854s[0m
  [2mcuda-cpp SFNN[0m [1;36m[progress][0m  [1;36mepoch 5[0m  [1;33msb 29/108[0m  [33mthis-sb=39,976,960 pos (610 batches x 65,536)[0m  [36mtotal=18,429,378,560 pos[0m  [1;36mtrain_time=6578.7s[0m  [1;32mpos/s=2,801,392[0m
  [2mcuda-cpp SFNN[0m [1;36m[progress][0m  [1;36mepoch 5[0m  [1;33msb 30/108[0m  [33mthis-sb=39,976,960 pos (610 batches x 65,536)[0m  [36mtotal=18,469,355,520 pos[0m  [1;36mtrain_time=6592.9s[0m  [1;32mpos/s=2,801,416[0m
  [2mcuda-cpp SFNN[0m [1;36m[progress][0m  [1;36mepoch 5[0m  [1;33msb 31/108[0m  [33mthis-sb=39,976,960 pos (610 batches x 65,536)[0m  [36mtotal=18,509,332,480 pos[0m  [1;36mtrain_time=6607.1s[0m  [1;32mpos/s=2,801,434[0m
  cuda-cpp HalfKA2 validation forward = gpu: positions=300000, batch_size=8192, elapsed=0.594s
  test: accuracy=69.8437% (209531/300000 decisive; draws=0 excluded; mate=0 filtered), loss=0.076558 (n=300000)
  [2mcuda-cpp HalfKA2[0m [1;33mvalidation detail[0m: positions=300,000, batch_size=8,192, load/cache=0.000s, weight_fold=0.198s, context=0.001s, weight_upload=0.041s, batches=0.594s, metrics=0.005s, total=0.838s
  [2mcuda-cpp SFNN[0m [1;36m[progress][0m  [1;36mepoch 5[0m  [1;33msb 32/108[0m  [33mthis-sb=39,976,960 pos (610 batches x 65,536)[0m  [36mtotal=18,549,309,440 pos[0m  [1;36mtrain_time=6621.3s[0m  [1;32mpos/s=2,801,447[0m
  [2mcuda-cpp SFNN[0m [1;33mvalidation overhead[0m: [35mreadback=0.239s[0m  [33mvalidation=0.862s[0m  [2msave=skipped[0m  [1;32mtotal=1.101s[0m
  [2mcuda-cpp SFNN[0m [33mvalidation[0m: epoch=5, superbatch=32, [35mtest_value_accuracy=0.6984367[0m, [35mtest_value_loss=0.07655796[0m, [1;36melapsed=0.862s[0m
  [2mcuda-cpp SFNN[0m [1;36m[progress][0m  [1;36mepoch 5[0m  [1;33msb 33/108[0m  [33mthis-sb=39,976,960 pos (610 batches x 65,536)[0m  [36mtotal=18,589,286,400 pos[0m  [1;36mtrain_time=6635.6s[0m  [1;32mpos/s=2,801,458[0m
  [2mcuda-cpp SFNN[0m [1;36m[progress][0m  [1;36mepoch 5[0m  [1;33msb 34/108[0m  [33mthis-sb=39,976,960 pos (610 batches x 65,536)[0m  [36mtotal=18,629,263,360 pos[0m  [1;36mtrain_time=6649.8s[0m  [1;32mpos/s=2,801,476[0m
  [2mcuda-cpp SFNN[0m [1;36m[progress][0m  [1;36mepoch 5[0m  [1;33msb 35/108[0m  [33mthis-sb=39,976,960 pos (610 batches x 65,536)[0m  [36mtotal=18,669,240,320 pos[0m  [1;36mtrain_time=6664.0s[0m  [1;32mpos/s=2,801,488[0m
  cuda-cpp HalfKA2 validation forward = gpu: positions=300000, batch_size=8192, elapsed=0.592s
  test: accuracy=69.8660% (209598/300000 decisive; draws=0 excluded; mate=0 filtered), loss=0.076693 (n=300000)
  [2mcuda-cpp HalfKA2[0m [1;33mvalidation detail[0m: positions=300,000, batch_size=8,192, load/cache=0.000s, weight_fold=0.196s, context=0.000s, weight_upload=0.041s, batches=0.592s, metrics=0.005s, total=0.834s
  [2mcuda-cpp SFNN[0m [1;36m[progress][0m  [1;36mepoch 5[0m  [1;33msb 36/108[0m  [33mthis-sb=39,976,960 pos (610 batches x 65,536)[0m  [36mtotal=18,709,217,280 pos[0m  [1;36mtrain_time=6678.3s[0m  [1;32mpos/s=2,801,505[0m
  [2mcuda-cpp SFNN[0m [1;33mvalidation overhead[0m: [35mreadback=0.230s[0m  [33mvalidation=0.857s[0m  [2msave=skipped[0m  [1;32mtotal=1.087s[0m
  [2mcuda-cpp SFNN[0m [33mvalidation[0m: epoch=5, superbatch=36, [35mtest_value_accuracy=0.6986600[0m, [35mtest_value_loss=0.07669315[0m, [1;36melapsed=0.857s[0m
  [2mcuda-cpp SFNN[0m [1;36m[progress][0m  [1;36mepoch 5[0m  [1;33msb 37/108[0m  [33mthis-sb=39,976,960 pos (610 batches x 65,536)[0m  [36mtotal=18,749,194,240 pos[0m  [1;36mtrain_time=6692.5s[0m  [1;32mpos/s=2,801,520[0m
  [2mcuda-cpp SFNN[0m [1;36m[progress][0m  [1;36mepoch 5[0m  [1;33msb 38/108[0m  [33mthis-sb=39,976,960 pos (610 batches x 65,536)[0m  [36mtotal=18,789,171,200 pos[0m  [1;36mtrain_time=6706.7s[0m  [1;32mpos/s=2,801,536[0m
  [2mcuda-cpp SFNN[0m [1;36m[progress][0m  [1;36mepoch 5[0m  [1;33msb 39/108[0m  [33mthis-sb=39,976,960 pos (610 batches x 65,536)[0m  [36mtotal=18,829,148,160 pos[0m  [1;36mtrain_time=6721.0s[0m  [1;32mpos/s=2,801,555[0m
  cuda-cpp HalfKA2 validation forward = gpu: positions=300000, batch_size=8192, elapsed=0.590s
  test: accuracy=69.8977% (209693/300000 decisive; draws=0 excluded; mate=0 filtered), loss=0.076978 (n=300000)
  [2mcuda-cpp HalfKA2[0m [1;33mvalidation detail[0m: positions=300,000, batch_size=8,192, load/cache=0.000s, weight_fold=0.196s, context=0.000s, weight_upload=0.040s, batches=0.590s, metrics=0.005s, total=0.832s
  [2mcuda-cpp SFNN[0m [1;36m[progress][0m  [1;36mepoch 5[0m  [1;33msb 40/108[0m  [33mthis-sb=39,976,960 pos (610 batches x 65,536)[0m  [36mtotal=18,869,125,120 pos[0m  [1;36mtrain_time=6735.2s[0m  [1;32mpos/s=2,801,572[0m
  [2mcuda-cpp SFNN[0m [1;33mvalidation overhead[0m: [35mreadback=0.228s[0m  [33mvalidation=0.855s[0m  [2msave=skipped[0m  [1;32mtotal=1.083s[0m
  [2mcuda-cpp SFNN[0m [33mvalidation[0m: epoch=5, superbatch=40, [35mtest_value_accuracy=0.6989767[0m, [35mtest_value_loss=0.07697809[0m, [1;36melapsed=0.855s[0m
  [2mcuda-cpp SFNN[0m [1;36m[progress][0m  [1;36mepoch 5[0m  [1;33msb 41/108[0m  [33mthis-sb=39,976,960 pos (610 batches x 65,536)[0m  [36mtotal=18,909,102,080 pos[0m  [1;36mtrain_time=6749.4s[0m  [1;32mpos/s=2,801,587[0m
  [2mcuda-cpp SFNN[0m [1;36m[progress][0m  [1;36mepoch 5[0m  [1;33msb 42/108[0m  [33mthis-sb=39,976,960 pos (610 batches x 65,536)[0m  [36mtotal=18,949,079,040 pos[0m  [1;36mtrain_time=6763.6s[0m  [1;32mpos/s=2,801,606[0m
  [2mcuda-cpp SFNN[0m [1;36m[progress][0m  [1;36mepoch 5[0m  [1;33msb 43/108[0m  [33mthis-sb=39,976,960 pos (610 batches x 65,536)[0m  [36mtotal=18,989,056,000 pos[0m  [1;36mtrain_time=6777.9s[0m  [1;32mpos/s=2,801,630[0m
  cuda-cpp HalfKA2 validation forward = gpu: positions=300000, batch_size=8192, elapsed=0.605s
  test: accuracy=69.8427% (209528/300000 decisive; draws=0 excluded; mate=0 filtered), loss=0.076949 (n=300000)
  [2mcuda-cpp HalfKA2[0m [1;33mvalidation detail[0m: positions=300,000, batch_size=8,192, load/cache=0.000s, weight_fold=0.196s, context=0.000s, weight_upload=0.040s, batches=0.605s, metrics=0.005s, total=0.846s
  [2mcuda-cpp SFNN[0m [1;36m[progress][0m  [1;36mepoch 5[0m  [1;33msb 44/108[0m  [33mthis-sb=39,976,960 pos (610 batches x 65,536)[0m  [36mtotal=19,029,032,960 pos[0m  [1;36mtrain_time=6792.1s[0m  [1;32mpos/s=2,801,651[0m
  [2mcuda-cpp SFNN[0m [1;33mvalidation overhead[0m: [35mreadback=0.230s[0m  [33mvalidation=0.869s[0m  [2msave=skipped[0m  [1;32mtotal=1.099s[0m
  [2mcuda-cpp SFNN[0m [33mvalidation[0m: epoch=5, superbatch=44, [35mtest_value_accuracy=0.6984267[0m, [35mtest_value_loss=0.07694876[0m, [1;36melapsed=0.869s[0m
  [2mcuda-cpp SFNN[0m [1;36m[progress][0m  [1;36mepoch 5[0m  [1;33msb 45/108[0m  [33mthis-sb=39,976,960 pos (610 batches x 65,536)[0m  [36mtotal=19,069,009,920 pos[0m  [1;36mtrain_time=6806.3s[0m  [1;32mpos/s=2,801,665[0m
  [2mcuda-cpp SFNN[0m [1;36m[progress][0m  [1;36mepoch 5[0m  [1;33msb 46/108[0m  [33mthis-sb=39,976,960 pos (610 batches x 65,536)[0m  [36mtotal=19,108,986,880 pos[0m  [1;36mtrain_time=6820.5s[0m  [1;32mpos/s=2,801,690[0m
  [2mcuda-cpp SFNN[0m [1;36m[progress][0m  [1;36mepoch 5[0m  [1;33msb 47/108[0m  [33mthis-sb=39,976,960 pos (610 batches x 65,536)[0m  [36mtotal=19,148,963,840 pos[0m  [1;36mtrain_time=6834.7s[0m  [1;32mpos/s=2,801,710[0m
  cuda-cpp HalfKA2 validation forward = gpu: positions=300000, batch_size=8192, elapsed=0.589s
  test: accuracy=69.9103% (209731/300000 decisive; draws=0 excluded; mate=0 filtered), loss=0.076833 (n=300000)
  [2mcuda-cpp HalfKA2[0m [1;33mvalidation detail[0m: positions=300,000, batch_size=8,192, load/cache=0.000s, weight_fold=0.197s, context=0.000s, weight_upload=0.040s, batches=0.589s, metrics=0.005s, total=0.831s
  [2mcuda-cpp SFNN[0m [1;36m[progress][0m  [1;36mepoch 5[0m  [1;33msb 48/108[0m  [33mthis-sb=39,976,960 pos (610 batches x 65,536)[0m  [36mtotal=19,188,940,800 pos[0m  [1;36mtrain_time=6849.0s[0m  [1;32mpos/s=2,801,732[0m
  [2mcuda-cpp SFNN[0m [1;33mvalidation overhead[0m: [35mreadback=0.236s[0m  [33mvalidation=0.855s[0m  [2msave=skipped[0m  [1;32mtotal=1.091s[0m
  [2mcuda-cpp SFNN[0m [33mvalidation[0m: epoch=5, superbatch=48, [35mtest_value_accuracy=0.6991034[0m, [35mtest_value_loss=0.07683273[0m, [1;36melapsed=0.855s[0m
  [2mcuda-cpp SFNN[0m [1;36m[progress][0m  [1;36mepoch 5[0m  [1;33msb 49/108[0m  [33mthis-sb=39,976,960 pos (610 batches x 65,536)[0m  [36mtotal=19,228,917,760 pos[0m  [1;36mtrain_time=6863.2s[0m  [1;32mpos/s=2,801,745[0m
  [2mcuda-cpp SFNN[0m [1;36m[progress][0m  [1;36mepoch 5[0m  [1;33msb 50/108[0m  [33mthis-sb=39,976,960 pos (610 batches x 65,536)[0m  [36mtotal=19,268,894,720 pos[0m  [1;36mtrain_time=6877.4s[0m  [1;32mpos/s=2,801,763[0m
  [2mcuda-cpp SFNN[0m [1;36m[progress][0m  [1;36mepoch 5[0m  [1;33msb 51/108[0m  [33mthis-sb=39,976,960 pos (610 batches x 65,536)[0m  [36mtotal=19,308,871,680 pos[0m  [1;36mtrain_time=6891.6s[0m  [1;32mpos/s=2,801,780[0m
  cuda-cpp HalfKA2 validation forward = gpu: positions=300000, batch_size=8192, elapsed=0.593s
  test: accuracy=69.9243% (209773/300000 decisive; draws=0 excluded; mate=0 filtered), loss=0.076648 (n=300000)
  [2mcuda-cpp HalfKA2[0m [1;33mvalidation detail[0m: positions=300,000, batch_size=8,192, load/cache=0.000s, weight_fold=0.197s, context=0.000s, weight_upload=0.039s, batches=0.593s, metrics=0.005s, total=0.835s
  [2mcuda-cpp SFNN[0m [1;36m[progress][0m  [1;36mepoch 5[0m  [1;33msb 52/108[0m  [33mthis-sb=39,976,960 pos (610 batches x 65,536)[0m  [36mtotal=19,348,848,640 pos[0m  [1;36mtrain_time=6905.9s[0m  [1;32mpos/s=2,801,802[0m
  [2mcuda-cpp SFNN[0m [1;33mvalidation overhead[0m: [35mreadback=0.233s[0m  [33mvalidation=0.858s[0m  [2msave=skipped[0m  [1;32mtotal=1.091s[0m
  [2mcuda-cpp SFNN[0m [33mvalidation[0m: epoch=5, superbatch=52, [35mtest_value_accuracy=0.6992433[0m, [35mtest_value_loss=0.07664774[0m, [1;36melapsed=0.858s[0m
  [2mcuda-cpp SFNN[0m [1;36m[progress][0m  [1;36mepoch 5[0m  [1;33msb 53/108[0m  [33mthis-sb=39,976,960 pos (610 batches x 65,536)[0m  [36mtotal=19,388,825,600 pos[0m  [1;36mtrain_time=6920.1s[0m  [1;32mpos/s=2,801,812[0m
  [2mcuda-cpp SFNN[0m [1;36m[progress][0m  [1;36mepoch 5[0m  [1;33msb 54/108[0m  [33mthis-sb=39,976,960 pos (610 batches x 65,536)[0m  [36mtotal=19,428,802,560 pos[0m  [1;36mtrain_time=6934.3s[0m  [1;32mpos/s=2,801,830[0m
  [2mcuda-cpp SFNN[0m [1;36m[progress][0m  [1;36mepoch 5[0m  [1;33msb 55/108[0m  [33mthis-sb=39,976,960 pos (610 batches x 65,536)[0m  [36mtotal=19,468,779,520 pos[0m  [1;36mtrain_time=6948.5s[0m  [1;32mpos/s=2,801,850[0m
  cuda-cpp HalfKA2 validation forward = gpu: positions=300000, batch_size=8192, elapsed=0.590s
  test: accuracy=69.9893% (209968/300000 decisive; draws=0 excluded; mate=0 filtered), loss=0.077003 (n=300000)
  [2mcuda-cpp HalfKA2[0m [1;33mvalidation detail[0m: positions=300,000, batch_size=8,192, load/cache=0.000s, weight_fold=0.194s, context=0.000s, weight_upload=0.040s, batches=0.590s, metrics=0.005s, total=0.829s
  [2mcuda-cpp SFNN[0m [1;36m[progress][0m  [1;36mepoch 5[0m  [1;33msb 56/108[0m  [33mthis-sb=39,976,960 pos (610 batches x 65,536)[0m  [36mtotal=19,508,756,480 pos[0m  [1;36mtrain_time=6962.8s[0m  [1;32mpos/s=2,801,865[0m
  [2mcuda-cpp SFNN[0m [1;33mvalidation overhead[0m: [35mreadback=0.228s[0m  [33mvalidation=0.851s[0m  [2msave=skipped[0m  [1;32mtotal=1.079s[0m
  [2mcuda-cpp SFNN[0m [33mvalidation[0m: epoch=5, superbatch=56, [35mtest_value_accuracy=0.6998934[0m, [35mtest_value_loss=0.07700312[0m, [1;36melapsed=0.851s[0m
  [2mcuda-cpp SFNN[0m [1;36m[progress][0m  [1;36mepoch 5[0m  [1;33msb 57/108[0m  [33mthis-sb=39,976,960 pos (610 batches x 65,536)[0m  [36mtotal=19,548,733,440 pos[0m  [1;36mtrain_time=6977.0s[0m  [1;32mpos/s=2,801,877[0m
  [2mcuda-cpp SFNN[0m [1;36m[progress][0m  [1;36mepoch 5[0m  [1;33msb 58/108[0m  [33mthis-sb=39,976,960 pos (610 batches x 65,536)[0m  [36mtotal=19,588,710,400 pos[0m  [1;36mtrain_time=6991.2s[0m  [1;32mpos/s=2,801,900[0m
  [2mcuda-cpp SFNN[0m [1;36m[progress][0m  [1;36mepoch 5[0m  [1;33msb 59/108[0m  [33mthis-sb=39,976,960 pos (610 batches x 65,536)[0m  [36mtotal=19,628,687,360 pos[0m  [1;36mtrain_time=7005.4s[0m  [1;32mpos/s=2,801,919[0m
  cuda-cpp HalfKA2 validation forward = gpu: positions=300000, batch_size=8192, elapsed=0.594s
  test: accuracy=70.0373% (210112/300000 decisive; draws=0 excluded; mate=0 filtered), loss=0.076546 (n=300000)
  [2mcuda-cpp HalfKA2[0m [1;33mvalidation detail[0m: positions=300,000, batch_size=8,192, load/cache=0.000s, weight_fold=0.194s, context=0.000s, weight_upload=0.041s, batches=0.594s, metrics=0.005s, total=0.833s
  [2mcuda-cpp SFNN[0m [1;36m[progress][0m  [1;36mepoch 5[0m  [1;33msb 60/108[0m  [33mthis-sb=39,976,960 pos (610 batches x 65,536)[0m  [36mtotal=19,668,664,320 pos[0m  [1;36mtrain_time=7019.7s[0m  [1;32mpos/s=2,801,940[0m
  [2mcuda-cpp SFNN[0m [1;33mvalidation overhead[0m: [35mreadback=0.226s[0m  [33mvalidation=0.857s[0m  [2msave=skipped[0m  [1;32mtotal=1.083s[0m
  [2mcuda-cpp SFNN[0m [33mvalidation[0m: epoch=5, superbatch=60, [35mtest_value_accuracy=0.7003734[0m, [35mtest_value_loss=0.07654633[0m, [1;36melapsed=0.857s[0m
  [2mcuda-cpp SFNN[0m [1;36m[progress][0m  [1;36mepoch 5[0m  [1;33msb 61/108[0m  [33mthis-sb=39,976,960 pos (610 batches x 65,536)[0m  [36mtotal=19,708,641,280 pos[0m  [1;36mtrain_time=7033.9s[0m  [1;32mpos/s=2,801,954[0m
  [2mcuda-cpp SFNN[0m [1;36m[progress][0m  [1;36mepoch 5[0m  [1;33msb 62/108[0m  [33mthis-sb=39,976,960 pos (610 batches x 65,536)[0m  [36mtotal=19,748,618,240 pos[0m  [1;36mtrain_time=7048.1s[0m  [1;32mpos/s=2,801,976[0m
  [2mcuda-cpp SFNN[0m [1;36m[progress][0m  [1;36mepoch 5[0m  [1;33msb 63/108[0m  [33mthis-sb=39,976,960 pos (610 batches x 65,536)[0m  [36mtotal=19,788,595,200 pos[0m  [1;36mtrain_time=7062.3s[0m  [1;32mpos/s=2,801,994[0m
  cuda-cpp HalfKA2 validation forward = gpu: positions=300000, batch_size=8192, elapsed=0.594s
  test: accuracy=69.9937% (209981/300000 decisive; draws=0 excluded; mate=0 filtered), loss=0.076631 (n=300000)
  [2mcuda-cpp HalfKA2[0m [1;33mvalidation detail[0m: positions=300,000, batch_size=8,192, load/cache=0.000s, weight_fold=0.197s, context=0.000s, weight_upload=0.041s, batches=0.594s, metrics=0.005s, total=0.838s
  [2mcuda-cpp SFNN[0m [1;36m[progress][0m  [1;36mepoch 5[0m  [1;33msb 64/108[0m  [33mthis-sb=39,976,960 pos (610 batches x 65,536)[0m  [36mtotal=19,828,572,160 pos[0m  [1;36mtrain_time=7076.5s[0m  [1;32mpos/s=2,802,016[0m
  [2mcuda-cpp SFNN[0m [1;33mvalidation overhead[0m: [35mreadback=0.229s[0m  [33mvalidation=0.860s[0m  [2msave=skipped[0m  [1;32mtotal=1.089s[0m
  [2mcuda-cpp SFNN[0m [33mvalidation[0m: epoch=5, superbatch=64, [35mtest_value_accuracy=0.6999367[0m, [35mtest_value_loss=0.07663054[0m, [1;36melapsed=0.860s[0m
  [2mcuda-cpp SFNN[0m [1;36m[progress][0m  [1;36mepoch 5[0m  [1;33msb 65/108[0m  [33mthis-sb=39,976,960 pos (610 batches x 65,536)[0m  [36mtotal=19,868,549,120 pos[0m  [1;36mtrain_time=7090.8s[0m  [1;32mpos/s=2,802,031[0m
  [2mcuda-cpp SFNN[0m [1;36m[progress][0m  [1;36mepoch 5[0m  [1;33msb 66/108[0m  [33mthis-sb=39,976,960 pos (610 batches x 65,536)[0m  [36mtotal=19,908,526,080 pos[0m  [1;36mtrain_time=7105.0s[0m  [1;32mpos/s=2,802,055[0m
  [2mcuda-cpp SFNN[0m [1;36m[progress][0m  [1;36mepoch 5[0m  [1;33msb 67/108[0m  [33mthis-sb=39,976,960 pos (610 batches x 65,536)[0m  [36mtotal=19,948,503,040 pos[0m  [1;36mtrain_time=7119.2s[0m  [1;32mpos/s=2,802,072[0m
  cuda-cpp HalfKA2 validation forward = gpu: positions=300000, batch_size=8192, elapsed=0.593s
  test: accuracy=70.0973% (210292/300000 decisive; draws=0 excluded; mate=0 filtered), loss=0.076309 (n=300000)
  [2mcuda-cpp HalfKA2[0m [1;33mvalidation detail[0m: positions=300,000, batch_size=8,192, load/cache=0.000s, weight_fold=0.203s, context=0.000s, weight_upload=0.041s, batches=0.593s, metrics=0.005s, total=0.843s
  [2mcuda-cpp SFNN[0m [1;36m[progress][0m  [1;36mepoch 5[0m  [1;33msb 68/108[0m  [33mthis-sb=39,976,960 pos (610 batches x 65,536)[0m  [36mtotal=19,988,480,000 pos[0m  [1;36mtrain_time=7133.4s[0m  [1;32mpos/s=2,802,089[0m
  [2mcuda-cpp SFNN[0m [1;33mvalidation overhead[0m: [35mreadback=0.235s[0m  [33mvalidation=0.872s[0m  [2msave=skipped[0m  [1;32mtotal=1.106s[0m
  [2mcuda-cpp SFNN[0m [33mvalidation[0m: epoch=5, superbatch=68, [35mtest_value_accuracy=0.7009733[0m, [35mtest_value_loss=0.07630862[0m, [1;36melapsed=0.872s[0m
  [2mcuda-cpp SFNN[0m [1;36m[progress][0m  [1;36mepoch 5[0m  [1;33msb 69/108[0m  [33mthis-sb=39,976,960 pos (610 batches x 65,536)[0m  [36mtotal=20,028,456,960 pos[0m  [1;36mtrain_time=7147.7s[0m  [1;32mpos/s=2,802,101[0m
  [2mcuda-cpp SFNN[0m [1;36m[progress][0m  [1;36mepoch 5[0m  [1;33msb 70/108[0m  [33mthis-sb=39,976,960 pos (610 batches x 65,536)[0m  [36mtotal=20,068,433,920 pos[0m  [1;36mtrain_time=7162.0s[0m  [1;32mpos/s=2,802,058[0m
  [2mcuda-cpp SFNN[0m [1;36m[progress][0m  [1;36mepoch 5[0m  [1;33msb 71/108[0m  [33mthis-sb=39,976,960 pos (610 batches x 65,536)[0m  [36mtotal=20,108,410,880 pos[0m  [1;36mtrain_time=7176.2s[0m  [1;32mpos/s=2,802,080[0m
  cuda-cpp HalfKA2 validation forward = gpu: positions=300000, batch_size=8192, elapsed=0.592s
  test: accuracy=70.0293% (210088/300000 decisive; draws=0 excluded; mate=0 filtered), loss=0.076389 (n=300000)
  [2mcuda-cpp HalfKA2[0m [1;33mvalidation detail[0m: positions=300,000, batch_size=8,192, load/cache=0.000s, weight_fold=0.196s, context=0.000s, weight_upload=0.041s, batches=0.592s, metrics=0.005s, total=0.834s
  [2mcuda-cpp SFNN[0m [1;36m[progress][0m  [1;36mepoch 5[0m  [1;33msb 72/108[0m  [33mthis-sb=39,976,960 pos (610 batches x 65,536)[0m  [36mtotal=20,148,387,840 pos[0m  [1;36mtrain_time=7190.6s[0m  [1;32mpos/s=2,802,039[0m
  [2mcuda-cpp SFNN[0m [1;33mvalidation overhead[0m: [35mreadback=0.237s[0m  [33mvalidation=0.858s[0m  [2msave=skipped[0m  [1;32mtotal=1.095s[0m
  [2mcuda-cpp SFNN[0m [33mvalidation[0m: epoch=5, superbatch=72, [35mtest_value_accuracy=0.7002934[0m, [35mtest_value_loss=0.07638875[0m, [1;36melapsed=0.858s[0m
  [2mcuda-cpp SFNN[0m [1;36m[progress][0m  [1;36mepoch 5[0m  [1;33msb 73/108[0m  [33mthis-sb=39,976,960 pos (610 batches x 65,536)[0m  [36mtotal=20,188,364,800 pos[0m  [1;36mtrain_time=7204.9s[0m  [1;32mpos/s=2,802,052[0m
  [2mcuda-cpp SFNN[0m [1;36m[progress][0m  [1;36mepoch 5[0m  [1;33msb 74/108[0m  [33mthis-sb=39,976,960 pos (610 batches x 65,536)[0m  [36mtotal=20,228,341,760 pos[0m  [1;36mtrain_time=7219.1s[0m  [1;32mpos/s=2,802,073[0m
  [2mcuda-cpp SFNN[0m [1;36m[progress][0m  [1;36mepoch 5[0m  [1;33msb 75/108[0m  [33mthis-sb=39,976,960 pos (610 batches x 65,536)[0m  [36mtotal=20,268,318,720 pos[0m  [1;36mtrain_time=7233.3s[0m  [1;32mpos/s=2,802,092[0m
  cuda-cpp HalfKA2 validation forward = gpu: positions=300000, batch_size=8192, elapsed=0.593s
  test: accuracy=70.0107% (210032/300000 decisive; draws=0 excluded; mate=0 filtered), loss=0.076524 (n=300000)
  [2mcuda-cpp HalfKA2[0m [1;33mvalidation detail[0m: positions=300,000, batch_size=8,192, load/cache=0.000s, weight_fold=0.195s, context=0.000s, weight_upload=0.042s, batches=0.593s, metrics=0.005s, total=0.835s
  [2mcuda-cpp SFNN[0m [1;36m[progress][0m  [1;36mepoch 5[0m  [1;33msb 76/108[0m  [33mthis-sb=39,976,960 pos (610 batches x 65,536)[0m  [36mtotal=20,308,295,680 pos[0m  [1;36mtrain_time=7247.5s[0m  [1;32mpos/s=2,802,111[0m
  [2mcuda-cpp SFNN[0m [1;33mvalidation overhead[0m: [35mreadback=0.227s[0m  [33mvalidation=0.858s[0m  [2msave=skipped[0m  [1;32mtotal=1.085s[0m
  [2mcuda-cpp SFNN[0m [33mvalidation[0m: epoch=5, superbatch=76, [35mtest_value_accuracy=0.7001067[0m, [35mtest_value_loss=0.07652384[0m, [1;36melapsed=0.858s[0m
  [2mcuda-cpp SFNN[0m [1;36m[progress][0m  [1;36mepoch 5[0m  [1;33msb 77/108[0m  [33mthis-sb=39,976,960 pos (610 batches x 65,536)[0m  [36mtotal=20,348,272,640 pos[0m  [1;36mtrain_time=7261.7s[0m  [1;32mpos/s=2,802,127[0m
  [2mcuda-cpp SFNN[0m [1;36m[progress][0m  [1;36mepoch 5[0m  [1;33msb 78/108[0m  [33mthis-sb=39,976,960 pos (610 batches x 65,536)[0m  [36mtotal=20,388,249,600 pos[0m  [1;36mtrain_time=7275.9s[0m  [1;32mpos/s=2,802,150[0m
  [2mcuda-cpp SFNN[0m [1;36m[progress][0m  [1;36mepoch 5[0m  [1;33msb 79/108[0m  [33mthis-sb=39,976,960 pos (610 batches x 65,536)[0m  [36mtotal=20,428,226,560 pos[0m  [1;36mtrain_time=7290.1s[0m  [1;32mpos/s=2,802,169[0m
  cuda-cpp HalfKA2 validation forward = gpu: positions=300000, batch_size=8192, elapsed=0.600s
  test: accuracy=70.0293% (210088/300000 decisive; draws=0 excluded; mate=0 filtered), loss=0.076347 (n=300000)
  [2mcuda-cpp HalfKA2[0m [1;33mvalidation detail[0m: positions=300,000, batch_size=8,192, load/cache=0.000s, weight_fold=0.198s, context=0.000s, weight_upload=0.038s, batches=0.600s, metrics=0.005s, total=0.842s
  [2mcuda-cpp SFNN[0m [1;36m[progress][0m  [1;36mepoch 5[0m  [1;33msb 80/108[0m  [33mthis-sb=39,976,960 pos (610 batches x 65,536)[0m  [36mtotal=20,468,203,520 pos[0m  [1;36mtrain_time=7304.4s[0m  [1;32mpos/s=2,802,181[0m
  [2mcuda-cpp SFNN[0m [1;33mvalidation overhead[0m: [35mreadback=0.231s[0m  [33mvalidation=0.869s[0m  [2msave=skipped[0m  [1;32mtotal=1.100s[0m
  [2mcuda-cpp SFNN[0m [33mvalidation[0m: epoch=5, superbatch=80, [35mtest_value_accuracy=0.7002934[0m, [35mtest_value_loss=0.07634725[0m, [1;36melapsed=0.869s[0m
  [2mcuda-cpp SFNN[0m [1;36m[progress][0m  [1;36mepoch 5[0m  [1;33msb 81/108[0m  [33mthis-sb=39,976,960 pos (610 batches x 65,536)[0m  [36mtotal=20,508,180,480 pos[0m  [1;36mtrain_time=7318.6s[0m  [1;32mpos/s=2,802,198[0m
  [2mcuda-cpp SFNN[0m [1;36m[progress][0m  [1;36mepoch 5[0m  [1;33msb 82/108[0m  [33mthis-sb=39,976,960 pos (610 batches x 65,536)[0m  [36mtotal=20,548,157,440 pos[0m  [1;36mtrain_time=7332.9s[0m  [1;32mpos/s=2,802,174[0m
  [2mcuda-cpp SFNN[0m [1;36m[progress][0m  [1;36mepoch 5[0m  [1;33msb 83/108[0m  [33mthis-sb=39,976,960 pos (610 batches x 65,536)[0m  [36mtotal=20,588,134,400 pos[0m  [1;36mtrain_time=7347.2s[0m  [1;32mpos/s=2,802,189[0m
  cuda-cpp HalfKA2 validation forward = gpu: positions=300000, batch_size=8192, elapsed=0.591s
  test: accuracy=70.0610% (210183/300000 decisive; draws=0 excluded; mate=0 filtered), loss=0.076321 (n=300000)
  [2mcuda-cpp HalfKA2[0m [1;33mvalidation detail[0m: positions=300,000, batch_size=8,192, load/cache=0.000s, weight_fold=0.197s, context=0.000s, weight_upload=0.039s, batches=0.591s, metrics=0.005s, total=0.832s
  [2mcuda-cpp SFNN[0m [1;36m[progress][0m  [1;36mepoch 5[0m  [1;33msb 84/108[0m  [33mthis-sb=39,976,960 pos (610 batches x 65,536)[0m  [36mtotal=20,628,111,360 pos[0m  [1;36mtrain_time=7361.4s[0m  [1;32mpos/s=2,802,207[0m
  [2mcuda-cpp SFNN[0m [1;33mvalidation overhead[0m: [35mreadback=0.228s[0m  [33mvalidation=0.855s[0m  [2msave=skipped[0m  [1;32mtotal=1.083s[0m
  [2mcuda-cpp SFNN[0m [33mvalidation[0m: epoch=5, superbatch=84, [35mtest_value_accuracy=0.7006100[0m, [35mtest_value_loss=0.07632102[0m, [1;36melapsed=0.855s[0m
  [2mcuda-cpp SFNN[0m [1;36m[progress][0m  [1;36mepoch 5[0m  [1;33msb 85/108[0m  [33mthis-sb=39,976,960 pos (610 batches x 65,536)[0m  [36mtotal=20,668,088,320 pos[0m  [1;36mtrain_time=7375.7s[0m  [1;32mpos/s=2,802,175[0m
  [2mcuda-cpp SFNN[0m [1;36m[progress][0m  [1;36mepoch 5[0m  [1;33msb 86/108[0m  [33mthis-sb=39,976,960 pos (610 batches x 65,536)[0m  [36mtotal=20,708,065,280 pos[0m  [1;36mtrain_time=7390.7s[0m  [1;32mpos/s=2,801,897[0m
  [2mcuda-cpp SFNN[0m [1;36m[progress][0m  [1;36mepoch 5[0m  [1;33msb 87/108[0m  [33mthis-sb=39,976,960 pos (610 batches x 65,536)[0m  [36mtotal=20,748,042,240 pos[0m  [1;36mtrain_time=7405.0s[0m  [1;32mpos/s=2,801,914[0m
  cuda-cpp HalfKA2 validation forward = gpu: positions=300000, batch_size=8192, elapsed=0.610s
  test: accuracy=70.0420% (210126/300000 decisive; draws=0 excluded; mate=0 filtered), loss=0.076294 (n=300000)
  [2mcuda-cpp HalfKA2[0m [1;33mvalidation detail[0m: positions=300,000, batch_size=8,192, load/cache=0.000s, weight_fold=0.195s, context=0.001s, weight_upload=0.048s, batches=0.610s, metrics=0.005s, total=0.858s
  [2mcuda-cpp SFNN[0m [1;36m[progress][0m  [1;36mepoch 5[0m  [1;33msb 88/108[0m  [33mthis-sb=39,976,960 pos (610 batches x 65,536)[0m  [36mtotal=20,788,019,200 pos[0m  [1;36mtrain_time=7419.2s[0m  [1;32mpos/s=2,801,929[0m
  [2mcuda-cpp SFNN[0m [1;33mvalidation overhead[0m: [35mreadback=0.230s[0m  [33mvalidation=0.879s[0m  [2msave=skipped[0m  [1;32mtotal=1.109s[0m
  [2mcuda-cpp SFNN[0m [33mvalidation[0m: epoch=5, superbatch=88, [35mtest_value_accuracy=0.7004200[0m, [35mtest_value_loss=0.07629415[0m, [1;36melapsed=0.879s[0m
  [2mcuda-cpp SFNN[0m [1;36m[progress][0m  [1;36mepoch 5[0m  [1;33msb 89/108[0m  [33mthis-sb=39,976,960 pos (610 batches x 65,536)[0m  [36mtotal=20,827,996,160 pos[0m  [1;36mtrain_time=7433.5s[0m  [1;32mpos/s=2,801,915[0m
  [2mcuda-cpp SFNN[0m [1;36m[progress][0m  [1;36mepoch 5[0m  [1;33msb 90/108[0m  [33mthis-sb=39,976,960 pos (610 batches x 65,536)[0m  [36mtotal=20,867,973,120 pos[0m  [1;36mtrain_time=7447.8s[0m  [1;32mpos/s=2,801,889[0m
  [2mcuda-cpp SFNN[0m [1;36m[progress][0m  [1;36mepoch 5[0m  [1;33msb 91/108[0m  [33mthis-sb=39,976,960 pos (610 batches x 65,536)[0m  [36mtotal=20,907,950,080 pos[0m  [1;36mtrain_time=7462.0s[0m  [1;32mpos/s=2,801,908[0m
  cuda-cpp HalfKA2 validation forward = gpu: positions=300000, batch_size=8192, elapsed=0.589s
  test: accuracy=70.0803% (210241/300000 decisive; draws=0 excluded; mate=0 filtered), loss=0.076347 (n=300000)
  [2mcuda-cpp HalfKA2[0m [1;33mvalidation detail[0m: positions=300,000, batch_size=8,192, load/cache=0.000s, weight_fold=0.200s, context=0.000s, weight_upload=0.041s, batches=0.589s, metrics=0.005s, total=0.835s
  [2mcuda-cpp SFNN[0m [1;36m[progress][0m  [1;36mepoch 5[0m  [1;33msb 92/108[0m  [33mthis-sb=39,976,960 pos (610 batches x 65,536)[0m  [36mtotal=20,947,927,040 pos[0m  [1;36mtrain_time=7476.3s[0m  [1;32mpos/s=2,801,918[0m
  [2mcuda-cpp SFNN[0m [1;33mvalidation overhead[0m: [35mreadback=0.236s[0m  [33mvalidation=0.858s[0m  [2msave=skipped[0m  [1;32mtotal=1.095s[0m
  [2mcuda-cpp SFNN[0m [33mvalidation[0m: epoch=5, superbatch=92, [35mtest_value_accuracy=0.7008033[0m, [35mtest_value_loss=0.07634728[0m, [1;36melapsed=0.858s[0m
  [2mcuda-cpp SFNN[0m [1;36m[progress][0m  [1;36mepoch 5[0m  [1;33msb 93/108[0m  [33mthis-sb=39,976,960 pos (610 batches x 65,536)[0m  [36mtotal=20,987,904,000 pos[0m  [1;36mtrain_time=7490.5s[0m  [1;32mpos/s=2,801,926[0m
  [2mcuda-cpp SFNN[0m [1;36m[progress][0m  [1;36mepoch 5[0m  [1;33msb 94/108[0m  [33mthis-sb=39,976,960 pos (610 batches x 65,536)[0m  [36mtotal=21,027,880,960 pos[0m  [1;36mtrain_time=7504.8s[0m  [1;32mpos/s=2,801,940[0m
  [2mcuda-cpp SFNN[0m [1;36m[progress][0m  [1;36mepoch 5[0m  [1;33msb 95/108[0m  [33mthis-sb=39,976,960 pos (610 batches x 65,536)[0m  [36mtotal=21,067,857,920 pos[0m  [1;36mtrain_time=7519.0s[0m  [1;32mpos/s=2,801,944[0m
  cuda-cpp HalfKA2 validation forward = gpu: positions=300000, batch_size=8192, elapsed=0.593s
  test: accuracy=70.0427% (210128/300000 decisive; draws=0 excluded; mate=0 filtered), loss=0.076328 (n=300000)
  [2mcuda-cpp HalfKA2[0m [1;33mvalidation detail[0m: positions=300,000, batch_size=8,192, load/cache=0.000s, weight_fold=0.199s, context=0.000s, weight_upload=0.041s, batches=0.593s, metrics=0.005s, total=0.838s
  [2mcuda-cpp SFNN[0m [1;36m[progress][0m  [1;36mepoch 5[0m  [1;33msb 96/108[0m  [33mthis-sb=39,976,960 pos (610 batches x 65,536)[0m  [36mtotal=21,107,834,880 pos[0m  [1;36mtrain_time=7533.3s[0m  [1;32mpos/s=2,801,953[0m
  [2mcuda-cpp SFNN[0m [1;33mvalidation overhead[0m: [35mreadback=0.234s[0m  [33mvalidation=0.862s[0m  [2msave=skipped[0m  [1;32mtotal=1.096s[0m
  [2mcuda-cpp SFNN[0m [33mvalidation[0m: epoch=5, superbatch=96, [35mtest_value_accuracy=0.7004266[0m, [35mtest_value_loss=0.07632818[0m, [1;36melapsed=0.862s[0m
  [2mcuda-cpp SFNN[0m [1;36m[progress][0m  [1;36mepoch 5[0m  [1;33msb 97/108[0m  [33mthis-sb=39,976,960 pos (610 batches x 65,536)[0m  [36mtotal=21,147,811,840 pos[0m  [1;36mtrain_time=7547.5s[0m  [1;32mpos/s=2,801,955[0m
  [2mcuda-cpp SFNN[0m [1;36m[progress][0m  [1;36mepoch 5[0m  [1;33msb 98/108[0m  [33mthis-sb=39,976,960 pos (610 batches x 65,536)[0m  [36mtotal=21,187,788,800 pos[0m  [1;36mtrain_time=7561.8s[0m  [1;32mpos/s=2,801,944[0m
  [2mcuda-cpp SFNN[0m [1;36m[progress][0m  [1;36mepoch 5[0m  [1;33msb 99/108[0m  [33mthis-sb=39,976,960 pos (610 batches x 65,536)[0m  [36mtotal=21,227,765,760 pos[0m  [1;36mtrain_time=7576.0s[0m  [1;32mpos/s=2,801,959[0m
  cuda-cpp HalfKA2 validation forward = gpu: positions=300000, batch_size=8192, elapsed=0.600s
  test: accuracy=70.0563% (210169/300000 decisive; draws=0 excluded; mate=0 filtered), loss=0.076300 (n=300000)
  [2mcuda-cpp HalfKA2[0m [1;33mvalidation detail[0m: positions=300,000, batch_size=8,192, load/cache=0.000s, weight_fold=0.196s, context=0.000s, weight_upload=0.040s, batches=0.600s, metrics=0.005s, total=0.841s
  [2mcuda-cpp SFNN[0m [1;36m[progress][0m  [1;36mepoch 5[0m  [1;33msb 100/108[0m  [33mthis-sb=39,976,960 pos (610 batches x 65,536)[0m  [36mtotal=21,267,742,720 pos[0m  [1;36mtrain_time=7590.3s[0m  [1;32mpos/s=2,801,974[0m
  [2mcuda-cpp SFNN[0m [1;33mvalidation overhead[0m: [35mreadback=0.234s[0m  [33mvalidation=0.865s[0m  [2msave=skipped[0m  [1;32mtotal=1.099s[0m
  [2mcuda-cpp SFNN[0m [33mvalidation[0m: epoch=5, superbatch=100, [35mtest_value_accuracy=0.7005633[0m, [35mtest_value_loss=0.07630016[0m, [1;36melapsed=0.865s[0m
  [2mcuda-cpp SFNN[0m [1;36m[progress][0m  [1;36mepoch 5[0m  [1;33msb 101/108[0m  [33mthis-sb=39,976,960 pos (610 batches x 65,536)[0m  [36mtotal=21,307,719,680 pos[0m  [1;36mtrain_time=7604.5s[0m  [1;32mpos/s=2,801,981[0m
  [2mcuda-cpp SFNN[0m [1;36m[progress][0m  [1;36mepoch 5[0m  [1;33msb 102/108[0m  [33mthis-sb=39,976,960 pos (610 batches x 65,536)[0m  [36mtotal=21,347,696,640 pos[0m  [1;36mtrain_time=7618.8s[0m  [1;32mpos/s=2,801,994[0m
  [2mcuda-cpp SFNN[0m [1;36m[progress][0m  [1;36mepoch 5[0m  [1;33msb 103/108[0m  [33mthis-sb=39,976,960 pos (610 batches x 65,536)[0m  [36mtotal=21,387,673,600 pos[0m  [1;36mtrain_time=7633.0s[0m  [1;32mpos/s=2,802,005[0m
  cuda-cpp HalfKA2 validation forward = gpu: positions=300000, batch_size=8192, elapsed=0.592s
  test: accuracy=70.0433% (210130/300000 decisive; draws=0 excluded; mate=0 filtered), loss=0.076304 (n=300000)
  [2mcuda-cpp HalfKA2[0m [1;33mvalidation detail[0m: positions=300,000, batch_size=8,192, load/cache=0.000s, weight_fold=0.198s, context=0.000s, weight_upload=0.040s, batches=0.592s, metrics=0.005s, total=0.835s
  [2mcuda-cpp SFNN[0m [1;36m[progress][0m  [1;36mepoch 5[0m  [1;33msb 104/108[0m  [33mthis-sb=39,976,960 pos (610 batches x 65,536)[0m  [36mtotal=21,427,650,560 pos[0m  [1;36mtrain_time=7647.2s[0m  [1;32mpos/s=2,802,013[0m
  [2mcuda-cpp SFNN[0m [1;33mvalidation overhead[0m: [35mreadback=0.233s[0m  [33mvalidation=0.859s[0m  [2msave=skipped[0m  [1;32mtotal=1.092s[0m
  [2mcuda-cpp SFNN[0m [33mvalidation[0m: epoch=5, superbatch=104, [35mtest_value_accuracy=0.7004333[0m, [35mtest_value_loss=0.07630360[0m, [1;36melapsed=0.859s[0m
  [2mcuda-cpp SFNN[0m [1;36m[progress][0m  [1;36mepoch 5[0m  [1;33msb 105/108[0m  [33mthis-sb=39,976,960 pos (610 batches x 65,536)[0m  [36mtotal=21,467,627,520 pos[0m  [1;36mtrain_time=7661.5s[0m  [1;32mpos/s=2,802,017[0m
  [2mcuda-cpp SFNN[0m [1;36m[progress][0m  [1;36mepoch 5[0m  [1;33msb 106/108[0m  [33mthis-sb=39,976,960 pos (610 batches x 65,536)[0m  [36mtotal=21,507,604,480 pos[0m  [1;36mtrain_time=7675.7s[0m  [1;32mpos/s=2,802,031[0m
  [2mcuda-cpp SFNN[0m [1;36m[progress][0m  [1;36mepoch 5[0m  [1;33msb 107/108[0m  [33mthis-sb=39,976,960 pos (610 batches x 65,536)[0m  [36mtotal=21,547,581,440 pos[0m  [1;36mtrain_time=7689.9s[0m  [1;32mpos/s=2,802,045[0m
  cuda-cpp HalfKA2 validation forward = gpu: positions=300000, batch_size=8192, elapsed=0.594s
  test: accuracy=70.0783% (210235/300000 decisive; draws=0 excluded; mate=0 filtered), loss=0.076347 (n=300000)
  [2mcuda-cpp HalfKA2[0m [1;33mvalidation detail[0m: positions=300,000, batch_size=8,192, load/cache=0.000s, weight_fold=0.198s, context=0.000s, weight_upload=0.041s, batches=0.594s, metrics=0.005s, total=0.839s
  [2mcuda-cpp SFNN[0m [1;32m[checkpoint][0m  [1;36mepoch 5[0m  [1;33msb 108/108[0m  [33mthis-sb=39,976,960 pos (610 batches x 65,536)[0m  [36mtotal=21,587,558,400 pos[0m  [1;36mtrain_time=7704.2s[0m  [1;32mpos/s=2,802,056[0m
  [2mcuda-cpp SFNN[0m [1;33mcheckpoint overhead[0m: [35mreadback=0.915s[0m  [33mvalidation=0.862s[0m  [36msave=4.621s (state.bin 2.04 GiB, 452 MiB/s)[0m  [1;32mtotal=6.398s[0m
  [2mcuda-cpp SFNN[0m [33mvalidation[0m: epoch=5, superbatch=108, [35mtest_value_accuracy=0.7007833[0m, [35mtest_value_loss=0.07634684[0m, [1;36melapsed=0.862s[0m
  [2mcuda-cpp SFNN[0m [1;36m[progress][0m  [1;36mepoch 6[0m  [1;33msb 1/108[0m  [33mthis-sb=39,976,960 pos (610 batches x 65,536)[0m  [36mtotal=21,627,535,360 pos[0m  [1;36mtrain_time=7718.5s[0m  [1;32mpos/s=2,802,044[0m
  [2mcuda-cpp SFNN[0m [1;36m[progress][0m  [1;36mepoch 6[0m  [1;33msb 2/108[0m  [33mthis-sb=39,976,960 pos (610 batches x 65,536)[0m  [36mtotal=21,667,512,320 pos[0m  [1;36mtrain_time=7732.7s[0m  [1;32mpos/s=2,802,069[0m
  [2mcuda-cpp SFNN[0m [1;36m[progress][0m  [1;36mepoch 6[0m  [1;33msb 3/108[0m  [33mthis-sb=39,976,960 pos (610 batches x 65,536)[0m  [36mtotal=21,707,489,280 pos[0m  [1;36mtrain_time=7746.9s[0m  [1;32mpos/s=2,802,090[0m
  cuda-cpp HalfKA2 validation forward = gpu: positions=300000, batch_size=8192, elapsed=0.604s
  test: accuracy=69.6970% (209091/300000 decisive; draws=0 excluded; mate=0 filtered), loss=0.077191 (n=300000)
  [2mcuda-cpp HalfKA2[0m [1;33mvalidation detail[0m: positions=300,000, batch_size=8,192, load/cache=0.000s, weight_fold=0.198s, context=0.000s, weight_upload=0.040s, batches=0.604s, metrics=0.005s, total=0.846s
  [2mcuda-cpp SFNN[0m [1;36m[progress][0m  [1;36mepoch 6[0m  [1;33msb 4/108[0m  [33mthis-sb=39,976,960 pos (610 batches x 65,536)[0m  [36mtotal=21,747,466,240 pos[0m  [1;36mtrain_time=7761.1s[0m  [1;32mpos/s=2,802,110[0m
  [2mcuda-cpp SFNN[0m [1;33mvalidation overhead[0m: [35mreadback=0.237s[0m  [33mvalidation=0.875s[0m  [2msave=skipped[0m  [1;32mtotal=1.113s[0m
  [2mcuda-cpp SFNN[0m [33mvalidation[0m: epoch=6, superbatch=4, [35mtest_value_accuracy=0.6969700[0m, [35mtest_value_loss=0.07719083[0m, [1;36melapsed=0.875s[0m
  [2mcuda-cpp SFNN[0m [1;36m[progress][0m  [1;36mepoch 6[0m  [1;33msb 5/108[0m  [33mthis-sb=39,976,960 pos (610 batches x 65,536)[0m  [36mtotal=21,787,443,200 pos[0m  [1;36mtrain_time=7775.3s[0m  [1;32mpos/s=2,802,119[0m
  [2mcuda-cpp SFNN[0m [1;36m[progress][0m  [1;36mepoch 6[0m  [1;33msb 6/108[0m  [33mthis-sb=39,976,960 pos (610 batches x 65,536)[0m  [36mtotal=21,827,420,160 pos[0m  [1;36mtrain_time=7789.6s[0m  [1;32mpos/s=2,802,139[0m
  [2mcuda-cpp SFNN[0m [1;36m[progress][0m  [1;36mepoch 6[0m  [1;33msb 7/108[0m  [33mthis-sb=39,976,960 pos (610 batches x 65,536)[0m  [36mtotal=21,867,397,120 pos[0m  [1;36mtrain_time=7803.8s[0m  [1;32mpos/s=2,802,155[0m
  cuda-cpp HalfKA2 validation forward = gpu: positions=300000, batch_size=8192, elapsed=0.592s
  test: accuracy=69.7070% (209121/300000 decisive; draws=0 excluded; mate=0 filtered), loss=0.077385 (n=300000)
  [2mcuda-cpp HalfKA2[0m [1;33mvalidation detail[0m: positions=300,000, batch_size=8,192, load/cache=0.000s, weight_fold=0.197s, context=0.000s, weight_upload=0.039s, batches=0.592s, metrics=0.005s, total=0.833s
  [2mcuda-cpp SFNN[0m [1;36m[progress][0m  [1;36mepoch 6[0m  [1;33msb 8/108[0m  [33mthis-sb=39,976,960 pos (610 batches x 65,536)[0m  [36mtotal=21,907,374,080 pos[0m  [1;36mtrain_time=7818.0s[0m  [1;32mpos/s=2,802,168[0m
  [2mcuda-cpp SFNN[0m [1;33mvalidation overhead[0m: [35mreadback=0.234s[0m  [33mvalidation=0.857s[0m  [2msave=skipped[0m  [1;32mtotal=1.091s[0m
  [2mcuda-cpp SFNN[0m [33mvalidation[0m: epoch=6, superbatch=8, [35mtest_value_accuracy=0.6970700[0m, [35mtest_value_loss=0.07738511[0m, [1;36melapsed=0.857s[0m
  [2mcuda-cpp SFNN[0m [1;36m[progress][0m  [1;36mepoch 6[0m  [1;33msb 9/108[0m  [33mthis-sb=39,976,960 pos (610 batches x 65,536)[0m  [36mtotal=21,947,351,040 pos[0m  [1;36mtrain_time=7832.2s[0m  [1;32mpos/s=2,802,181[0m
  [2mcuda-cpp SFNN[0m [1;36m[progress][0m  [1;36mepoch 6[0m  [1;33msb 10/108[0m  [33mthis-sb=39,976,960 pos (610 batches x 65,536)[0m  [36mtotal=21,987,328,000 pos[0m  [1;36mtrain_time=7846.5s[0m  [1;32mpos/s=2,802,195[0m
  [2mcuda-cpp SFNN[0m [1;36m[progress][0m  [1;36mepoch 6[0m  [1;33msb 11/108[0m  [33mthis-sb=39,976,960 pos (610 batches x 65,536)[0m  [36mtotal=22,027,304,960 pos[0m  [1;36mtrain_time=7860.7s[0m  [1;32mpos/s=2,802,207[0m
  cuda-cpp HalfKA2 validation forward = gpu: positions=300000, batch_size=8192, elapsed=0.594s
  test: accuracy=69.7420% (209226/300000 decisive; draws=0 excluded; mate=0 filtered), loss=0.077241 (n=300000)
  [2mcuda-cpp HalfKA2[0m [1;33mvalidation detail[0m: positions=300,000, batch_size=8,192, load/cache=0.000s, weight_fold=0.199s, context=0.000s, weight_upload=0.039s, batches=0.594s, metrics=0.005s, total=0.837s
  [2mcuda-cpp SFNN[0m [1;36m[progress][0m  [1;36mepoch 6[0m  [1;33msb 12/108[0m  [33mthis-sb=39,976,960 pos (610 batches x 65,536)[0m  [36mtotal=22,067,281,920 pos[0m  [1;36mtrain_time=7874.9s[0m  [1;32mpos/s=2,802,217[0m
  [2mcuda-cpp SFNN[0m [1;33mvalidation overhead[0m: [35mreadback=0.236s[0m  [33mvalidation=0.861s[0m  [2msave=skipped[0m  [1;32mtotal=1.097s[0m
  [2mcuda-cpp SFNN[0m [33mvalidation[0m: epoch=6, superbatch=12, [35mtest_value_accuracy=0.6974200[0m, [35mtest_value_loss=0.07724080[0m, [1;36melapsed=0.861s[0m
  [2mcuda-cpp SFNN[0m [1;36m[progress][0m  [1;36mepoch 6[0m  [1;33msb 13/108[0m  [33mthis-sb=39,976,960 pos (610 batches x 65,536)[0m  [36mtotal=22,107,258,880 pos[0m  [1;36mtrain_time=7889.2s[0m  [1;32mpos/s=2,802,229[0m
  [2mcuda-cpp SFNN[0m [1;36m[progress][0m  [1;36mepoch 6[0m  [1;33msb 14/108[0m  [33mthis-sb=39,976,960 pos (610 batches x 65,536)[0m  [36mtotal=22,147,235,840 pos[0m  [1;36mtrain_time=7903.4s[0m  [1;32mpos/s=2,802,249[0m
  [2mcuda-cpp SFNN[0m [1;36m[progress][0m  [1;36mepoch 6[0m  [1;33msb 15/108[0m  [33mthis-sb=39,976,960 pos (610 batches x 65,536)[0m  [36mtotal=22,187,212,800 pos[0m  [1;36mtrain_time=7917.7s[0m  [1;32mpos/s=2,802,246[0m
  cuda-cpp HalfKA2 validation forward = gpu: positions=300000, batch_size=8192, elapsed=0.594s
  test: accuracy=69.7753% (209326/300000 decisive; draws=0 excluded; mate=0 filtered), loss=0.076803 (n=300000)
  [2mcuda-cpp HalfKA2[0m [1;33mvalidation detail[0m: positions=300,000, batch_size=8,192, load/cache=0.000s, weight_fold=0.198s, context=0.000s, weight_upload=0.041s, batches=0.594s, metrics=0.005s, total=0.838s
  [2mcuda-cpp SFNN[0m [1;36m[progress][0m  [1;36mepoch 6[0m  [1;33msb 16/108[0m  [33mthis-sb=39,976,960 pos (610 batches x 65,536)[0m  [36mtotal=22,227,189,760 pos[0m  [1;36mtrain_time=7931.9s[0m  [1;32mpos/s=2,802,259[0m
  [2mcuda-cpp SFNN[0m [1;33mvalidation overhead[0m: [35mreadback=0.240s[0m  [33mvalidation=0.862s[0m  [2msave=skipped[0m  [1;32mtotal=1.102s[0m
  [2mcuda-cpp SFNN[0m [33mvalidation[0m: epoch=6, superbatch=16, [35mtest_value_accuracy=0.6977533[0m, [35mtest_value_loss=0.07680292[0m, [1;36melapsed=0.862s[0m
  [2mcuda-cpp SFNN[0m [1;36m[progress][0m  [1;36mepoch 6[0m  [1;33msb 17/108[0m  [33mthis-sb=39,976,960 pos (610 batches x 65,536)[0m  [36mtotal=22,267,166,720 pos[0m  [1;36mtrain_time=7946.1s[0m  [1;32mpos/s=2,802,267[0m
  [2mcuda-cpp SFNN[0m [1;36m[progress][0m  [1;36mepoch 6[0m  [1;33msb 18/108[0m  [33mthis-sb=39,976,960 pos (610 batches x 65,536)[0m  [36mtotal=22,307,143,680 pos[0m  [1;36mtrain_time=7960.3s[0m  [1;32mpos/s=2,802,282[0m
  [2mcuda-cpp SFNN[0m [1;36m[progress][0m  [1;36mepoch 6[0m  [1;33msb 19/108[0m  [33mthis-sb=39,976,960 pos (610 batches x 65,536)[0m  [36mtotal=22,347,120,640 pos[0m  [1;36mtrain_time=7974.6s[0m  [1;32mpos/s=2,802,297[0m
  cuda-cpp HalfKA2 validation forward = gpu: positions=300000, batch_size=8192, elapsed=0.592s
  test: accuracy=69.8437% (209531/300000 decisive; draws=0 excluded; mate=0 filtered), loss=0.076902 (n=300000)
  [2mcuda-cpp HalfKA2[0m [1;33mvalidation detail[0m: positions=300,000, batch_size=8,192, load/cache=0.000s, weight_fold=0.197s, context=0.000s, weight_upload=0.040s, batches=0.592s, metrics=0.005s, total=0.835s
  [2mcuda-cpp SFNN[0m [1;36m[progress][0m  [1;36mepoch 6[0m  [1;33msb 20/108[0m  [33mthis-sb=39,976,960 pos (610 batches x 65,536)[0m  [36mtotal=22,387,097,600 pos[0m  [1;36mtrain_time=7988.8s[0m  [1;32mpos/s=2,802,308[0m
  [2mcuda-cpp SFNN[0m [1;33mvalidation overhead[0m: [35mreadback=0.236s[0m  [33mvalidation=0.859s[0m  [2msave=skipped[0m  [1;32mtotal=1.095s[0m
  [2mcuda-cpp SFNN[0m [33mvalidation[0m: epoch=6, superbatch=20, [35mtest_value_accuracy=0.6984367[0m, [35mtest_value_loss=0.07690164[0m, [1;36melapsed=0.859s[0m
  [2mcuda-cpp SFNN[0m [1;36m[progress][0m  [1;36mepoch 6[0m  [1;33msb 21/108[0m  [33mthis-sb=39,976,960 pos (610 batches x 65,536)[0m  [36mtotal=22,427,074,560 pos[0m  [1;36mtrain_time=8003.1s[0m  [1;32mpos/s=2,802,314[0m
  [2mcuda-cpp SFNN[0m [1;36m[progress][0m  [1;36mepoch 6[0m  [1;33msb 22/108[0m  [33mthis-sb=39,976,960 pos (610 batches x 65,536)[0m  [36mtotal=22,467,051,520 pos[0m  [1;36mtrain_time=8017.3s[0m  [1;32mpos/s=2,802,326[0m
  [2mcuda-cpp SFNN[0m [1;36m[progress][0m  [1;36mepoch 6[0m  [1;33msb 23/108[0m  [33mthis-sb=39,976,960 pos (610 batches x 65,536)[0m  [36mtotal=22,507,028,480 pos[0m  [1;36mtrain_time=8031.5s[0m  [1;32mpos/s=2,802,340[0m
  cuda-cpp HalfKA2 validation forward = gpu: positions=300000, batch_size=8192, elapsed=0.604s
  test: accuracy=69.8333% (209500/300000 decisive; draws=0 excluded; mate=0 filtered), loss=0.076922 (n=300000)
  [2mcuda-cpp HalfKA2[0m [1;33mvalidation detail[0m: positions=300,000, batch_size=8,192, load/cache=0.000s, weight_fold=0.196s, context=0.000s, weight_upload=0.038s, batches=0.604s, metrics=0.005s, total=0.843s
  [2mcuda-cpp SFNN[0m [1;36m[progress][0m  [1;36mepoch 6[0m  [1;33msb 24/108[0m  [33mthis-sb=39,976,960 pos (610 batches x 65,536)[0m  [36mtotal=22,547,005,440 pos[0m  [1;36mtrain_time=8045.8s[0m  [1;32mpos/s=2,802,350[0m
  [2mcuda-cpp SFNN[0m [1;33mvalidation overhead[0m: [35mreadback=0.233s[0m  [33mvalidation=0.867s[0m  [2msave=skipped[0m  [1;32mtotal=1.100s[0m
  [2mcuda-cpp SFNN[0m [33mvalidation[0m: epoch=6, superbatch=24, [35mtest_value_accuracy=0.6983333[0m, [35mtest_value_loss=0.07692197[0m, [1;36melapsed=0.867s[0m
  [2mcuda-cpp SFNN[0m [1;36m[progress][0m  [1;36mepoch 6[0m  [1;33msb 25/108[0m  [33mthis-sb=39,976,960 pos (610 batches x 65,536)[0m  [36mtotal=22,586,982,400 pos[0m  [1;36mtrain_time=8060.0s[0m  [1;32mpos/s=2,802,356[0m
  [2mcuda-cpp SFNN[0m [1;36m[progress][0m  [1;36mepoch 6[0m  [1;33msb 26/108[0m  [33mthis-sb=39,976,960 pos (610 batches x 65,536)[0m  [36mtotal=22,626,959,360 pos[0m  [1;36mtrain_time=8074.2s[0m  [1;32mpos/s=2,802,368[0m
  [2mcuda-cpp SFNN[0m [1;36m[progress][0m  [1;36mepoch 6[0m  [1;33msb 27/108[0m  [33mthis-sb=39,976,960 pos (610 batches x 65,536)[0m  [36mtotal=22,666,936,320 pos[0m  [1;36mtrain_time=8088.5s[0m  [1;32mpos/s=2,802,382[0m
  cuda-cpp HalfKA2 validation forward = gpu: positions=300000, batch_size=8192, elapsed=0.595s
  test: accuracy=69.8697% (209609/300000 decisive; draws=0 excluded; mate=0 filtered), loss=0.077130 (n=300000)
  [2mcuda-cpp HalfKA2[0m [1;33mvalidation detail[0m: positions=300,000, batch_size=8,192, load/cache=0.000s, weight_fold=0.198s, context=0.000s, weight_upload=0.040s, batches=0.595s, metrics=0.005s, total=0.838s
  [2mcuda-cpp SFNN[0m [1;36m[progress][0m  [1;36mepoch 6[0m  [1;33msb 28/108[0m  [33mthis-sb=39,976,960 pos (610 batches x 65,536)[0m  [36mtotal=22,706,913,280 pos[0m  [1;36mtrain_time=8102.7s[0m  [1;32mpos/s=2,802,395[0m
  [2mcuda-cpp SFNN[0m [1;33mvalidation overhead[0m: [35mreadback=0.233s[0m  [33mvalidation=0.862s[0m  [2msave=skipped[0m  [1;32mtotal=1.095s[0m
  [2mcuda-cpp SFNN[0m [33mvalidation[0m: epoch=6, superbatch=28, [35mtest_value_accuracy=0.6986967[0m, [35mtest_value_loss=0.07712953[0m, [1;36melapsed=0.862s[0m
  [2mcuda-cpp SFNN[0m [1;36m[progress][0m  [1;36mepoch 6[0m  [1;33msb 29/108[0m  [33mthis-sb=39,976,960 pos (610 batches x 65,536)[0m  [36mtotal=22,746,890,240 pos[0m  [1;36mtrain_time=8116.9s[0m  [1;32mpos/s=2,802,400[0m
  [2mcuda-cpp SFNN[0m [1;36m[progress][0m  [1;36mepoch 6[0m  [1;33msb 30/108[0m  [33mthis-sb=39,976,960 pos (610 batches x 65,536)[0m  [36mtotal=22,786,867,200 pos[0m  [1;36mtrain_time=8131.2s[0m  [1;32mpos/s=2,802,401[0m
  [2mcuda-cpp SFNN[0m [1;36m[progress][0m  [1;36mepoch 6[0m  [1;33msb 31/108[0m  [33mthis-sb=39,976,960 pos (610 batches x 65,536)[0m  [36mtotal=22,826,844,160 pos[0m  [1;36mtrain_time=8145.4s[0m  [1;32mpos/s=2,802,411[0m
  cuda-cpp HalfKA2 validation forward = gpu: positions=300000, batch_size=8192, elapsed=0.594s
  test: accuracy=69.9510% (209853/300000 decisive; draws=0 excluded; mate=0 filtered), loss=0.076773 (n=300000)
  [2mcuda-cpp HalfKA2[0m [1;33mvalidation detail[0m: positions=300,000, batch_size=8,192, load/cache=0.000s, weight_fold=0.197s, context=0.000s, weight_upload=0.041s, batches=0.594s, metrics=0.005s, total=0.837s
  [2mcuda-cpp SFNN[0m [1;36m[progress][0m  [1;36mepoch 6[0m  [1;33msb 32/108[0m  [33mthis-sb=39,976,960 pos (610 batches x 65,536)[0m  [36mtotal=22,866,821,120 pos[0m  [1;36mtrain_time=8159.7s[0m  [1;32mpos/s=2,802,421[0m
  [2mcuda-cpp SFNN[0m [1;33mvalidation overhead[0m: [35mreadback=0.232s[0m  [33mvalidation=0.861s[0m  [2msave=skipped[0m  [1;32mtotal=1.093s[0m
  [2mcuda-cpp SFNN[0m [33mvalidation[0m: epoch=6, superbatch=32, [35mtest_value_accuracy=0.6995100[0m, [35mtest_value_loss=0.07677276[0m, [1;36melapsed=0.861s[0m
  [2mcuda-cpp SFNN[0m [1;36m[progress][0m  [1;36mepoch 6[0m  [1;33msb 33/108[0m  [33mthis-sb=39,976,960 pos (610 batches x 65,536)[0m  [36mtotal=22,906,798,080 pos[0m  [1;36mtrain_time=8173.9s[0m  [1;32mpos/s=2,802,426[0m
  [2mcuda-cpp SFNN[0m [1;36m[progress][0m  [1;36mepoch 6[0m  [1;33msb 34/108[0m  [33mthis-sb=39,976,960 pos (610 batches x 65,536)[0m  [36mtotal=22,946,775,040 pos[0m  [1;36mtrain_time=8188.2s[0m  [1;32mpos/s=2,802,431[0m
  [2mcuda-cpp SFNN[0m [1;36m[progress][0m  [1;36mepoch 6[0m  [1;33msb 35/108[0m  [33mthis-sb=39,976,960 pos (610 batches x 65,536)[0m  [36mtotal=22,986,752,000 pos[0m  [1;36mtrain_time=8202.4s[0m  [1;32mpos/s=2,802,440[0m
  cuda-cpp HalfKA2 validation forward = gpu: positions=300000, batch_size=8192, elapsed=0.590s
  test: accuracy=69.9083% (209725/300000 decisive; draws=0 excluded; mate=0 filtered), loss=0.076604 (n=300000)
  [2mcuda-cpp HalfKA2[0m [1;33mvalidation detail[0m: positions=300,000, batch_size=8,192, load/cache=0.000s, weight_fold=0.197s, context=0.000s, weight_upload=0.039s, batches=0.590s, metrics=0.005s, total=0.832s
  [2mcuda-cpp SFNN[0m [1;36m[progress][0m  [1;36mepoch 6[0m  [1;33msb 36/108[0m  [33mthis-sb=39,976,960 pos (610 batches x 65,536)[0m  [36mtotal=23,026,728,960 pos[0m  [1;36mtrain_time=8216.6s[0m  [1;32mpos/s=2,802,450[0m
  [2mcuda-cpp SFNN[0m [1;33mvalidation overhead[0m: [35mreadback=0.233s[0m  [33mvalidation=0.856s[0m  [2msave=skipped[0m  [1;32mtotal=1.089s[0m
  [2mcuda-cpp SFNN[0m [33mvalidation[0m: epoch=6, superbatch=36, [35mtest_value_accuracy=0.6990833[0m, [35mtest_value_loss=0.07660360[0m, [1;36melapsed=0.856s[0m
  [2mcuda-cpp SFNN[0m [1;36m[progress][0m  [1;36mepoch 6[0m  [1;33msb 37/108[0m  [33mthis-sb=39,976,960 pos (610 batches x 65,536)[0m  [36mtotal=23,066,705,920 pos[0m  [1;36mtrain_time=8230.9s[0m  [1;32mpos/s=2,802,453[0m
  [2mcuda-cpp SFNN[0m [1;36m[progress][0m  [1;36mepoch 6[0m  [1;33msb 38/108[0m  [33mthis-sb=39,976,960 pos (610 batches x 65,536)[0m  [36mtotal=23,106,682,880 pos[0m  [1;36mtrain_time=8245.1s[0m  [1;32mpos/s=2,802,466[0m
  [2mcuda-cpp SFNN[0m [1;36m[progress][0m  [1;36mepoch 6[0m  [1;33msb 39/108[0m  [33mthis-sb=39,976,960 pos (610 batches x 65,536)[0m  [36mtotal=23,146,659,840 pos[0m  [1;36mtrain_time=8259.4s[0m  [1;32mpos/s=2,802,476[0m
  cuda-cpp HalfKA2 validation forward = gpu: positions=300000, batch_size=8192, elapsed=0.597s
  test: accuracy=70.0697% (210209/300000 decisive; draws=0 excluded; mate=0 filtered), loss=0.076627 (n=300000)
  [2mcuda-cpp HalfKA2[0m [1;33mvalidation detail[0m: positions=300,000, batch_size=8,192, load/cache=0.000s, weight_fold=0.198s, context=0.000s, weight_upload=0.043s, batches=0.597s, metrics=0.005s, total=0.843s
  [2mcuda-cpp SFNN[0m [1;36m[progress][0m  [1;36mepoch 6[0m  [1;33msb 40/108[0m  [33mthis-sb=39,976,960 pos (610 batches x 65,536)[0m  [36mtotal=23,186,636,800 pos[0m  [1;36mtrain_time=8273.6s[0m  [1;32mpos/s=2,802,483[0m
  [2mcuda-cpp SFNN[0m [1;33mvalidation overhead[0m: [35mreadback=0.233s[0m  [33mvalidation=0.872s[0m  [2msave=skipped[0m  [1;32mtotal=1.105s[0m
  [2mcuda-cpp SFNN[0m [33mvalidation[0m: epoch=6, superbatch=40, [35mtest_value_accuracy=0.7006966[0m, [35mtest_value_loss=0.07662718[0m, [1;36melapsed=0.872s[0m
  [2mcuda-cpp SFNN[0m [1;36m[progress][0m  [1;36mepoch 6[0m  [1;33msb 41/108[0m  [33mthis-sb=39,976,960 pos (610 batches x 65,536)[0m  [36mtotal=23,226,613,760 pos[0m  [1;36mtrain_time=8287.9s[0m  [1;32mpos/s=2,802,489[0m
  [2mcuda-cpp SFNN[0m [1;36m[progress][0m  [1;36mepoch 6[0m  [1;33msb 42/108[0m  [33mthis-sb=39,976,960 pos (610 batches x 65,536)[0m  [36mtotal=23,266,590,720 pos[0m  [1;36mtrain_time=8302.1s[0m  [1;32mpos/s=2,802,501[0m
  [2mcuda-cpp SFNN[0m [1;36m[progress][0m  [1;36mepoch 6[0m  [1;33msb 43/108[0m  [33mthis-sb=39,976,960 pos (610 batches x 65,536)[0m  [36mtotal=23,306,567,680 pos[0m  [1;36mtrain_time=8316.3s[0m  [1;32mpos/s=2,802,516[0m
  cuda-cpp HalfKA2 validation forward = gpu: positions=300000, batch_size=8192, elapsed=0.595s
  test: accuracy=69.9780% (209934/300000 decisive; draws=0 excluded; mate=0 filtered), loss=0.076563 (n=300000)
  [2mcuda-cpp HalfKA2[0m [1;33mvalidation detail[0m: positions=300,000, batch_size=8,192, load/cache=0.000s, weight_fold=0.199s, context=0.000s, weight_upload=0.042s, batches=0.595s, metrics=0.005s, total=0.840s
  [2mcuda-cpp SFNN[0m [1;36m[progress][0m  [1;36mepoch 6[0m  [1;33msb 44/108[0m  [33mthis-sb=39,976,960 pos (610 batches x 65,536)[0m  [36mtotal=23,346,544,640 pos[0m  [1;36mtrain_time=8330.5s[0m  [1;32mpos/s=2,802,526[0m
  [2mcuda-cpp SFNN[0m [1;33mvalidation overhead[0m: [35mreadback=0.231s[0m  [33mvalidation=0.864s[0m  [2msave=skipped[0m  [1;32mtotal=1.095s[0m
  [2mcuda-cpp SFNN[0m [33mvalidation[0m: epoch=6, superbatch=44, [35mtest_value_accuracy=0.6997800[0m, [35mtest_value_loss=0.07656321[0m, [1;36melapsed=0.864s[0m
  [2mcuda-cpp SFNN[0m [1;36m[progress][0m  [1;36mepoch 6[0m  [1;33msb 45/108[0m  [33mthis-sb=39,976,960 pos (610 batches x 65,536)[0m  [36mtotal=23,386,521,600 pos[0m  [1;36mtrain_time=8344.8s[0m  [1;32mpos/s=2,802,530[0m
  [2mcuda-cpp SFNN[0m [1;36m[progress][0m  [1;36mepoch 6[0m  [1;33msb 46/108[0m  [33mthis-sb=39,976,960 pos (610 batches x 65,536)[0m  [36mtotal=23,426,498,560 pos[0m  [1;36mtrain_time=8359.0s[0m  [1;32mpos/s=2,802,542[0m
  [2mcuda-cpp SFNN[0m [1;36m[progress][0m  [1;36mepoch 6[0m  [1;33msb 47/108[0m  [33mthis-sb=39,976,960 pos (610 batches x 65,536)[0m  [36mtotal=23,466,475,520 pos[0m  [1;36mtrain_time=8373.2s[0m  [1;32mpos/s=2,802,555[0m
  cuda-cpp HalfKA2 validation forward = gpu: positions=300000, batch_size=8192, elapsed=0.594s
  test: accuracy=70.0073% (210022/300000 decisive; draws=0 excluded; mate=0 filtered), loss=0.076823 (n=300000)
  [2mcuda-cpp HalfKA2[0m [1;33mvalidation detail[0m: positions=300,000, batch_size=8,192, load/cache=0.000s, weight_fold=0.199s, context=0.000s, weight_upload=0.040s, batches=0.594s, metrics=0.005s, total=0.837s
  [2mcuda-cpp SFNN[0m [1;36m[progress][0m  [1;36mepoch 6[0m  [1;33msb 48/108[0m  [33mthis-sb=39,976,960 pos (610 batches x 65,536)[0m  [36mtotal=23,506,452,480 pos[0m  [1;36mtrain_time=8387.5s[0m  [1;32mpos/s=2,802,565[0m
  [2mcuda-cpp SFNN[0m [1;33mvalidation overhead[0m: [35mreadback=0.233s[0m  [33mvalidation=0.867s[0m  [2msave=skipped[0m  [1;32mtotal=1.100s[0m
  [2mcuda-cpp SFNN[0m [33mvalidation[0m: epoch=6, superbatch=48, [35mtest_value_accuracy=0.7000734[0m, [35mtest_value_loss=0.07682267[0m, [1;36melapsed=0.867s[0m
  [2mcuda-cpp SFNN[0m [1;36m[progress][0m  [1;36mepoch 6[0m  [1;33msb 49/108[0m  [33mthis-sb=39,976,960 pos (610 batches x 65,536)[0m  [36mtotal=23,546,429,440 pos[0m  [1;36mtrain_time=8401.7s[0m  [1;32mpos/s=2,802,575[0m
  [2mcuda-cpp SFNN[0m [1;36m[progress][0m  [1;36mepoch 6[0m  [1;33msb 50/108[0m  [33mthis-sb=39,976,960 pos (610 batches x 65,536)[0m  [36mtotal=23,586,406,400 pos[0m  [1;36mtrain_time=8415.9s[0m  [1;32mpos/s=2,802,590[0m
  [2mcuda-cpp SFNN[0m [1;36m[progress][0m  [1;36mepoch 6[0m  [1;33msb 51/108[0m  [33mthis-sb=39,976,960 pos (610 batches x 65,536)[0m  [36mtotal=23,626,383,360 pos[0m  [1;36mtrain_time=8430.1s[0m  [1;32mpos/s=2,802,608[0m
  cuda-cpp HalfKA2 validation forward = gpu: positions=300000, batch_size=8192, elapsed=0.590s
  test: accuracy=69.9323% (209797/300000 decisive; draws=0 excluded; mate=0 filtered), loss=0.076652 (n=300000)
  [2mcuda-cpp HalfKA2[0m [1;33mvalidation detail[0m: positions=300,000, batch_size=8,192, load/cache=0.000s, weight_fold=0.197s, context=0.000s, weight_upload=0.039s, batches=0.590s, metrics=0.005s, total=0.832s
  [2mcuda-cpp SFNN[0m [1;36m[progress][0m  [1;36mepoch 6[0m  [1;33msb 52/108[0m  [33mthis-sb=39,976,960 pos (610 batches x 65,536)[0m  [36mtotal=23,666,360,320 pos[0m  [1;36mtrain_time=8444.4s[0m  [1;32mpos/s=2,802,626[0m
  [2mcuda-cpp SFNN[0m [1;33mvalidation overhead[0m: [35mreadback=0.231s[0m  [33mvalidation=0.855s[0m  [2msave=skipped[0m  [1;32mtotal=1.086s[0m
  [2mcuda-cpp SFNN[0m [33mvalidation[0m: epoch=6, superbatch=52, [35mtest_value_accuracy=0.6993234[0m, [35mtest_value_loss=0.07665155[0m, [1;36melapsed=0.855s[0m
  [2mcuda-cpp SFNN[0m [1;36m[progress][0m  [1;36mepoch 6[0m  [1;33msb 53/108[0m  [33mthis-sb=39,976,960 pos (610 batches x 65,536)[0m  [36mtotal=23,706,337,280 pos[0m  [1;36mtrain_time=8458.6s[0m  [1;32mpos/s=2,802,635[0m
  [2mcuda-cpp SFNN[0m [1;36m[progress][0m  [1;36mepoch 6[0m  [1;33msb 54/108[0m  [33mthis-sb=39,976,960 pos (610 batches x 65,536)[0m  [36mtotal=23,746,314,240 pos[0m  [1;36mtrain_time=8472.8s[0m  [1;32mpos/s=2,802,651[0m
  [2mcuda-cpp SFNN[0m [1;36m[progress][0m  [1;36mepoch 6[0m  [1;33msb 55/108[0m  [33mthis-sb=39,976,960 pos (610 batches x 65,536)[0m  [36mtotal=23,786,291,200 pos[0m  [1;36mtrain_time=8487.0s[0m  [1;32mpos/s=2,802,662[0m
  cuda-cpp HalfKA2 validation forward = gpu: positions=300000, batch_size=8192, elapsed=0.594s
  test: accuracy=70.0040% (210012/300000 decisive; draws=0 excluded; mate=0 filtered), loss=0.076200 (n=300000)
  [2mcuda-cpp HalfKA2[0m [1;33mvalidation detail[0m: positions=300,000, batch_size=8,192, load/cache=0.000s, weight_fold=0.199s, context=0.000s, weight_upload=0.039s, batches=0.594s, metrics=0.005s, total=0.838s
  [2mcuda-cpp SFNN[0m [1;36m[progress][0m  [1;36mepoch 6[0m  [1;33msb 56/108[0m  [33mthis-sb=39,976,960 pos (610 batches x 65,536)[0m  [36mtotal=23,826,268,160 pos[0m  [1;36mtrain_time=8501.3s[0m  [1;32mpos/s=2,802,671[0m
  [2mcuda-cpp SFNN[0m [1;33mvalidation overhead[0m: [35mreadback=0.231s[0m  [33mvalidation=0.867s[0m  [2msave=skipped[0m  [1;32mtotal=1.097s[0m
  [2mcuda-cpp SFNN[0m [33mvalidation[0m: epoch=6, superbatch=56, [35mtest_value_accuracy=0.7000400[0m, [35mtest_value_loss=0.07620041[0m, [1;36melapsed=0.867s[0m
  [2mcuda-cpp SFNN[0m [1;36m[progress][0m  [1;36mepoch 6[0m  [1;33msb 57/108[0m  [33mthis-sb=39,976,960 pos (610 batches x 65,536)[0m  [36mtotal=23,866,245,120 pos[0m  [1;36mtrain_time=8515.5s[0m  [1;32mpos/s=2,802,675[0m
  [2mcuda-cpp SFNN[0m [1;36m[progress][0m  [1;36mepoch 6[0m  [1;33msb 58/108[0m  [33mthis-sb=39,976,960 pos (610 batches x 65,536)[0m  [36mtotal=23,906,222,080 pos[0m  [1;36mtrain_time=8529.7s[0m  [1;32mpos/s=2,802,692[0m
  [2mcuda-cpp SFNN[0m [1;36m[progress][0m  [1;36mepoch 6[0m  [1;33msb 59/108[0m  [33mthis-sb=39,976,960 pos (610 batches x 65,536)[0m  [36mtotal=23,946,199,040 pos[0m  [1;36mtrain_time=8544.0s[0m  [1;32mpos/s=2,802,704[0m
  cuda-cpp HalfKA2 validation forward = gpu: positions=300000, batch_size=8192, elapsed=0.595s
  test: accuracy=70.0150% (210045/300000 decisive; draws=0 excluded; mate=0 filtered), loss=0.076494 (n=300000)
  [2mcuda-cpp HalfKA2[0m [1;33mvalidation detail[0m: positions=300,000, batch_size=8,192, load/cache=0.000s, weight_fold=0.197s, context=0.000s, weight_upload=0.043s, batches=0.595s, metrics=0.005s, total=0.840s
  [2mcuda-cpp SFNN[0m [1;36m[progress][0m  [1;36mepoch 6[0m  [1;33msb 60/108[0m  [33mthis-sb=39,976,960 pos (610 batches x 65,536)[0m  [36mtotal=23,986,176,000 pos[0m  [1;36mtrain_time=8558.2s[0m  [1;32mpos/s=2,802,720[0m
  [2mcuda-cpp SFNN[0m [1;33mvalidation overhead[0m: [35mreadback=0.235s[0m  [33mvalidation=0.869s[0m  [2msave=skipped[0m  [1;32mtotal=1.104s[0m
  [2mcuda-cpp SFNN[0m [33mvalidation[0m: epoch=6, superbatch=60, [35mtest_value_accuracy=0.7001500[0m, [35mtest_value_loss=0.07649370[0m, [1;36melapsed=0.869s[0m
  [2mcuda-cpp SFNN[0m [1;36m[progress][0m  [1;36mepoch 6[0m  [1;33msb 61/108[0m  [33mthis-sb=39,976,960 pos (610 batches x 65,536)[0m  [36mtotal=24,026,152,960 pos[0m  [1;36mtrain_time=8572.4s[0m  [1;32mpos/s=2,802,730[0m
  [2mcuda-cpp SFNN[0m [1;36m[progress][0m  [1;36mepoch 6[0m  [1;33msb 62/108[0m  [33mthis-sb=39,976,960 pos (610 batches x 65,536)[0m  [36mtotal=24,066,129,920 pos[0m  [1;36mtrain_time=8586.6s[0m  [1;32mpos/s=2,802,741[0m
  [2mcuda-cpp SFNN[0m [1;36m[progress][0m  [1;36mepoch 6[0m  [1;33msb 63/108[0m  [33mthis-sb=39,976,960 pos (610 batches x 65,536)[0m  [36mtotal=24,106,106,880 pos[0m  [1;36mtrain_time=8600.9s[0m  [1;32mpos/s=2,802,755[0m
  cuda-cpp HalfKA2 validation forward = gpu: positions=300000, batch_size=8192, elapsed=0.592s
  test: accuracy=70.0320% (210096/300000 decisive; draws=0 excluded; mate=0 filtered), loss=0.076487 (n=300000)
  [2mcuda-cpp HalfKA2[0m [1;33mvalidation detail[0m: positions=300,000, batch_size=8,192, load/cache=0.000s, weight_fold=0.199s, context=0.000s, weight_upload=0.040s, batches=0.592s, metrics=0.005s, total=0.836s
  [2mcuda-cpp SFNN[0m [1;36m[progress][0m  [1;36mepoch 6[0m  [1;33msb 64/108[0m  [33mthis-sb=39,976,960 pos (610 batches x 65,536)[0m  [36mtotal=24,146,083,840 pos[0m  [1;36mtrain_time=8615.1s[0m  [1;32mpos/s=2,802,770[0m
  [2mcuda-cpp SFNN[0m [1;33mvalidation overhead[0m: [35mreadback=0.233s[0m  [33mvalidation=0.860s[0m  [2msave=skipped[0m  [1;32mtotal=1.093s[0m
  [2mcuda-cpp SFNN[0m [33mvalidation[0m: epoch=6, superbatch=64, [35mtest_value_accuracy=0.7003200[0m, [35mtest_value_loss=0.07648668[0m, [1;36melapsed=0.860s[0m
  [2mcuda-cpp SFNN[0m [1;36m[progress][0m  [1;36mepoch 6[0m  [1;33msb 65/108[0m  [33mthis-sb=39,976,960 pos (610 batches x 65,536)[0m  [36mtotal=24,186,060,800 pos[0m  [1;36mtrain_time=8629.3s[0m  [1;32mpos/s=2,802,779[0m
  [2mcuda-cpp SFNN[0m [1;36m[progress][0m  [1;36mepoch 6[0m  [1;33msb 66/108[0m  [33mthis-sb=39,976,960 pos (610 batches x 65,536)[0m  [36mtotal=24,226,037,760 pos[0m  [1;36mtrain_time=8643.5s[0m  [1;32mpos/s=2,802,793[0m
  [2mcuda-cpp SFNN[0m [1;36m[progress][0m  [1;36mepoch 6[0m  [1;33msb 67/108[0m  [33mthis-sb=39,976,960 pos (610 batches x 65,536)[0m  [36mtotal=24,266,014,720 pos[0m  [1;36mtrain_time=8657.8s[0m  [1;32mpos/s=2,802,808[0m
  cuda-cpp HalfKA2 validation forward = gpu: positions=300000, batch_size=8192, elapsed=0.594s
  test: accuracy=70.0223% (210067/300000 decisive; draws=0 excluded; mate=0 filtered), loss=0.076292 (n=300000)
  [2mcuda-cpp HalfKA2[0m [1;33mvalidation detail[0m: positions=300,000, batch_size=8,192, load/cache=0.000s, weight_fold=0.199s, context=0.000s, weight_upload=0.038s, batches=0.594s, metrics=0.005s, total=0.836s
  [2mcuda-cpp SFNN[0m [1;36m[progress][0m  [1;36mepoch 6[0m  [1;33msb 68/108[0m  [33mthis-sb=39,976,960 pos (610 batches x 65,536)[0m  [36mtotal=24,305,991,680 pos[0m  [1;36mtrain_time=8672.0s[0m  [1;32mpos/s=2,802,818[0m
  [2mcuda-cpp SFNN[0m [1;33mvalidation overhead[0m: [35mreadback=0.229s[0m  [33mvalidation=0.860s[0m  [2msave=skipped[0m  [1;32mtotal=1.089s[0m
  [2mcuda-cpp SFNN[0m [33mvalidation[0m: epoch=6, superbatch=68, [35mtest_value_accuracy=0.7002233[0m, [35mtest_value_loss=0.07629202[0m, [1;36melapsed=0.860s[0m
  [2mcuda-cpp SFNN[0m [1;36m[progress][0m  [1;36mepoch 6[0m  [1;33msb 69/108[0m  [33mthis-sb=39,976,960 pos (610 batches x 65,536)[0m  [36mtotal=24,345,968,640 pos[0m  [1;36mtrain_time=8686.2s[0m  [1;32mpos/s=2,802,827[0m
  [2mcuda-cpp SFNN[0m [1;36m[progress][0m  [1;36mepoch 6[0m  [1;33msb 70/108[0m  [33mthis-sb=39,976,960 pos (610 batches x 65,536)[0m  [36mtotal=24,385,945,600 pos[0m  [1;36mtrain_time=8700.4s[0m  [1;32mpos/s=2,802,839[0m
  [2mcuda-cpp SFNN[0m [1;36m[progress][0m  [1;36mepoch 6[0m  [1;33msb 71/108[0m  [33mthis-sb=39,976,960 pos (610 batches x 65,536)[0m  [36mtotal=24,425,922,560 pos[0m  [1;36mtrain_time=8714.7s[0m  [1;32mpos/s=2,802,852[0m
  cuda-cpp HalfKA2 validation forward = gpu: positions=300000, batch_size=8192, elapsed=0.603s
  test: accuracy=70.0643% (210193/300000 decisive; draws=0 excluded; mate=0 filtered), loss=0.076244 (n=300000)
  [2mcuda-cpp HalfKA2[0m [1;33mvalidation detail[0m: positions=300,000, batch_size=8,192, load/cache=0.000s, weight_fold=0.198s, context=0.000s, weight_upload=0.040s, batches=0.603s, metrics=0.005s, total=0.847s
  [2mcuda-cpp SFNN[0m [1;36m[progress][0m  [1;36mepoch 6[0m  [1;33msb 72/108[0m  [33mthis-sb=39,976,960 pos (610 batches x 65,536)[0m  [36mtotal=24,465,899,520 pos[0m  [1;36mtrain_time=8728.9s[0m  [1;32mpos/s=2,802,862[0m
  [2mcuda-cpp SFNN[0m [1;33mvalidation overhead[0m: [35mreadback=0.239s[0m  [33mvalidation=0.876s[0m  [2msave=skipped[0m  [1;32mtotal=1.115s[0m
  [2mcuda-cpp SFNN[0m [33mvalidation[0m: epoch=6, superbatch=72, [35mtest_value_accuracy=0.7006434[0m, [35mtest_value_loss=0.07624404[0m, [1;36melapsed=0.876s[0m
  [2mcuda-cpp SFNN[0m [1;36m[progress][0m  [1;36mepoch 6[0m  [1;33msb 73/108[0m  [33mthis-sb=39,976,960 pos (610 batches x 65,536)[0m  [36mtotal=24,505,876,480 pos[0m  [1;36mtrain_time=8743.1s[0m  [1;32mpos/s=2,802,871[0m
  [2mcuda-cpp SFNN[0m [1;36m[progress][0m  [1;36mepoch 6[0m  [1;33msb 74/108[0m  [33mthis-sb=39,976,960 pos (610 batches x 65,536)[0m  [36mtotal=24,545,853,440 pos[0m  [1;36mtrain_time=8757.3s[0m  [1;32mpos/s=2,802,887[0m
  [2mcuda-cpp SFNN[0m [1;36m[progress][0m  [1;36mepoch 6[0m  [1;33msb 75/108[0m  [33mthis-sb=39,976,960 pos (610 batches x 65,536)[0m  [36mtotal=24,585,830,400 pos[0m  [1;36mtrain_time=8771.6s[0m  [1;32mpos/s=2,802,901[0m
  cuda-cpp HalfKA2 validation forward = gpu: positions=300000, batch_size=8192, elapsed=0.589s
  test: accuracy=70.0377% (210113/300000 decisive; draws=0 excluded; mate=0 filtered), loss=0.076529 (n=300000)
  [2mcuda-cpp HalfKA2[0m [1;33mvalidation detail[0m: positions=300,000, batch_size=8,192, load/cache=0.000s, weight_fold=0.196s, context=0.000s, weight_upload=0.039s, batches=0.589s, metrics=0.005s, total=0.829s
  [2mcuda-cpp SFNN[0m [1;36m[progress][0m  [1;36mepoch 6[0m  [1;33msb 76/108[0m  [33mthis-sb=39,976,960 pos (610 batches x 65,536)[0m  [36mtotal=24,625,807,360 pos[0m  [1;36mtrain_time=8785.8s[0m  [1;32mpos/s=2,802,912[0m
  [2mcuda-cpp SFNN[0m [1;33mvalidation overhead[0m: [35mreadback=0.233s[0m  [33mvalidation=0.853s[0m  [2msave=skipped[0m  [1;32mtotal=1.086s[0m
  [2mcuda-cpp SFNN[0m [33mvalidation[0m: epoch=6, superbatch=76, [35mtest_value_accuracy=0.7003767[0m, [35mtest_value_loss=0.07652865[0m, [1;36melapsed=0.853s[0m
  [2mcuda-cpp SFNN[0m [1;36m[progress][0m  [1;36mepoch 6[0m  [1;33msb 77/108[0m  [33mthis-sb=39,976,960 pos (610 batches x 65,536)[0m  [36mtotal=24,665,784,320 pos[0m  [1;36mtrain_time=8800.0s[0m  [1;32mpos/s=2,802,918[0m
  [2mcuda-cpp SFNN[0m [1;36m[progress][0m  [1;36mepoch 6[0m  [1;33msb 78/108[0m  [33mthis-sb=39,976,960 pos (610 batches x 65,536)[0m  [36mtotal=24,705,761,280 pos[0m  [1;36mtrain_time=8814.3s[0m  [1;32mpos/s=2,802,931[0m
  [2mcuda-cpp SFNN[0m [1;36m[progress][0m  [1;36mepoch 6[0m  [1;33msb 79/108[0m  [33mthis-sb=39,976,960 pos (610 batches x 65,536)[0m  [36mtotal=24,745,738,240 pos[0m  [1;36mtrain_time=8828.5s[0m  [1;32mpos/s=2,802,943[0m
  cuda-cpp HalfKA2 validation forward = gpu: positions=300000, batch_size=8192, elapsed=0.593s
  test: accuracy=70.0983% (210295/300000 decisive; draws=0 excluded; mate=0 filtered), loss=0.076154 (n=300000)
  [2mcuda-cpp HalfKA2[0m [1;33mvalidation detail[0m: positions=300,000, batch_size=8,192, load/cache=0.000s, weight_fold=0.198s, context=0.000s, weight_upload=0.041s, batches=0.593s, metrics=0.005s, total=0.837s
  [2mcuda-cpp SFNN[0m [1;36m[progress][0m  [1;36mepoch 6[0m  [1;33msb 80/108[0m  [33mthis-sb=39,976,960 pos (610 batches x 65,536)[0m  [36mtotal=24,785,715,200 pos[0m  [1;36mtrain_time=8842.7s[0m  [1;32mpos/s=2,802,952[0m
  [2mcuda-cpp SFNN[0m [1;33mvalidation overhead[0m: [35mreadback=0.238s[0m  [33mvalidation=0.861s[0m  [2msave=skipped[0m  [1;32mtotal=1.099s[0m
  [2mcuda-cpp SFNN[0m [33mvalidation[0m: epoch=6, superbatch=80, [35mtest_value_accuracy=0.7009833[0m, [35mtest_value_loss=0.07615417[0m, [1;36melapsed=0.861s[0m
  [2mcuda-cpp SFNN[0m [1;36m[progress][0m  [1;36mepoch 6[0m  [1;33msb 81/108[0m  [33mthis-sb=39,976,960 pos (610 batches x 65,536)[0m  [36mtotal=24,825,692,160 pos[0m  [1;36mtrain_time=8857.1s[0m  [1;32mpos/s=2,802,907[0m
  [2mcuda-cpp SFNN[0m [1;36m[progress][0m  [1;36mepoch 6[0m  [1;33msb 82/108[0m  [33mthis-sb=39,976,960 pos (610 batches x 65,536)[0m  [36mtotal=24,865,669,120 pos[0m  [1;36mtrain_time=8871.4s[0m  [1;32mpos/s=2,802,914[0m
  [2mcuda-cpp SFNN[0m [1;36m[progress][0m  [1;36mepoch 6[0m  [1;33msb 83/108[0m  [33mthis-sb=39,976,960 pos (610 batches x 65,536)[0m  [36mtotal=24,905,646,080 pos[0m  [1;36mtrain_time=8885.6s[0m  [1;32mpos/s=2,802,930[0m
  cuda-cpp HalfKA2 validation forward = gpu: positions=300000, batch_size=8192, elapsed=0.595s
  test: accuracy=70.0437% (210131/300000 decisive; draws=0 excluded; mate=0 filtered), loss=0.076253 (n=300000)
  [2mcuda-cpp HalfKA2[0m [1;33mvalidation detail[0m: positions=300,000, batch_size=8,192, load/cache=0.000s, weight_fold=0.197s, context=0.000s, weight_upload=0.040s, batches=0.595s, metrics=0.005s, total=0.838s
  [2mcuda-cpp SFNN[0m [1;36m[progress][0m  [1;36mepoch 6[0m  [1;33msb 84/108[0m  [33mthis-sb=39,976,960 pos (610 batches x 65,536)[0m  [36mtotal=24,945,623,040 pos[0m  [1;36mtrain_time=8899.8s[0m  [1;32mpos/s=2,802,945[0m
  [2mcuda-cpp SFNN[0m [1;33mvalidation overhead[0m: [35mreadback=0.234s[0m  [33mvalidation=0.861s[0m  [2msave=skipped[0m  [1;32mtotal=1.095s[0m
  [2mcuda-cpp SFNN[0m [33mvalidation[0m: epoch=6, superbatch=84, [35mtest_value_accuracy=0.7004367[0m, [35mtest_value_loss=0.07625335[0m, [1;36melapsed=0.861s[0m
  [2mcuda-cpp SFNN[0m [1;36m[progress][0m  [1;36mepoch 6[0m  [1;33msb 85/108[0m  [33mthis-sb=39,976,960 pos (610 batches x 65,536)[0m  [36mtotal=24,985,600,000 pos[0m  [1;36mtrain_time=8914.0s[0m  [1;32mpos/s=2,802,950[0m
  [2mcuda-cpp SFNN[0m [1;36m[progress][0m  [1;36mepoch 6[0m  [1;33msb 86/108[0m  [33mthis-sb=39,976,960 pos (610 batches x 65,536)[0m  [36mtotal=25,025,576,960 pos[0m  [1;36mtrain_time=8928.3s[0m  [1;32mpos/s=2,802,962[0m
  [2mcuda-cpp SFNN[0m [1;36m[progress][0m  [1;36mepoch 6[0m  [1;33msb 87/108[0m  [33mthis-sb=39,976,960 pos (610 batches x 65,536)[0m  [36mtotal=25,065,553,920 pos[0m  [1;36mtrain_time=8942.5s[0m  [1;32mpos/s=2,802,979[0m
  cuda-cpp HalfKA2 validation forward = gpu: positions=300000, batch_size=8192, elapsed=0.591s
  test: accuracy=70.0667% (210200/300000 decisive; draws=0 excluded; mate=0 filtered), loss=0.076321 (n=300000)
  [2mcuda-cpp HalfKA2[0m [1;33mvalidation detail[0m: positions=300,000, batch_size=8,192, load/cache=0.000s, weight_fold=0.198s, context=0.000s, weight_upload=0.040s, batches=0.591s, metrics=0.005s, total=0.833s
  [2mcuda-cpp SFNN[0m [1;36m[progress][0m  [1;36mepoch 6[0m  [1;33msb 88/108[0m  [33mthis-sb=39,976,960 pos (610 batches x 65,536)[0m  [36mtotal=25,105,530,880 pos[0m  [1;36mtrain_time=8956.7s[0m  [1;32mpos/s=2,802,992[0m
  [2mcuda-cpp SFNN[0m [1;33mvalidation overhead[0m: [35mreadback=0.236s[0m  [33mvalidation=0.857s[0m  [2msave=skipped[0m  [1;32mtotal=1.093s[0m
  [2mcuda-cpp SFNN[0m [33mvalidation[0m: epoch=6, superbatch=88, [35mtest_value_accuracy=0.7006667[0m, [35mtest_value_loss=0.07632132[0m, [1;36melapsed=0.857s[0m
  [2mcuda-cpp SFNN[0m [1;36m[progress][0m  [1;36mepoch 6[0m  [1;33msb 89/108[0m  [33mthis-sb=39,976,960 pos (610 batches x 65,536)[0m  [36mtotal=25,145,507,840 pos[0m  [1;36mtrain_time=8970.9s[0m  [1;32mpos/s=2,803,000[0m
  [2mcuda-cpp SFNN[0m [1;36m[progress][0m  [1;36mepoch 6[0m  [1;33msb 90/108[0m  [33mthis-sb=39,976,960 pos (610 batches x 65,536)[0m  [36mtotal=25,185,484,800 pos[0m  [1;36mtrain_time=8985.1s[0m  [1;32mpos/s=2,803,015[0m
  [2mcuda-cpp SFNN[0m [1;36m[progress][0m  [1;36mepoch 6[0m  [1;33msb 91/108[0m  [33mthis-sb=39,976,960 pos (610 batches x 65,536)[0m  [36mtotal=25,225,461,760 pos[0m  [1;36mtrain_time=8999.4s[0m  [1;32mpos/s=2,803,028[0m
  cuda-cpp HalfKA2 validation forward = gpu: positions=300000, batch_size=8192, elapsed=0.592s
  test: accuracy=70.0650% (210195/300000 decisive; draws=0 excluded; mate=0 filtered), loss=0.076292 (n=300000)
  [2mcuda-cpp HalfKA2[0m [1;33mvalidation detail[0m: positions=300,000, batch_size=8,192, load/cache=0.000s, weight_fold=0.201s, context=0.000s, weight_upload=0.041s, batches=0.592s, metrics=0.005s, total=0.839s
  [2mcuda-cpp SFNN[0m [1;36m[progress][0m  [1;36mepoch 6[0m  [1;33msb 92/108[0m  [33mthis-sb=39,976,960 pos (610 batches x 65,536)[0m  [36mtotal=25,265,438,720 pos[0m  [1;36mtrain_time=9013.6s[0m  [1;32mpos/s=2,803,044[0m
  [2mcuda-cpp SFNN[0m [1;33mvalidation overhead[0m: [35mreadback=0.236s[0m  [33mvalidation=0.863s[0m  [2msave=skipped[0m  [1;32mtotal=1.098s[0m
  [2mcuda-cpp SFNN[0m [33mvalidation[0m: epoch=6, superbatch=92, [35mtest_value_accuracy=0.7006500[0m, [35mtest_value_loss=0.07629185[0m, [1;36melapsed=0.863s[0m
  [2mcuda-cpp SFNN[0m [1;36m[progress][0m  [1;36mepoch 6[0m  [1;33msb 93/108[0m  [33mthis-sb=39,976,960 pos (610 batches x 65,536)[0m  [36mtotal=25,305,415,680 pos[0m  [1;36mtrain_time=9027.8s[0m  [1;32mpos/s=2,803,053[0m
  [2mcuda-cpp SFNN[0m [1;36m[progress][0m  [1;36mepoch 6[0m  [1;33msb 94/108[0m  [33mthis-sb=39,976,960 pos (610 batches x 65,536)[0m  [36mtotal=25,345,392,640 pos[0m  [1;36mtrain_time=9042.0s[0m  [1;32mpos/s=2,803,066[0m
  [2mcuda-cpp SFNN[0m [1;36m[progress][0m  [1;36mepoch 6[0m  [1;33msb 95/108[0m  [33mthis-sb=39,976,960 pos (610 batches x 65,536)[0m  [36mtotal=25,385,369,600 pos[0m  [1;36mtrain_time=9056.3s[0m  [1;32mpos/s=2,803,064[0m
  cuda-cpp HalfKA2 validation forward = gpu: positions=300000, batch_size=8192, elapsed=0.594s
  test: accuracy=70.0743% (210223/300000 decisive; draws=0 excluded; mate=0 filtered), loss=0.076244 (n=300000)
  [2mcuda-cpp HalfKA2[0m [1;33mvalidation detail[0m: positions=300,000, batch_size=8,192, load/cache=0.000s, weight_fold=0.198s, context=0.000s, weight_upload=0.041s, batches=0.594s, metrics=0.005s, total=0.837s
  [2mcuda-cpp SFNN[0m [1;36m[progress][0m  [1;36mepoch 6[0m  [1;33msb 96/108[0m  [33mthis-sb=39,976,960 pos (610 batches x 65,536)[0m  [36mtotal=25,425,346,560 pos[0m  [1;36mtrain_time=9070.5s[0m  [1;32mpos/s=2,803,074[0m
  [2mcuda-cpp SFNN[0m [1;33mvalidation overhead[0m: [35mreadback=0.232s[0m  [33mvalidation=0.861s[0m  [2msave=skipped[0m  [1;32mtotal=1.093s[0m
  [2mcuda-cpp SFNN[0m [33mvalidation[0m: epoch=6, superbatch=96, [35mtest_value_accuracy=0.7007433[0m, [35mtest_value_loss=0.07624409[0m, [1;36melapsed=0.861s[0m
  [2mcuda-cpp SFNN[0m [1;36m[progress][0m  [1;36mepoch 6[0m  [1;33msb 97/108[0m  [33mthis-sb=39,976,960 pos (610 batches x 65,536)[0m  [36mtotal=25,465,323,520 pos[0m  [1;36mtrain_time=9084.8s[0m  [1;32mpos/s=2,803,084[0m
  [2mcuda-cpp SFNN[0m [1;36m[progress][0m  [1;36mepoch 6[0m  [1;33msb 98/108[0m  [33mthis-sb=39,976,960 pos (610 batches x 65,536)[0m  [36mtotal=25,505,300,480 pos[0m  [1;36mtrain_time=9099.0s[0m  [1;32mpos/s=2,803,095[0m
  [2mcuda-cpp SFNN[0m [1;36m[progress][0m  [1;36mepoch 6[0m  [1;33msb 99/108[0m  [33mthis-sb=39,976,960 pos (610 batches x 65,536)[0m  [36mtotal=25,545,277,440 pos[0m  [1;36mtrain_time=9113.2s[0m  [1;32mpos/s=2,803,108[0m
  cuda-cpp HalfKA2 validation forward = gpu: positions=300000, batch_size=8192, elapsed=0.594s
  test: accuracy=70.0967% (210290/300000 decisive; draws=0 excluded; mate=0 filtered), loss=0.076238 (n=300000)
  [2mcuda-cpp HalfKA2[0m [1;33mvalidation detail[0m: positions=300,000, batch_size=8,192, load/cache=0.000s, weight_fold=0.199s, context=0.001s, weight_upload=0.040s, batches=0.594s, metrics=0.005s, total=0.839s
  [2mcuda-cpp SFNN[0m [1;36m[progress][0m  [1;36mepoch 6[0m  [1;33msb 100/108[0m  [33mthis-sb=39,976,960 pos (610 batches x 65,536)[0m  [36mtotal=25,585,254,400 pos[0m  [1;36mtrain_time=9127.4s[0m  [1;32mpos/s=2,803,114[0m
  [2mcuda-cpp SFNN[0m [1;33mvalidation overhead[0m: [35mreadback=0.233s[0m  [33mvalidation=0.862s[0m  [2msave=skipped[0m  [1;32mtotal=1.095s[0m
  [2mcuda-cpp SFNN[0m [33mvalidation[0m: epoch=6, superbatch=100, [35mtest_value_accuracy=0.7009667[0m, [35mtest_value_loss=0.07623805[0m, [1;36melapsed=0.862s[0m
  [2mcuda-cpp SFNN[0m [1;36m[progress][0m  [1;36mepoch 6[0m  [1;33msb 101/108[0m  [33mthis-sb=39,976,960 pos (610 batches x 65,536)[0m  [36mtotal=25,625,231,360 pos[0m  [1;36mtrain_time=9141.7s[0m  [1;32mpos/s=2,803,120[0m
  [2mcuda-cpp SFNN[0m [1;36m[progress][0m  [1;36mepoch 6[0m  [1;33msb 102/108[0m  [33mthis-sb=39,976,960 pos (610 batches x 65,536)[0m  [36mtotal=25,665,208,320 pos[0m  [1;36mtrain_time=9155.9s[0m  [1;32mpos/s=2,803,135[0m
  [2mcuda-cpp SFNN[0m [1;36m[progress][0m  [1;36mepoch 6[0m  [1;33msb 103/108[0m  [33mthis-sb=39,976,960 pos (610 batches x 65,536)[0m  [36mtotal=25,705,185,280 pos[0m  [1;36mtrain_time=9170.1s[0m  [1;32mpos/s=2,803,144[0m
  cuda-cpp HalfKA2 validation forward = gpu: positions=300000, batch_size=8192, elapsed=0.594s
  test: accuracy=70.0707% (210212/300000 decisive; draws=0 excluded; mate=0 filtered), loss=0.076096 (n=300000)
  [2mcuda-cpp HalfKA2[0m [1;33mvalidation detail[0m: positions=300,000, batch_size=8,192, load/cache=0.000s, weight_fold=0.199s, context=0.000s, weight_upload=0.040s, batches=0.594s, metrics=0.005s, total=0.837s
  [2mcuda-cpp SFNN[0m [1;36m[progress][0m  [1;36mepoch 6[0m  [1;33msb 104/108[0m  [33mthis-sb=39,976,960 pos (610 batches x 65,536)[0m  [36mtotal=25,745,162,240 pos[0m  [1;36mtrain_time=9184.4s[0m  [1;32mpos/s=2,803,155[0m
  [2mcuda-cpp SFNN[0m [1;33mvalidation overhead[0m: [35mreadback=0.231s[0m  [33mvalidation=0.861s[0m  [2msave=skipped[0m  [1;32mtotal=1.092s[0m
  [2mcuda-cpp SFNN[0m [33mvalidation[0m: epoch=6, superbatch=104, [35mtest_value_accuracy=0.7007067[0m, [35mtest_value_loss=0.07609578[0m, [1;36melapsed=0.861s[0m
  [2mcuda-cpp SFNN[0m [1;36m[progress][0m  [1;36mepoch 6[0m  [1;33msb 105/108[0m  [33mthis-sb=39,976,960 pos (610 batches x 65,536)[0m  [36mtotal=25,785,139,200 pos[0m  [1;36mtrain_time=9198.6s[0m  [1;32mpos/s=2,803,163[0m
  [2mcuda-cpp SFNN[0m [1;36m[progress][0m  [1;36mepoch 6[0m  [1;33msb 106/108[0m  [33mthis-sb=39,976,960 pos (610 batches x 65,536)[0m  [36mtotal=25,825,116,160 pos[0m  [1;36mtrain_time=9212.8s[0m  [1;32mpos/s=2,803,180[0m
  [2mcuda-cpp SFNN[0m [1;36m[progress][0m  [1;36mepoch 6[0m  [1;33msb 107/108[0m  [33mthis-sb=39,976,960 pos (610 batches x 65,536)[0m  [36mtotal=25,865,093,120 pos[0m  [1;36mtrain_time=9227.0s[0m  [1;32mpos/s=2,803,189[0m
  cuda-cpp HalfKA2 validation forward = gpu: positions=300000, batch_size=8192, elapsed=0.591s
  test: accuracy=70.0703% (210211/300000 decisive; draws=0 excluded; mate=0 filtered), loss=0.076183 (n=300000)
  [2mcuda-cpp HalfKA2[0m [1;33mvalidation detail[0m: positions=300,000, batch_size=8,192, load/cache=0.000s, weight_fold=0.199s, context=0.000s, weight_upload=0.041s, batches=0.591s, metrics=0.005s, total=0.836s
  [2mcuda-cpp SFNN[0m [1;32m[checkpoint][0m  [1;36mepoch 6[0m  [1;33msb 108/108[0m  [33mthis-sb=39,976,960 pos (610 batches x 65,536)[0m  [36mtotal=25,905,070,080 pos[0m  [1;36mtrain_time=9241.3s[0m  [1;32mpos/s=2,803,199[0m
  [2mcuda-cpp SFNN[0m [1;33mcheckpoint overhead[0m: [35mreadback=0.911s[0m  [33mvalidation=0.861s[0m  [36msave=4.640s (state.bin 2.04 GiB, 450 MiB/s)[0m  [1;32mtotal=6.412s[0m
  [2mcuda-cpp SFNN[0m [33mvalidation[0m: epoch=6, superbatch=108, [35mtest_value_accuracy=0.7007033[0m, [35mtest_value_loss=0.07618315[0m, [1;36melapsed=0.861s[0m
  [2mcuda-cpp SFNN[0m [1;36m[progress][0m  [1;36mepoch 7[0m  [1;33msb 1/108[0m  [33mthis-sb=39,976,960 pos (610 batches x 65,536)[0m  [36mtotal=25,945,047,040 pos[0m  [1;36mtrain_time=9255.5s[0m  [1;32mpos/s=2,803,193[0m
  [2mcuda-cpp SFNN[0m [1;36m[progress][0m  [1;36mepoch 7[0m  [1;33msb 2/108[0m  [33mthis-sb=39,976,960 pos (610 batches x 65,536)[0m  [36mtotal=25,985,024,000 pos[0m  [1;36mtrain_time=9269.7s[0m  [1;32mpos/s=2,803,217[0m
  [2mcuda-cpp SFNN[0m [1;36m[progress][0m  [1;36mepoch 7[0m  [1;33msb 3/108[0m  [33mthis-sb=39,976,960 pos (610 batches x 65,536)[0m  [36mtotal=26,025,000,960 pos[0m  [1;36mtrain_time=9283.9s[0m  [1;32mpos/s=2,803,237[0m
  cuda-cpp HalfKA2 validation forward = gpu: positions=300000, batch_size=8192, elapsed=0.592s
  test: accuracy=69.7970% (209391/300000 decisive; draws=0 excluded; mate=0 filtered), loss=0.076824 (n=300000)
  [2mcuda-cpp HalfKA2[0m [1;33mvalidation detail[0m: positions=300,000, batch_size=8,192, load/cache=0.000s, weight_fold=0.196s, context=0.000s, weight_upload=0.041s, batches=0.592s, metrics=0.005s, total=0.834s
  [2mcuda-cpp SFNN[0m [1;36m[progress][0m  [1;36mepoch 7[0m  [1;33msb 4/108[0m  [33mthis-sb=39,976,960 pos (610 batches x 65,536)[0m  [36mtotal=26,064,977,920 pos[0m  [1;36mtrain_time=9298.1s[0m  [1;32mpos/s=2,803,252[0m
  [2mcuda-cpp SFNN[0m [1;33mvalidation overhead[0m: [35mreadback=0.228s[0m  [33mvalidation=0.858s[0m  [2msave=skipped[0m  [1;32mtotal=1.086s[0m
  [2mcuda-cpp SFNN[0m [33mvalidation[0m: epoch=7, superbatch=4, [35mtest_value_accuracy=0.6979700[0m, [35mtest_value_loss=0.07682430[0m, [1;36melapsed=0.858s[0m
  [2mcuda-cpp SFNN[0m [1;36m[progress][0m  [1;36mepoch 7[0m  [1;33msb 5/108[0m  [33mthis-sb=39,976,960 pos (610 batches x 65,536)[0m  [36mtotal=26,104,954,880 pos[0m  [1;36mtrain_time=9312.3s[0m  [1;32mpos/s=2,803,264[0m
  [2mcuda-cpp SFNN[0m [1;36m[progress][0m  [1;36mepoch 7[0m  [1;33msb 6/108[0m  [33mthis-sb=39,976,960 pos (610 batches x 65,536)[0m  [36mtotal=26,144,931,840 pos[0m  [1;36mtrain_time=9326.5s[0m  [1;32mpos/s=2,803,284[0m
  [2mcuda-cpp SFNN[0m [1;36m[progress][0m  [1;36mepoch 7[0m  [1;33msb 7/108[0m  [33mthis-sb=39,976,960 pos (610 batches x 65,536)[0m  [36mtotal=26,184,908,800 pos[0m  [1;36mtrain_time=9340.7s[0m  [1;32mpos/s=2,803,300[0m
  cuda-cpp HalfKA2 validation forward = gpu: positions=300000, batch_size=8192, elapsed=0.593s
  test: accuracy=69.8003% (209401/300000 decisive; draws=0 excluded; mate=0 filtered), loss=0.076569 (n=300000)
  [2mcuda-cpp HalfKA2[0m [1;33mvalidation detail[0m: positions=300,000, batch_size=8,192, load/cache=0.000s, weight_fold=0.196s, context=0.000s, weight_upload=0.042s, batches=0.593s, metrics=0.005s, total=0.835s
  [2mcuda-cpp SFNN[0m [1;36m[progress][0m  [1;36mepoch 7[0m  [1;33msb 8/108[0m  [33mthis-sb=39,976,960 pos (610 batches x 65,536)[0m  [36mtotal=26,224,885,760 pos[0m  [1;36mtrain_time=9354.9s[0m  [1;32mpos/s=2,803,318[0m
  [2mcuda-cpp SFNN[0m [1;33mvalidation overhead[0m: [35mreadback=0.234s[0m  [33mvalidation=0.859s[0m  [2msave=skipped[0m  [1;32mtotal=1.093s[0m
  [2mcuda-cpp SFNN[0m [33mvalidation[0m: epoch=7, superbatch=8, [35mtest_value_accuracy=0.6980034[0m, [35mtest_value_loss=0.07656904[0m, [1;36melapsed=0.859s[0m
  [2mcuda-cpp SFNN[0m [1;36m[progress][0m  [1;36mepoch 7[0m  [1;33msb 9/108[0m  [33mthis-sb=39,976,960 pos (610 batches x 65,536)[0m  [36mtotal=26,264,862,720 pos[0m  [1;36mtrain_time=9369.2s[0m  [1;32mpos/s=2,803,328[0m
  [2mcuda-cpp SFNN[0m [1;36m[progress][0m  [1;36mepoch 7[0m  [1;33msb 10/108[0m  [33mthis-sb=39,976,960 pos (610 batches x 65,536)[0m  [36mtotal=26,304,839,680 pos[0m  [1;36mtrain_time=9383.4s[0m  [1;32mpos/s=2,803,344[0m
  [2mcuda-cpp SFNN[0m [1;36m[progress][0m  [1;36mepoch 7[0m  [1;33msb 11/108[0m  [33mthis-sb=39,976,960 pos (610 batches x 65,536)[0m  [36mtotal=26,344,816,640 pos[0m  [1;36mtrain_time=9397.6s[0m  [1;32mpos/s=2,803,360[0m
  cuda-cpp HalfKA2 validation forward = gpu: positions=300000, batch_size=8192, elapsed=0.593s
  test: accuracy=69.7570% (209271/300000 decisive; draws=0 excluded; mate=0 filtered), loss=0.077104 (n=300000)
  [2mcuda-cpp HalfKA2[0m [1;33mvalidation detail[0m: positions=300,000, batch_size=8,192, load/cache=0.000s, weight_fold=0.196s, context=0.000s, weight_upload=0.039s, batches=0.593s, metrics=0.005s, total=0.832s
  [2mcuda-cpp SFNN[0m [1;36m[progress][0m  [1;36mepoch 7[0m  [1;33msb 12/108[0m  [33mthis-sb=39,976,960 pos (610 batches x 65,536)[0m  [36mtotal=26,384,793,600 pos[0m  [1;36mtrain_time=9411.8s[0m  [1;32mpos/s=2,803,373[0m
  [2mcuda-cpp SFNN[0m [1;33mvalidation overhead[0m: [35mreadback=0.229s[0m  [33mvalidation=0.855s[0m  [2msave=skipped[0m  [1;32mtotal=1.084s[0m
  [2mcuda-cpp SFNN[0m [33mvalidation[0m: epoch=7, superbatch=12, [35mtest_value_accuracy=0.6975700[0m, [35mtest_value_loss=0.07710400[0m, [1;36melapsed=0.855s[0m
  [2mcuda-cpp SFNN[0m [1;36m[progress][0m  [1;36mepoch 7[0m  [1;33msb 13/108[0m  [33mthis-sb=39,976,960 pos (610 batches x 65,536)[0m  [36mtotal=26,424,770,560 pos[0m  [1;36mtrain_time=9426.0s[0m  [1;32mpos/s=2,803,384[0m
  [2mcuda-cpp SFNN[0m [1;36m[progress][0m  [1;36mepoch 7[0m  [1;33msb 14/108[0m  [33mthis-sb=39,976,960 pos (610 batches x 65,536)[0m  [36mtotal=26,464,747,520 pos[0m  [1;36mtrain_time=9440.2s[0m  [1;32mpos/s=2,803,397[0m
  [2mcuda-cpp SFNN[0m [1;36m[progress][0m  [1;36mepoch 7[0m  [1;33msb 15/108[0m  [33mthis-sb=39,976,960 pos (610 batches x 65,536)[0m  [36mtotal=26,504,724,480 pos[0m  [1;36mtrain_time=9454.5s[0m  [1;32mpos/s=2,803,410[0m
  cuda-cpp HalfKA2 validation forward = gpu: positions=300000, batch_size=8192, elapsed=0.593s
  test: accuracy=69.8593% (209578/300000 decisive; draws=0 excluded; mate=0 filtered), loss=0.076723 (n=300000)
  [2mcuda-cpp HalfKA2[0m [1;33mvalidation detail[0m: positions=300,000, batch_size=8,192, load/cache=0.000s, weight_fold=0.198s, context=0.000s, weight_upload=0.040s, batches=0.593s, metrics=0.005s, total=0.837s
  [2mcuda-cpp SFNN[0m [1;36m[progress][0m  [1;36mepoch 7[0m  [1;33msb 16/108[0m  [33mthis-sb=39,976,960 pos (610 batches x 65,536)[0m  [36mtotal=26,544,701,440 pos[0m  [1;36mtrain_time=9468.7s[0m  [1;32mpos/s=2,803,428[0m
  [2mcuda-cpp SFNN[0m [1;33mvalidation overhead[0m: [35mreadback=0.229s[0m  [33mvalidation=0.860s[0m  [2msave=skipped[0m  [1;32mtotal=1.089s[0m
  [2mcuda-cpp SFNN[0m [33mvalidation[0m: epoch=7, superbatch=16, [35mtest_value_accuracy=0.6985933[0m, [35mtest_value_loss=0.07672251[0m, [1;36melapsed=0.860s[0m
  [2mcuda-cpp SFNN[0m [1;36m[progress][0m  [1;36mepoch 7[0m  [1;33msb 17/108[0m  [33mthis-sb=39,976,960 pos (610 batches x 65,536)[0m  [36mtotal=26,584,678,400 pos[0m  [1;36mtrain_time=9482.9s[0m  [1;32mpos/s=2,803,438[0m
  [2mcuda-cpp SFNN[0m [1;36m[progress][0m  [1;36mepoch 7[0m  [1;33msb 18/108[0m  [33mthis-sb=39,976,960 pos (610 batches x 65,536)[0m  [36mtotal=26,624,655,360 pos[0m  [1;36mtrain_time=9497.1s[0m  [1;32mpos/s=2,803,456[0m
  [2mcuda-cpp SFNN[0m [1;36m[progress][0m  [1;36mepoch 7[0m  [1;33msb 19/108[0m  [33mthis-sb=39,976,960 pos (610 batches x 65,536)[0m  [36mtotal=26,664,632,320 pos[0m  [1;36mtrain_time=9511.3s[0m  [1;32mpos/s=2,803,472[0m
  cuda-cpp HalfKA2 validation forward = gpu: positions=300000, batch_size=8192, elapsed=0.590s
  test: accuracy=69.8580% (209574/300000 decisive; draws=0 excluded; mate=0 filtered), loss=0.076748 (n=300000)
  [2mcuda-cpp HalfKA2[0m [1;33mvalidation detail[0m: positions=300,000, batch_size=8,192, load/cache=0.000s, weight_fold=0.195s, context=0.000s, weight_upload=0.040s, batches=0.590s, metrics=0.005s, total=0.830s
  [2mcuda-cpp SFNN[0m [1;36m[progress][0m  [1;36mepoch 7[0m  [1;33msb 20/108[0m  [33mthis-sb=39,976,960 pos (610 batches x 65,536)[0m  [36mtotal=26,704,609,280 pos[0m  [1;36mtrain_time=9525.5s[0m  [1;32mpos/s=2,803,483[0m
  [2mcuda-cpp SFNN[0m [1;33mvalidation overhead[0m: [35mreadback=0.228s[0m  [33mvalidation=0.853s[0m  [2msave=skipped[0m  [1;32mtotal=1.081s[0m
  [2mcuda-cpp SFNN[0m [33mvalidation[0m: epoch=7, superbatch=20, [35mtest_value_accuracy=0.6985800[0m, [35mtest_value_loss=0.07674824[0m, [1;36melapsed=0.853s[0m
  [2mcuda-cpp SFNN[0m [1;36m[progress][0m  [1;36mepoch 7[0m  [1;33msb 21/108[0m  [33mthis-sb=39,976,960 pos (610 batches x 65,536)[0m  [36mtotal=26,744,586,240 pos[0m  [1;36mtrain_time=9539.7s[0m  [1;32mpos/s=2,803,492[0m
  [2mcuda-cpp SFNN[0m [1;36m[progress][0m  [1;36mepoch 7[0m  [1;33msb 22/108[0m  [33mthis-sb=39,976,960 pos (610 batches x 65,536)[0m  [36mtotal=26,784,563,200 pos[0m  [1;36mtrain_time=9553.9s[0m  [1;32mpos/s=2,803,508[0m
  [2mcuda-cpp SFNN[0m [1;36m[progress][0m  [1;36mepoch 7[0m  [1;33msb 23/108[0m  [33mthis-sb=39,976,960 pos (610 batches x 65,536)[0m  [36mtotal=26,824,540,160 pos[0m  [1;36mtrain_time=9568.2s[0m  [1;32mpos/s=2,803,520[0m
  cuda-cpp HalfKA2 validation forward = gpu: positions=300000, batch_size=8192, elapsed=0.593s
  test: accuracy=69.8340% (209502/300000 decisive; draws=0 excluded; mate=0 filtered), loss=0.077021 (n=300000)
  [2mcuda-cpp HalfKA2[0m [1;33mvalidation detail[0m: positions=300,000, batch_size=8,192, load/cache=0.000s, weight_fold=0.195s, context=0.000s, weight_upload=0.041s, batches=0.593s, metrics=0.005s, total=0.834s
  [2mcuda-cpp SFNN[0m [1;36m[progress][0m  [1;36mepoch 7[0m  [1;33msb 24/108[0m  [33mthis-sb=39,976,960 pos (610 batches x 65,536)[0m  [36mtotal=26,864,517,120 pos[0m  [1;36mtrain_time=9582.4s[0m  [1;32mpos/s=2,803,536[0m
  [2mcuda-cpp SFNN[0m [1;33mvalidation overhead[0m: [35mreadback=0.229s[0m  [33mvalidation=0.856s[0m  [2msave=skipped[0m  [1;32mtotal=1.085s[0m
  [2mcuda-cpp SFNN[0m [33mvalidation[0m: epoch=7, superbatch=24, [35mtest_value_accuracy=0.6983400[0m, [35mtest_value_loss=0.07702070[0m, [1;36melapsed=0.856s[0m
  [2mcuda-cpp SFNN[0m [1;36m[progress][0m  [1;36mepoch 7[0m  [1;33msb 25/108[0m  [33mthis-sb=39,976,960 pos (610 batches x 65,536)[0m  [36mtotal=26,904,494,080 pos[0m  [1;36mtrain_time=9596.6s[0m  [1;32mpos/s=2,803,544[0m
  [2mcuda-cpp SFNN[0m [1;36m[progress][0m  [1;36mepoch 7[0m  [1;33msb 26/108[0m  [33mthis-sb=39,976,960 pos (610 batches x 65,536)[0m  [36mtotal=26,944,471,040 pos[0m  [1;36mtrain_time=9610.8s[0m  [1;32mpos/s=2,803,561[0m
  [2mcuda-cpp SFNN[0m [1;36m[progress][0m  [1;36mepoch 7[0m  [1;33msb 27/108[0m  [33mthis-sb=39,976,960 pos (610 batches x 65,536)[0m  [36mtotal=26,984,448,000 pos[0m  [1;36mtrain_time=9625.0s[0m  [1;32mpos/s=2,803,574[0m
  cuda-cpp HalfKA2 validation forward = gpu: positions=300000, batch_size=8192, elapsed=0.593s
  test: accuracy=69.8957% (209687/300000 decisive; draws=0 excluded; mate=0 filtered), loss=0.076505 (n=300000)
  [2mcuda-cpp HalfKA2[0m [1;33mvalidation detail[0m: positions=300,000, batch_size=8,192, load/cache=0.000s, weight_fold=0.197s, context=0.000s, weight_upload=0.042s, batches=0.593s, metrics=0.005s, total=0.837s
  [2mcuda-cpp SFNN[0m [1;36m[progress][0m  [1;36mepoch 7[0m  [1;33msb 28/108[0m  [33mthis-sb=39,976,960 pos (610 batches x 65,536)[0m  [36mtotal=27,024,424,960 pos[0m  [1;36mtrain_time=9639.2s[0m  [1;32mpos/s=2,803,591[0m
  [2mcuda-cpp SFNN[0m [1;33mvalidation overhead[0m: [35mreadback=0.231s[0m  [33mvalidation=0.860s[0m  [2msave=skipped[0m  [1;32mtotal=1.091s[0m
  [2mcuda-cpp SFNN[0m [33mvalidation[0m: epoch=7, superbatch=28, [35mtest_value_accuracy=0.6989567[0m, [35mtest_value_loss=0.07650492[0m, [1;36melapsed=0.860s[0m
  [2mcuda-cpp SFNN[0m [1;36m[progress][0m  [1;36mepoch 7[0m  [1;33msb 29/108[0m  [33mthis-sb=39,976,960 pos (610 batches x 65,536)[0m  [36mtotal=27,064,401,920 pos[0m  [1;36mtrain_time=9653.4s[0m  [1;32mpos/s=2,803,599[0m
  [2mcuda-cpp SFNN[0m [1;36m[progress][0m  [1;36mepoch 7[0m  [1;33msb 30/108[0m  [33mthis-sb=39,976,960 pos (610 batches x 65,536)[0m  [36mtotal=27,104,378,880 pos[0m  [1;36mtrain_time=9667.7s[0m  [1;32mpos/s=2,803,615[0m
  [2mcuda-cpp SFNN[0m [1;36m[progress][0m  [1;36mepoch 7[0m  [1;33msb 31/108[0m  [33mthis-sb=39,976,960 pos (610 batches x 65,536)[0m  [36mtotal=27,144,355,840 pos[0m  [1;36mtrain_time=9681.9s[0m  [1;32mpos/s=2,803,629[0m
  cuda-cpp HalfKA2 validation forward = gpu: positions=300000, batch_size=8192, elapsed=0.593s
  test: accuracy=69.9083% (209725/300000 decisive; draws=0 excluded; mate=0 filtered), loss=0.076414 (n=300000)
  [2mcuda-cpp HalfKA2[0m [1;33mvalidation detail[0m: positions=300,000, batch_size=8,192, load/cache=0.000s, weight_fold=0.197s, context=0.000s, weight_upload=0.041s, batches=0.593s, metrics=0.005s, total=0.835s
  [2mcuda-cpp SFNN[0m [1;36m[progress][0m  [1;36mepoch 7[0m  [1;33msb 32/108[0m  [33mthis-sb=39,976,960 pos (610 batches x 65,536)[0m  [36mtotal=27,184,332,800 pos[0m  [1;36mtrain_time=9696.1s[0m  [1;32mpos/s=2,803,639[0m
  [2mcuda-cpp SFNN[0m [1;33mvalidation overhead[0m: [35mreadback=0.228s[0m  [33mvalidation=0.858s[0m  [2msave=skipped[0m  [1;32mtotal=1.086s[0m
  [2mcuda-cpp SFNN[0m [33mvalidation[0m: epoch=7, superbatch=32, [35mtest_value_accuracy=0.6990833[0m, [35mtest_value_loss=0.07641402[0m, [1;36melapsed=0.858s[0m
  [2mcuda-cpp SFNN[0m [1;36m[progress][0m  [1;36mepoch 7[0m  [1;33msb 33/108[0m  [33mthis-sb=39,976,960 pos (610 batches x 65,536)[0m  [36mtotal=27,224,309,760 pos[0m  [1;36mtrain_time=9710.3s[0m  [1;32mpos/s=2,803,653[0m
  [2mcuda-cpp SFNN[0m [1;36m[progress][0m  [1;36mepoch 7[0m  [1;33msb 34/108[0m  [33mthis-sb=39,976,960 pos (610 batches x 65,536)[0m  [36mtotal=27,264,286,720 pos[0m  [1;36mtrain_time=9724.5s[0m  [1;32mpos/s=2,803,670[0m
  [2mcuda-cpp SFNN[0m [1;36m[progress][0m  [1;36mepoch 7[0m  [1;33msb 35/108[0m  [33mthis-sb=39,976,960 pos (610 batches x 65,536)[0m  [36mtotal=27,304,263,680 pos[0m  [1;36mtrain_time=9738.7s[0m  [1;32mpos/s=2,803,684[0m
  cuda-cpp HalfKA2 validation forward = gpu: positions=300000, batch_size=8192, elapsed=0.590s
  test: accuracy=69.9007% (209702/300000 decisive; draws=0 excluded; mate=0 filtered), loss=0.076370 (n=300000)
  [2mcuda-cpp HalfKA2[0m [1;33mvalidation detail[0m: positions=300,000, batch_size=8,192, load/cache=0.000s, weight_fold=0.196s, context=0.000s, weight_upload=0.038s, batches=0.590s, metrics=0.005s, total=0.829s
  [2mcuda-cpp SFNN[0m [1;36m[progress][0m  [1;36mepoch 7[0m  [1;33msb 36/108[0m  [33mthis-sb=39,976,960 pos (610 batches x 65,536)[0m  [36mtotal=27,344,240,640 pos[0m  [1;36mtrain_time=9752.9s[0m  [1;32mpos/s=2,803,698[0m
  [2mcuda-cpp SFNN[0m [1;33mvalidation overhead[0m: [35mreadback=0.227s[0m  [33mvalidation=0.851s[0m  [2msave=skipped[0m  [1;32mtotal=1.079s[0m
  [2mcuda-cpp SFNN[0m [33mvalidation[0m: epoch=7, superbatch=36, [35mtest_value_accuracy=0.6990067[0m, [35mtest_value_loss=0.07636969[0m, [1;36melapsed=0.851s[0m
  [2mcuda-cpp SFNN[0m [1;36m[progress][0m  [1;36mepoch 7[0m  [1;33msb 37/108[0m  [33mthis-sb=39,976,960 pos (610 batches x 65,536)[0m  [36mtotal=27,384,217,600 pos[0m  [1;36mtrain_time=9767.1s[0m  [1;32mpos/s=2,803,710[0m
  [2mcuda-cpp SFNN[0m [1;36m[progress][0m  [1;36mepoch 7[0m  [1;33msb 38/108[0m  [33mthis-sb=39,976,960 pos (610 batches x 65,536)[0m  [36mtotal=27,424,194,560 pos[0m  [1;36mtrain_time=9781.3s[0m  [1;32mpos/s=2,803,726[0m
  [2mcuda-cpp SFNN[0m [1;36m[progress][0m  [1;36mepoch 7[0m  [1;33msb 39/108[0m  [33mthis-sb=39,976,960 pos (610 batches x 65,536)[0m  [36mtotal=27,464,171,520 pos[0m  [1;36mtrain_time=9795.5s[0m  [1;32mpos/s=2,803,741[0m
  cuda-cpp HalfKA2 validation forward = gpu: positions=300000, batch_size=8192, elapsed=0.591s
  test: accuracy=69.9683% (209905/300000 decisive; draws=0 excluded; mate=0 filtered), loss=0.076291 (n=300000)
  [2mcuda-cpp HalfKA2[0m [1;33mvalidation detail[0m: positions=300,000, batch_size=8,192, load/cache=0.000s, weight_fold=0.198s, context=0.000s, weight_upload=0.040s, batches=0.591s, metrics=0.005s, total=0.834s
  [2mcuda-cpp SFNN[0m [1;36m[progress][0m  [1;36mepoch 7[0m  [1;33msb 40/108[0m  [33mthis-sb=39,976,960 pos (610 batches x 65,536)[0m  [36mtotal=27,504,148,480 pos[0m  [1;36mtrain_time=9809.8s[0m  [1;32mpos/s=2,803,754[0m
  [2mcuda-cpp SFNN[0m [1;33mvalidation overhead[0m: [35mreadback=0.230s[0m  [33mvalidation=0.857s[0m  [2msave=skipped[0m  [1;32mtotal=1.086s[0m
  [2mcuda-cpp SFNN[0m [33mvalidation[0m: epoch=7, superbatch=40, [35mtest_value_accuracy=0.6996833[0m, [35mtest_value_loss=0.07629105[0m, [1;36melapsed=0.857s[0m
  [2mcuda-cpp SFNN[0m [1;36m[progress][0m  [1;36mepoch 7[0m  [1;33msb 41/108[0m  [33mthis-sb=39,976,960 pos (610 batches x 65,536)[0m  [36mtotal=27,544,125,440 pos[0m  [1;36mtrain_time=9824.0s[0m  [1;32mpos/s=2,803,764[0m
  [2mcuda-cpp SFNN[0m [1;36m[progress][0m  [1;36mepoch 7[0m  [1;33msb 42/108[0m  [33mthis-sb=39,976,960 pos (610 batches x 65,536)[0m  [36mtotal=27,584,102,400 pos[0m  [1;36mtrain_time=9838.2s[0m  [1;32mpos/s=2,803,781[0m
  [2mcuda-cpp SFNN[0m [1;36m[progress][0m  [1;36mepoch 7[0m  [1;33msb 43/108[0m  [33mthis-sb=39,976,960 pos (610 batches x 65,536)[0m  [36mtotal=27,624,079,360 pos[0m  [1;36mtrain_time=9852.4s[0m  [1;32mpos/s=2,803,795[0m
  cuda-cpp HalfKA2 validation forward = gpu: positions=300000, batch_size=8192, elapsed=0.591s
  test: accuracy=69.9810% (209943/300000 decisive; draws=0 excluded; mate=0 filtered), loss=0.076274 (n=300000)
  [2mcuda-cpp HalfKA2[0m [1;33mvalidation detail[0m: positions=300,000, batch_size=8,192, load/cache=0.000s, weight_fold=0.197s, context=0.000s, weight_upload=0.039s, batches=0.591s, metrics=0.005s, total=0.832s
  [2mcuda-cpp SFNN[0m [1;36m[progress][0m  [1;36mepoch 7[0m  [1;33msb 44/108[0m  [33mthis-sb=39,976,960 pos (610 batches x 65,536)[0m  [36mtotal=27,664,056,320 pos[0m  [1;36mtrain_time=9866.6s[0m  [1;32mpos/s=2,803,807[0m
  [2mcuda-cpp SFNN[0m [1;33mvalidation overhead[0m: [35mreadback=0.235s[0m  [33mvalidation=0.856s[0m  [2msave=skipped[0m  [1;32mtotal=1.091s[0m
  [2mcuda-cpp SFNN[0m [33mvalidation[0m: epoch=7, superbatch=44, [35mtest_value_accuracy=0.6998100[0m, [35mtest_value_loss=0.07627449[0m, [1;36melapsed=0.856s[0m
  [2mcuda-cpp SFNN[0m [1;36m[progress][0m  [1;36mepoch 7[0m  [1;33msb 45/108[0m  [33mthis-sb=39,976,960 pos (610 batches x 65,536)[0m  [36mtotal=27,704,033,280 pos[0m  [1;36mtrain_time=9880.8s[0m  [1;32mpos/s=2,803,822[0m
  [2mcuda-cpp SFNN[0m [1;36m[progress][0m  [1;36mepoch 7[0m  [1;33msb 46/108[0m  [33mthis-sb=39,976,960 pos (610 batches x 65,536)[0m  [36mtotal=27,744,010,240 pos[0m  [1;36mtrain_time=9895.0s[0m  [1;32mpos/s=2,803,840[0m
  [2mcuda-cpp SFNN[0m [1;36m[progress][0m  [1;36mepoch 7[0m  [1;33msb 47/108[0m  [33mthis-sb=39,976,960 pos (610 batches x 65,536)[0m  [36mtotal=27,783,987,200 pos[0m  [1;36mtrain_time=9909.2s[0m  [1;32mpos/s=2,803,853[0m
  cuda-cpp HalfKA2 validation forward = gpu: positions=300000, batch_size=8192, elapsed=0.592s
  test: accuracy=70.0400% (210120/300000 decisive; draws=0 excluded; mate=0 filtered), loss=0.076283 (n=300000)
  [2mcuda-cpp HalfKA2[0m [1;33mvalidation detail[0m: positions=300,000, batch_size=8,192, load/cache=0.000s, weight_fold=0.197s, context=0.000s, weight_upload=0.041s, batches=0.592s, metrics=0.005s, total=0.835s
  [2mcuda-cpp SFNN[0m [1;36m[progress][0m  [1;36mepoch 7[0m  [1;33msb 48/108[0m  [33mthis-sb=39,976,960 pos (610 batches x 65,536)[0m  [36mtotal=27,823,964,160 pos[0m  [1;36mtrain_time=9923.4s[0m  [1;32mpos/s=2,803,866[0m
  [2mcuda-cpp SFNN[0m [1;33mvalidation overhead[0m: [35mreadback=0.230s[0m  [33mvalidation=0.858s[0m  [2msave=skipped[0m  [1;32mtotal=1.087s[0m
  [2mcuda-cpp SFNN[0m [33mvalidation[0m: epoch=7, superbatch=48, [35mtest_value_accuracy=0.7004000[0m, [35mtest_value_loss=0.07628340[0m, [1;36melapsed=0.858s[0m
  [2mcuda-cpp SFNN[0m [1;36m[progress][0m  [1;36mepoch 7[0m  [1;33msb 49/108[0m  [33mthis-sb=39,976,960 pos (610 batches x 65,536)[0m  [36mtotal=27,863,941,120 pos[0m  [1;36mtrain_time=9937.7s[0m  [1;32mpos/s=2,803,876[0m
  [2mcuda-cpp SFNN[0m [1;36m[progress][0m  [1;36mepoch 7[0m  [1;33msb 50/108[0m  [33mthis-sb=39,976,960 pos (610 batches x 65,536)[0m  [36mtotal=27,903,918,080 pos[0m  [1;36mtrain_time=9951.9s[0m  [1;32mpos/s=2,803,888[0m
  [2mcuda-cpp SFNN[0m [1;36m[progress][0m  [1;36mepoch 7[0m  [1;33msb 51/108[0m  [33mthis-sb=39,976,960 pos (610 batches x 65,536)[0m  [36mtotal=27,943,895,040 pos[0m  [1;36mtrain_time=9966.1s[0m  [1;32mpos/s=2,803,899[0m
  cuda-cpp HalfKA2 validation forward = gpu: positions=300000, batch_size=8192, elapsed=0.594s
  test: accuracy=70.0110% (210033/300000 decisive; draws=0 excluded; mate=0 filtered), loss=0.076244 (n=300000)
  [2mcuda-cpp HalfKA2[0m [1;33mvalidation detail[0m: positions=300,000, batch_size=8,192, load/cache=0.000s, weight_fold=0.197s, context=0.001s, weight_upload=0.040s, batches=0.594s, metrics=0.005s, total=0.836s
  [2mcuda-cpp SFNN[0m [1;36m[progress][0m  [1;36mepoch 7[0m  [1;33msb 52/108[0m  [33mthis-sb=39,976,960 pos (610 batches x 65,536)[0m  [36mtotal=27,983,872,000 pos[0m  [1;36mtrain_time=9980.3s[0m  [1;32mpos/s=2,803,911[0m
  [2mcuda-cpp SFNN[0m [1;33mvalidation overhead[0m: [35mreadback=0.229s[0m  [33mvalidation=0.860s[0m  [2msave=skipped[0m  [1;32mtotal=1.088s[0m
  [2mcuda-cpp SFNN[0m [33mvalidation[0m: epoch=7, superbatch=52, [35mtest_value_accuracy=0.7001100[0m, [35mtest_value_loss=0.07624413[0m, [1;36melapsed=0.860s[0m
  [2mcuda-cpp SFNN[0m [1;36m[progress][0m  [1;36mepoch 7[0m  [1;33msb 53/108[0m  [33mthis-sb=39,976,960 pos (610 batches x 65,536)[0m  [36mtotal=28,023,848,960 pos[0m  [1;36mtrain_time=9994.5s[0m  [1;32mpos/s=2,803,917[0m
  [2mcuda-cpp SFNN[0m [1;36m[progress][0m  [1;36mepoch 7[0m  [1;33msb 54/108[0m  [33mthis-sb=39,976,960 pos (610 batches x 65,536)[0m  [36mtotal=28,063,825,920 pos[0m  [1;36mtrain_time=10008.8s[0m  [1;32mpos/s=2,803,929[0m
  [2mcuda-cpp SFNN[0m [1;36m[progress][0m  [1;36mepoch 7[0m  [1;33msb 55/108[0m  [33mthis-sb=39,976,960 pos (610 batches x 65,536)[0m  [36mtotal=28,103,802,880 pos[0m  [1;36mtrain_time=10023.0s[0m  [1;32mpos/s=2,803,942[0m
  cuda-cpp HalfKA2 validation forward = gpu: positions=300000, batch_size=8192, elapsed=0.596s
  test: accuracy=70.0247% (210074/300000 decisive; draws=0 excluded; mate=0 filtered), loss=0.076473 (n=300000)
  [2mcuda-cpp HalfKA2[0m [1;33mvalidation detail[0m: positions=300,000, batch_size=8,192, load/cache=0.000s, weight_fold=0.192s, context=0.000s, weight_upload=0.041s, batches=0.596s, metrics=0.005s, total=0.834s
  [2mcuda-cpp SFNN[0m [1;36m[progress][0m  [1;36mepoch 7[0m  [1;33msb 56/108[0m  [33mthis-sb=39,976,960 pos (610 batches x 65,536)[0m  [36mtotal=28,143,779,840 pos[0m  [1;36mtrain_time=10037.2s[0m  [1;32mpos/s=2,803,954[0m
  [2mcuda-cpp SFNN[0m [1;33mvalidation overhead[0m: [35mreadback=0.226s[0m  [33mvalidation=0.862s[0m  [2msave=skipped[0m  [1;32mtotal=1.089s[0m
  [2mcuda-cpp SFNN[0m [33mvalidation[0m: epoch=7, superbatch=56, [35mtest_value_accuracy=0.7002467[0m, [35mtest_value_loss=0.07647341[0m, [1;36melapsed=0.862s[0m
  [2mcuda-cpp SFNN[0m [1;36m[progress][0m  [1;36mepoch 7[0m  [1;33msb 57/108[0m  [33mthis-sb=39,976,960 pos (610 batches x 65,536)[0m  [36mtotal=28,183,756,800 pos[0m  [1;36mtrain_time=10051.4s[0m  [1;32mpos/s=2,803,958[0m
  [2mcuda-cpp SFNN[0m [1;36m[progress][0m  [1;36mepoch 7[0m  [1;33msb 58/108[0m  [33mthis-sb=39,976,960 pos (610 batches x 65,536)[0m  [36mtotal=28,223,733,760 pos[0m  [1;36mtrain_time=10065.6s[0m  [1;32mpos/s=2,803,972[0m
  [2mcuda-cpp SFNN[0m [1;36m[progress][0m  [1;36mepoch 7[0m  [1;33msb 59/108[0m  [33mthis-sb=39,976,960 pos (610 batches x 65,536)[0m  [36mtotal=28,263,710,720 pos[0m  [1;36mtrain_time=10079.9s[0m  [1;32mpos/s=2,803,980[0m
  cuda-cpp HalfKA2 validation forward = gpu: positions=300000, batch_size=8192, elapsed=0.609s
  test: accuracy=70.1143% (210343/300000 decisive; draws=0 excluded; mate=0 filtered), loss=0.076318 (n=300000)
  [2mcuda-cpp HalfKA2[0m [1;33mvalidation detail[0m: positions=300,000, batch_size=8,192, load/cache=0.000s, weight_fold=0.198s, context=0.000s, weight_upload=0.040s, batches=0.609s, metrics=0.005s, total=0.853s
  [2mcuda-cpp SFNN[0m [1;36m[progress][0m  [1;36mepoch 7[0m  [1;33msb 60/108[0m  [33mthis-sb=39,976,960 pos (610 batches x 65,536)[0m  [36mtotal=28,303,687,680 pos[0m  [1;36mtrain_time=10094.1s[0m  [1;32mpos/s=2,803,992[0m
  [2mcuda-cpp SFNN[0m [1;33mvalidation overhead[0m: [35mreadback=0.226s[0m  [33mvalidation=0.876s[0m  [2msave=skipped[0m  [1;32mtotal=1.102s[0m
  [2mcuda-cpp SFNN[0m [33mvalidation[0m: epoch=7, superbatch=60, [35mtest_value_accuracy=0.7011433[0m, [35mtest_value_loss=0.07631791[0m, [1;36melapsed=0.876s[0m
  [2mcuda-cpp SFNN[0m [1;36m[progress][0m  [1;36mepoch 7[0m  [1;33msb 61/108[0m  [33mthis-sb=39,976,960 pos (610 batches x 65,536)[0m  [36mtotal=28,343,664,640 pos[0m  [1;36mtrain_time=10108.3s[0m  [1;32mpos/s=2,803,999[0m
  [2mcuda-cpp SFNN[0m [1;36m[progress][0m  [1;36mepoch 7[0m  [1;33msb 62/108[0m  [33mthis-sb=39,976,960 pos (610 batches x 65,536)[0m  [36mtotal=28,383,641,600 pos[0m  [1;36mtrain_time=10122.5s[0m  [1;32mpos/s=2,804,011[0m
  [2mcuda-cpp SFNN[0m [1;36m[progress][0m  [1;36mepoch 7[0m  [1;33msb 63/108[0m  [33mthis-sb=39,976,960 pos (610 batches x 65,536)[0m  [36mtotal=28,423,618,560 pos[0m  [1;36mtrain_time=10136.7s[0m  [1;32mpos/s=2,804,021[0m
  cuda-cpp HalfKA2 validation forward = gpu: positions=300000, batch_size=8192, elapsed=0.598s
  test: accuracy=70.0843% (210253/300000 decisive; draws=0 excluded; mate=0 filtered), loss=0.076407 (n=300000)
  [2mcuda-cpp HalfKA2[0m [1;33mvalidation detail[0m: positions=300,000, batch_size=8,192, load/cache=0.000s, weight_fold=0.197s, context=0.000s, weight_upload=0.041s, batches=0.598s, metrics=0.005s, total=0.841s
  [2mcuda-cpp SFNN[0m [1;36m[progress][0m  [1;36mepoch 7[0m  [1;33msb 64/108[0m  [33mthis-sb=39,976,960 pos (610 batches x 65,536)[0m  [36mtotal=28,463,595,520 pos[0m  [1;36mtrain_time=10151.0s[0m  [1;32mpos/s=2,804,029[0m
  [2mcuda-cpp SFNN[0m [1;33mvalidation overhead[0m: [35mreadback=0.233s[0m  [33mvalidation=0.868s[0m  [2msave=skipped[0m  [1;32mtotal=1.101s[0m
  [2mcuda-cpp SFNN[0m [33mvalidation[0m: epoch=7, superbatch=64, [35mtest_value_accuracy=0.7008433[0m, [35mtest_value_loss=0.07640670[0m, [1;36melapsed=0.868s[0m
  [2mcuda-cpp SFNN[0m [1;36m[progress][0m  [1;36mepoch 7[0m  [1;33msb 65/108[0m  [33mthis-sb=39,976,960 pos (610 batches x 65,536)[0m  [36mtotal=28,503,572,480 pos[0m  [1;36mtrain_time=10165.2s[0m  [1;32mpos/s=2,804,036[0m
  [2mcuda-cpp SFNN[0m [1;36m[progress][0m  [1;36mepoch 7[0m  [1;33msb 66/108[0m  [33mthis-sb=39,976,960 pos (610 batches x 65,536)[0m  [36mtotal=28,543,549,440 pos[0m  [1;36mtrain_time=10179.4s[0m  [1;32mpos/s=2,804,046[0m
  [2mcuda-cpp SFNN[0m [1;36m[progress][0m  [1;36mepoch 7[0m  [1;33msb 67/108[0m  [33mthis-sb=39,976,960 pos (610 batches x 65,536)[0m  [36mtotal=28,583,526,400 pos[0m  [1;36mtrain_time=10193.6s[0m  [1;32mpos/s=2,804,057[0m
  cuda-cpp HalfKA2 validation forward = gpu: positions=300000, batch_size=8192, elapsed=0.597s
  test: accuracy=70.0730% (210219/300000 decisive; draws=0 excluded; mate=0 filtered), loss=0.076345 (n=300000)
  [2mcuda-cpp HalfKA2[0m [1;33mvalidation detail[0m: positions=300,000, batch_size=8,192, load/cache=0.000s, weight_fold=0.197s, context=0.000s, weight_upload=0.041s, batches=0.597s, metrics=0.005s, total=0.840s
  [2mcuda-cpp SFNN[0m [1;36m[progress][0m  [1;36mepoch 7[0m  [1;33msb 68/108[0m  [33mthis-sb=39,976,960 pos (610 batches x 65,536)[0m  [36mtotal=28,623,503,360 pos[0m  [1;36mtrain_time=10207.9s[0m  [1;32mpos/s=2,804,067[0m
  [2mcuda-cpp SFNN[0m [1;33mvalidation overhead[0m: [35mreadback=0.233s[0m  [33mvalidation=0.863s[0m  [2msave=skipped[0m  [1;32mtotal=1.096s[0m
  [2mcuda-cpp SFNN[0m [33mvalidation[0m: epoch=7, superbatch=68, [35mtest_value_accuracy=0.7007300[0m, [35mtest_value_loss=0.07634477[0m, [1;36melapsed=0.863s[0m
  [2mcuda-cpp SFNN[0m [1;36m[progress][0m  [1;36mepoch 7[0m  [1;33msb 69/108[0m  [33mthis-sb=39,976,960 pos (610 batches x 65,536)[0m  [36mtotal=28,663,480,320 pos[0m  [1;36mtrain_time=10222.1s[0m  [1;32mpos/s=2,804,073[0m
  [2mcuda-cpp SFNN[0m [1;36m[progress][0m  [1;36mepoch 7[0m  [1;33msb 70/108[0m  [33mthis-sb=39,976,960 pos (610 batches x 65,536)[0m  [36mtotal=28,703,457,280 pos[0m  [1;36mtrain_time=10236.3s[0m  [1;32mpos/s=2,804,087[0m
  [2mcuda-cpp SFNN[0m [1;36m[progress][0m  [1;36mepoch 7[0m  [1;33msb 71/108[0m  [33mthis-sb=39,976,960 pos (610 batches x 65,536)[0m  [36mtotal=28,743,434,240 pos[0m  [1;36mtrain_time=10250.5s[0m  [1;32mpos/s=2,804,098[0m
  cuda-cpp HalfKA2 validation forward = gpu: positions=300000, batch_size=8192, elapsed=0.591s
  test: accuracy=70.1130% (210339/300000 decisive; draws=0 excluded; mate=0 filtered), loss=0.076244 (n=300000)
  [2mcuda-cpp HalfKA2[0m [1;33mvalidation detail[0m: positions=300,000, batch_size=8,192, load/cache=0.000s, weight_fold=0.194s, context=0.000s, weight_upload=0.038s, batches=0.591s, metrics=0.005s, total=0.828s
  [2mcuda-cpp SFNN[0m [1;36m[progress][0m  [1;36mepoch 7[0m  [1;33msb 72/108[0m  [33mthis-sb=39,976,960 pos (610 batches x 65,536)[0m  [36mtotal=28,783,411,200 pos[0m  [1;36mtrain_time=10264.7s[0m  [1;32mpos/s=2,804,114[0m
  [2mcuda-cpp SFNN[0m [1;33mvalidation overhead[0m: [35mreadback=0.228s[0m  [33mvalidation=0.855s[0m  [2msave=skipped[0m  [1;32mtotal=1.083s[0m
  [2mcuda-cpp SFNN[0m [33mvalidation[0m: epoch=7, superbatch=72, [35mtest_value_accuracy=0.7011300[0m, [35mtest_value_loss=0.07624361[0m, [1;36melapsed=0.855s[0m
  [2mcuda-cpp SFNN[0m [1;36m[progress][0m  [1;36mepoch 7[0m  [1;33msb 73/108[0m  [33mthis-sb=39,976,960 pos (610 batches x 65,536)[0m  [36mtotal=28,823,388,160 pos[0m  [1;36mtrain_time=10278.9s[0m  [1;32mpos/s=2,804,122[0m
  [2mcuda-cpp SFNN[0m [1;36m[progress][0m  [1;36mepoch 7[0m  [1;33msb 74/108[0m  [33mthis-sb=39,976,960 pos (610 batches x 65,536)[0m  [36mtotal=28,863,365,120 pos[0m  [1;36mtrain_time=10293.1s[0m  [1;32mpos/s=2,804,134[0m
  [2mcuda-cpp SFNN[0m [1;36m[progress][0m  [1;36mepoch 7[0m  [1;33msb 75/108[0m  [33mthis-sb=39,976,960 pos (610 batches x 65,536)[0m  [36mtotal=28,903,342,080 pos[0m  [1;36mtrain_time=10307.4s[0m  [1;32mpos/s=2,804,145[0m
  cuda-cpp HalfKA2 validation forward = gpu: positions=300000, batch_size=8192, elapsed=0.593s
  test: accuracy=70.0983% (210295/300000 decisive; draws=0 excluded; mate=0 filtered), loss=0.076051 (n=300000)
  [2mcuda-cpp HalfKA2[0m [1;33mvalidation detail[0m: positions=300,000, batch_size=8,192, load/cache=0.000s, weight_fold=0.195s, context=0.000s, weight_upload=0.043s, batches=0.593s, metrics=0.005s, total=0.837s
  [2mcuda-cpp SFNN[0m [1;36m[progress][0m  [1;36mepoch 7[0m  [1;33msb 76/108[0m  [33mthis-sb=39,976,960 pos (610 batches x 65,536)[0m  [36mtotal=28,943,319,040 pos[0m  [1;36mtrain_time=10321.6s[0m  [1;32mpos/s=2,804,155[0m
  [2mcuda-cpp SFNN[0m [1;33mvalidation overhead[0m: [35mreadback=0.230s[0m  [33mvalidation=0.858s[0m  [2msave=skipped[0m  [1;32mtotal=1.088s[0m
  [2mcuda-cpp SFNN[0m [33mvalidation[0m: epoch=7, superbatch=76, [35mtest_value_accuracy=0.7009833[0m, [35mtest_value_loss=0.07605086[0m, [1;36melapsed=0.858s[0m
  [2mcuda-cpp SFNN[0m [1;36m[progress][0m  [1;36mepoch 7[0m  [1;33msb 77/108[0m  [33mthis-sb=39,976,960 pos (610 batches x 65,536)[0m  [36mtotal=28,983,296,000 pos[0m  [1;36mtrain_time=10335.8s[0m  [1;32mpos/s=2,804,161[0m
  [2mcuda-cpp SFNN[0m [1;36m[progress][0m  [1;36mepoch 7[0m  [1;33msb 78/108[0m  [33mthis-sb=39,976,960 pos (610 batches x 65,536)[0m  [36mtotal=29,023,272,960 pos[0m  [1;36mtrain_time=10350.0s[0m  [1;32mpos/s=2,804,176[0m
  [2mcuda-cpp SFNN[0m [1;36m[progress][0m  [1;36mepoch 7[0m  [1;33msb 79/108[0m  [33mthis-sb=39,976,960 pos (610 batches x 65,536)[0m  [36mtotal=29,063,249,920 pos[0m  [1;36mtrain_time=10364.2s[0m  [1;32mpos/s=2,804,187[0m
  cuda-cpp HalfKA2 validation forward = gpu: positions=300000, batch_size=8192, elapsed=0.610s
  test: accuracy=70.1127% (210338/300000 decisive; draws=0 excluded; mate=0 filtered), loss=0.076137 (n=300000)
  [2mcuda-cpp HalfKA2[0m [1;33mvalidation detail[0m: positions=300,000, batch_size=8,192, load/cache=0.000s, weight_fold=0.191s, context=0.000s, weight_upload=0.040s, batches=0.610s, metrics=0.005s, total=0.847s
  [2mcuda-cpp SFNN[0m [1;36m[progress][0m  [1;36mepoch 7[0m  [1;33msb 80/108[0m  [33mthis-sb=39,976,960 pos (610 batches x 65,536)[0m  [36mtotal=29,103,226,880 pos[0m  [1;36mtrain_time=10378.5s[0m  [1;32mpos/s=2,804,196[0m
  [2mcuda-cpp SFNN[0m [1;33mvalidation overhead[0m: [35mreadback=0.226s[0m  [33mvalidation=0.872s[0m  [2msave=skipped[0m  [1;32mtotal=1.098s[0m
  [2mcuda-cpp SFNN[0m [33mvalidation[0m: epoch=7, superbatch=80, [35mtest_value_accuracy=0.7011267[0m, [35mtest_value_loss=0.07613696[0m, [1;36melapsed=0.872s[0m
  [2mcuda-cpp SFNN[0m [1;36m[progress][0m  [1;36mepoch 7[0m  [1;33msb 81/108[0m  [33mthis-sb=39,976,960 pos (610 batches x 65,536)[0m  [36mtotal=29,143,203,840 pos[0m  [1;36mtrain_time=10392.7s[0m  [1;32mpos/s=2,804,205[0m
  [2mcuda-cpp SFNN[0m [1;36m[progress][0m  [1;36mepoch 7[0m  [1;33msb 82/108[0m  [33mthis-sb=39,976,960 pos (610 batches x 65,536)[0m  [36mtotal=29,183,180,800 pos[0m  [1;36mtrain_time=10406.9s[0m  [1;32mpos/s=2,804,216[0m
  [2mcuda-cpp SFNN[0m [1;36m[progress][0m  [1;36mepoch 7[0m  [1;33msb 83/108[0m  [33mthis-sb=39,976,960 pos (610 batches x 65,536)[0m  [36mtotal=29,223,157,760 pos[0m  [1;36mtrain_time=10421.1s[0m  [1;32mpos/s=2,804,223[0m
  cuda-cpp HalfKA2 validation forward = gpu: positions=300000, batch_size=8192, elapsed=0.590s
  test: accuracy=70.1520% (210456/300000 decisive; draws=0 excluded; mate=0 filtered), loss=0.076044 (n=300000)
  [2mcuda-cpp HalfKA2[0m [1;33mvalidation detail[0m: positions=300,000, batch_size=8,192, load/cache=0.000s, weight_fold=0.193s, context=0.000s, weight_upload=0.040s, batches=0.590s, metrics=0.005s, total=0.828s
  [2mcuda-cpp SFNN[0m [1;36m[progress][0m  [1;36mepoch 7[0m  [1;33msb 84/108[0m  [33mthis-sb=39,976,960 pos (610 batches x 65,536)[0m  [36mtotal=29,263,134,720 pos[0m  [1;36mtrain_time=10435.4s[0m  [1;32mpos/s=2,804,228[0m
  [2mcuda-cpp SFNN[0m [1;33mvalidation overhead[0m: [35mreadback=0.225s[0m  [33mvalidation=0.852s[0m  [2msave=skipped[0m  [1;32mtotal=1.077s[0m
  [2mcuda-cpp SFNN[0m [33mvalidation[0m: epoch=7, superbatch=84, [35mtest_value_accuracy=0.7015200[0m, [35mtest_value_loss=0.07604436[0m, [1;36melapsed=0.852s[0m
  [2mcuda-cpp SFNN[0m [1;36m[progress][0m  [1;36mepoch 7[0m  [1;33msb 85/108[0m  [33mthis-sb=39,976,960 pos (610 batches x 65,536)[0m  [36mtotal=29,303,111,680 pos[0m  [1;36mtrain_time=10449.6s[0m  [1;32mpos/s=2,804,233[0m
  [2mcuda-cpp SFNN[0m [1;36m[progress][0m  [1;36mepoch 7[0m  [1;33msb 86/108[0m  [33mthis-sb=39,976,960 pos (610 batches x 65,536)[0m  [36mtotal=29,343,088,640 pos[0m  [1;36mtrain_time=10463.8s[0m  [1;32mpos/s=2,804,237[0m
  [2mcuda-cpp SFNN[0m [1;36m[progress][0m  [1;36mepoch 7[0m  [1;33msb 87/108[0m  [33mthis-sb=39,976,960 pos (610 batches x 65,536)[0m  [36mtotal=29,383,065,600 pos[0m  [1;36mtrain_time=10478.1s[0m  [1;32mpos/s=2,804,247[0m
  cuda-cpp HalfKA2 validation forward = gpu: positions=300000, batch_size=8192, elapsed=0.594s
  test: accuracy=70.1173% (210352/300000 decisive; draws=0 excluded; mate=0 filtered), loss=0.076202 (n=300000)
  [2mcuda-cpp HalfKA2[0m [1;33mvalidation detail[0m: positions=300,000, batch_size=8,192, load/cache=0.000s, weight_fold=0.190s, context=0.000s, weight_upload=0.042s, batches=0.594s, metrics=0.005s, total=0.831s
  [2mcuda-cpp SFNN[0m [1;36m[progress][0m  [1;36mepoch 7[0m  [1;33msb 88/108[0m  [33mthis-sb=39,976,960 pos (610 batches x 65,536)[0m  [36mtotal=29,423,042,560 pos[0m  [1;36mtrain_time=10492.3s[0m  [1;32mpos/s=2,804,254[0m
  [2mcuda-cpp SFNN[0m [1;33mvalidation overhead[0m: [35mreadback=0.224s[0m  [33mvalidation=0.851s[0m  [2msave=skipped[0m  [1;32mtotal=1.076s[0m
  [2mcuda-cpp SFNN[0m [33mvalidation[0m: epoch=7, superbatch=88, [35mtest_value_accuracy=0.7011733[0m, [35mtest_value_loss=0.07620200[0m, [1;36melapsed=0.851s[0m
  [2mcuda-cpp SFNN[0m [1;36m[progress][0m  [1;36mepoch 7[0m  [1;33msb 89/108[0m  [33mthis-sb=39,976,960 pos (610 batches x 65,536)[0m  [36mtotal=29,463,019,520 pos[0m  [1;36mtrain_time=10506.5s[0m  [1;32mpos/s=2,804,259[0m
  [2mcuda-cpp SFNN[0m [1;36m[progress][0m  [1;36mepoch 7[0m  [1;33msb 90/108[0m  [33mthis-sb=39,976,960 pos (610 batches x 65,536)[0m  [36mtotal=29,502,996,480 pos[0m  [1;36mtrain_time=10520.8s[0m  [1;32mpos/s=2,804,267[0m
  [2mcuda-cpp SFNN[0m [1;36m[progress][0m  [1;36mepoch 7[0m  [1;33msb 91/108[0m  [33mthis-sb=39,976,960 pos (610 batches x 65,536)[0m  [36mtotal=29,542,973,440 pos[0m  [1;36mtrain_time=10535.0s[0m  [1;32mpos/s=2,804,274[0m
  cuda-cpp HalfKA2 validation forward = gpu: positions=300000, batch_size=8192, elapsed=0.594s
  test: accuracy=70.1223% (210367/300000 decisive; draws=0 excluded; mate=0 filtered), loss=0.075930 (n=300000)
  [2mcuda-cpp HalfKA2[0m [1;33mvalidation detail[0m: positions=300,000, batch_size=8,192, load/cache=0.000s, weight_fold=0.192s, context=0.000s, weight_upload=0.038s, batches=0.594s, metrics=0.005s, total=0.829s
  [2mcuda-cpp SFNN[0m [1;36m[progress][0m  [1;36mepoch 7[0m  [1;33msb 92/108[0m  [33mthis-sb=39,976,960 pos (610 batches x 65,536)[0m  [36mtotal=29,582,950,400 pos[0m  [1;36mtrain_time=10549.2s[0m  [1;32mpos/s=2,804,277[0m
  [2mcuda-cpp SFNN[0m [1;33mvalidation overhead[0m: [35mreadback=0.222s[0m  [33mvalidation=0.849s[0m  [2msave=skipped[0m  [1;32mtotal=1.072s[0m
  [2mcuda-cpp SFNN[0m [33mvalidation[0m: epoch=7, superbatch=92, [35mtest_value_accuracy=0.7012233[0m, [35mtest_value_loss=0.07593008[0m, [1;36melapsed=0.849s[0m
  [2mcuda-cpp SFNN[0m [1;36m[progress][0m  [1;36mepoch 7[0m  [1;33msb 93/108[0m  [33mthis-sb=39,976,960 pos (610 batches x 65,536)[0m  [36mtotal=29,622,927,360 pos[0m  [1;36mtrain_time=10563.5s[0m  [1;32mpos/s=2,804,283[0m
  [2mcuda-cpp SFNN[0m [1;36m[progress][0m  [1;36mepoch 7[0m  [1;33msb 94/108[0m  [33mthis-sb=39,976,960 pos (610 batches x 65,536)[0m  [36mtotal=29,662,904,320 pos[0m  [1;36mtrain_time=10577.7s[0m  [1;32mpos/s=2,804,292[0m
  [2mcuda-cpp SFNN[0m [1;36m[progress][0m  [1;36mepoch 7[0m  [1;33msb 95/108[0m  [33mthis-sb=39,976,960 pos (610 batches x 65,536)[0m  [36mtotal=29,702,881,280 pos[0m  [1;36mtrain_time=10591.9s[0m  [1;32mpos/s=2,804,300[0m
  cuda-cpp HalfKA2 validation forward = gpu: positions=300000, batch_size=8192, elapsed=0.605s
  test: accuracy=70.1090% (210327/300000 decisive; draws=0 excluded; mate=0 filtered), loss=0.076131 (n=300000)
  [2mcuda-cpp HalfKA2[0m [1;33mvalidation detail[0m: positions=300,000, batch_size=8,192, load/cache=0.000s, weight_fold=0.190s, context=0.000s, weight_upload=0.040s, batches=0.605s, metrics=0.005s, total=0.840s
  [2mcuda-cpp SFNN[0m [1;36m[progress][0m  [1;36mepoch 7[0m  [1;33msb 96/108[0m  [33mthis-sb=39,976,960 pos (610 batches x 65,536)[0m  [36mtotal=29,742,858,240 pos[0m  [1;36mtrain_time=10606.1s[0m  [1;32mpos/s=2,804,309[0m
  [2mcuda-cpp SFNN[0m [1;33mvalidation overhead[0m: [35mreadback=0.224s[0m  [33mvalidation=0.860s[0m  [2msave=skipped[0m  [1;32mtotal=1.084s[0m
  [2mcuda-cpp SFNN[0m [33mvalidation[0m: epoch=7, superbatch=96, [35mtest_value_accuracy=0.7010900[0m, [35mtest_value_loss=0.07613133[0m, [1;36melapsed=0.860s[0m
  [2mcuda-cpp SFNN[0m [1;36m[progress][0m  [1;36mepoch 7[0m  [1;33msb 97/108[0m  [33mthis-sb=39,976,960 pos (610 batches x 65,536)[0m  [36mtotal=29,782,835,200 pos[0m  [1;36mtrain_time=10620.4s[0m  [1;32mpos/s=2,804,317[0m
  [2mcuda-cpp SFNN[0m [1;36m[progress][0m  [1;36mepoch 7[0m  [1;33msb 98/108[0m  [33mthis-sb=39,976,960 pos (610 batches x 65,536)[0m  [36mtotal=29,822,812,160 pos[0m  [1;36mtrain_time=10634.6s[0m  [1;32mpos/s=2,804,327[0m
  [2mcuda-cpp SFNN[0m [1;36m[progress][0m  [1;36mepoch 7[0m  [1;33msb 99/108[0m  [33mthis-sb=39,976,960 pos (610 batches x 65,536)[0m  [36mtotal=29,862,789,120 pos[0m  [1;36mtrain_time=10648.8s[0m  [1;32mpos/s=2,804,338[0m
  cuda-cpp HalfKA2 validation forward = gpu: positions=300000, batch_size=8192, elapsed=0.589s
  test: accuracy=70.0810% (210243/300000 decisive; draws=0 excluded; mate=0 filtered), loss=0.075924 (n=300000)
  [2mcuda-cpp HalfKA2[0m [1;33mvalidation detail[0m: positions=300,000, batch_size=8,192, load/cache=0.000s, weight_fold=0.194s, context=0.000s, weight_upload=0.040s, batches=0.589s, metrics=0.005s, total=0.829s
  [2mcuda-cpp SFNN[0m [1;36m[progress][0m  [1;36mepoch 7[0m  [1;33msb 100/108[0m  [33mthis-sb=39,976,960 pos (610 batches x 65,536)[0m  [36mtotal=29,902,766,080 pos[0m  [1;36mtrain_time=10663.0s[0m  [1;32mpos/s=2,804,348[0m
  [2mcuda-cpp SFNN[0m [1;33mvalidation overhead[0m: [35mreadback=0.234s[0m  [33mvalidation=0.857s[0m  [2msave=skipped[0m  [1;32mtotal=1.091s[0m
  [2mcuda-cpp SFNN[0m [33mvalidation[0m: epoch=7, superbatch=100, [35mtest_value_accuracy=0.7008100[0m, [35mtest_value_loss=0.07592441[0m, [1;36melapsed=0.857s[0m
  [2mcuda-cpp SFNN[0m [1;36m[progress][0m  [1;36mepoch 7[0m  [1;33msb 101/108[0m  [33mthis-sb=39,976,960 pos (610 batches x 65,536)[0m  [36mtotal=29,942,743,040 pos[0m  [1;36mtrain_time=10677.2s[0m  [1;32mpos/s=2,804,357[0m
  [2mcuda-cpp SFNN[0m [1;36m[progress][0m  [1;36mepoch 7[0m  [1;33msb 102/108[0m  [33mthis-sb=39,976,960 pos (610 batches x 65,536)[0m  [36mtotal=29,982,720,000 pos[0m  [1;36mtrain_time=10691.4s[0m  [1;32mpos/s=2,804,369[0m
  [2mcuda-cpp SFNN[0m [1;36m[progress][0m  [1;36mepoch 7[0m  [1;33msb 103/108[0m  [33mthis-sb=39,976,960 pos (610 batches x 65,536)[0m  [36mtotal=30,022,696,960 pos[0m  [1;36mtrain_time=10705.6s[0m  [1;32mpos/s=2,804,381[0m
  cuda-cpp HalfKA2 validation forward = gpu: positions=300000, batch_size=8192, elapsed=0.594s
  test: accuracy=70.1433% (210430/300000 decisive; draws=0 excluded; mate=0 filtered), loss=0.076122 (n=300000)
  [2mcuda-cpp HalfKA2[0m [1;33mvalidation detail[0m: positions=300,000, batch_size=8,192, load/cache=0.000s, weight_fold=0.191s, context=0.000s, weight_upload=0.044s, batches=0.594s, metrics=0.005s, total=0.834s
  [2mcuda-cpp SFNN[0m [1;36m[progress][0m  [1;36mepoch 7[0m  [1;33msb 104/108[0m  [33mthis-sb=39,976,960 pos (610 batches x 65,536)[0m  [36mtotal=30,062,673,920 pos[0m  [1;36mtrain_time=10719.8s[0m  [1;32mpos/s=2,804,394[0m
  [2mcuda-cpp SFNN[0m [1;33mvalidation overhead[0m: [35mreadback=0.228s[0m  [33mvalidation=0.858s[0m  [2msave=skipped[0m  [1;32mtotal=1.087s[0m
  [2mcuda-cpp SFNN[0m [33mvalidation[0m: epoch=7, superbatch=104, [35mtest_value_accuracy=0.7014334[0m, [35mtest_value_loss=0.07612203[0m, [1;36melapsed=0.858s[0m
  [2mcuda-cpp SFNN[0m [1;36m[progress][0m  [1;36mepoch 7[0m  [1;33msb 105/108[0m  [33mthis-sb=39,976,960 pos (610 batches x 65,536)[0m  [36mtotal=30,102,650,880 pos[0m  [1;36mtrain_time=10734.1s[0m  [1;32mpos/s=2,804,402[0m
  [2mcuda-cpp SFNN[0m [1;36m[progress][0m  [1;36mepoch 7[0m  [1;33msb 106/108[0m  [33mthis-sb=39,976,960 pos (610 batches x 65,536)[0m  [36mtotal=30,142,627,840 pos[0m  [1;36mtrain_time=10748.3s[0m  [1;32mpos/s=2,804,412[0m
  [2mcuda-cpp SFNN[0m [1;36m[progress][0m  [1;36mepoch 7[0m  [1;33msb 107/108[0m  [33mthis-sb=39,976,960 pos (610 batches x 65,536)[0m  [36mtotal=30,182,604,800 pos[0m  [1;36mtrain_time=10762.5s[0m  [1;32mpos/s=2,804,423[0m
  cuda-cpp HalfKA2 validation forward = gpu: positions=300000, batch_size=8192, elapsed=0.594s
  test: accuracy=70.1133% (210340/300000 decisive; draws=0 excluded; mate=0 filtered), loss=0.075968 (n=300000)
  [2mcuda-cpp HalfKA2[0m [1;33mvalidation detail[0m: positions=300,000, batch_size=8,192, load/cache=0.000s, weight_fold=0.191s, context=0.000s, weight_upload=0.040s, batches=0.594s, metrics=0.005s, total=0.829s
  [2mcuda-cpp SFNN[0m [1;32m[checkpoint][0m  [1;36mepoch 7[0m  [1;33msb 108/108[0m  [33mthis-sb=39,976,960 pos (610 batches x 65,536)[0m  [36mtotal=30,222,581,760 pos[0m  [1;36mtrain_time=10776.7s[0m  [1;32mpos/s=2,804,435[0m
  [2mcuda-cpp SFNN[0m [1;33mcheckpoint overhead[0m: [35mreadback=0.893s[0m  [33mvalidation=0.850s[0m  [36msave=4.579s (state.bin 2.04 GiB, 456 MiB/s)[0m  [1;32mtotal=6.322s[0m
  [2mcuda-cpp SFNN[0m [33mvalidation[0m: epoch=7, superbatch=108, [35mtest_value_accuracy=0.7011333[0m, [35mtest_value_loss=0.07596844[0m, [1;36melapsed=0.850s[0m
  [2mcuda-cpp SFNN[0m [1;36m[progress][0m  [1;36mepoch 8[0m  [1;33msb 1/108[0m  [33mthis-sb=39,976,960 pos (610 batches x 65,536)[0m  [36mtotal=30,262,558,720 pos[0m  [1;36mtrain_time=10790.9s[0m  [1;32mpos/s=2,804,442[0m
  [2mcuda-cpp SFNN[0m [1;36m[progress][0m  [1;36mepoch 8[0m  [1;33msb 2/108[0m  [33mthis-sb=39,976,960 pos (610 batches x 65,536)[0m  [36mtotal=30,302,535,680 pos[0m  [1;36mtrain_time=10805.1s[0m  [1;32mpos/s=2,804,461[0m
  [2mcuda-cpp SFNN[0m [1;36m[progress][0m  [1;36mepoch 8[0m  [1;33msb 3/108[0m  [33mthis-sb=39,976,960 pos (610 batches x 65,536)[0m  [36mtotal=30,342,512,640 pos[0m  [1;36mtrain_time=10819.3s[0m  [1;32mpos/s=2,804,478[0m
  cuda-cpp HalfKA2 validation forward = gpu: positions=300000, batch_size=8192, elapsed=0.592s
  test: accuracy=69.7340% (209202/300000 decisive; draws=0 excluded; mate=0 filtered), loss=0.076937 (n=300000)
  [2mcuda-cpp HalfKA2[0m [1;33mvalidation detail[0m: positions=300,000, batch_size=8,192, load/cache=0.000s, weight_fold=0.186s, context=0.000s, weight_upload=0.038s, batches=0.592s, metrics=0.005s, total=0.822s
  [2mcuda-cpp SFNN[0m [1;36m[progress][0m  [1;36mepoch 8[0m  [1;33msb 4/108[0m  [33mthis-sb=39,976,960 pos (610 batches x 65,536)[0m  [36mtotal=30,382,489,600 pos[0m  [1;36mtrain_time=10833.5s[0m  [1;32mpos/s=2,804,493[0m
  [2mcuda-cpp SFNN[0m [1;33mvalidation overhead[0m: [35mreadback=0.222s[0m  [33mvalidation=0.842s[0m  [2msave=skipped[0m  [1;32mtotal=1.064s[0m
  [2mcuda-cpp SFNN[0m [33mvalidation[0m: epoch=8, superbatch=4, [35mtest_value_accuracy=0.6973400[0m, [35mtest_value_loss=0.07693746[0m, [1;36melapsed=0.842s[0m
  [2mcuda-cpp SFNN[0m [1;36m[progress][0m  [1;36mepoch 8[0m  [1;33msb 5/108[0m  [33mthis-sb=39,976,960 pos (610 batches x 65,536)[0m  [36mtotal=30,422,466,560 pos[0m  [1;36mtrain_time=10847.7s[0m  [1;32mpos/s=2,804,505[0m
  [2mcuda-cpp SFNN[0m [1;36m[progress][0m  [1;36mepoch 8[0m  [1;33msb 6/108[0m  [33mthis-sb=39,976,960 pos (610 batches x 65,536)[0m  [36mtotal=30,462,443,520 pos[0m  [1;36mtrain_time=10861.9s[0m  [1;32mpos/s=2,804,516[0m
  [2mcuda-cpp SFNN[0m [1;36m[progress][0m  [1;36mepoch 8[0m  [1;33msb 7/108[0m  [33mthis-sb=39,976,960 pos (610 batches x 65,536)[0m  [36mtotal=30,502,420,480 pos[0m  [1;36mtrain_time=10876.1s[0m  [1;32mpos/s=2,804,529[0m
  cuda-cpp HalfKA2 validation forward = gpu: positions=300000, batch_size=8192, elapsed=0.594s
  test: accuracy=69.8910% (209673/300000 decisive; draws=0 excluded; mate=0 filtered), loss=0.076614 (n=300000)
  [2mcuda-cpp HalfKA2[0m [1;33mvalidation detail[0m: positions=300,000, batch_size=8,192, load/cache=0.000s, weight_fold=0.192s, context=0.000s, weight_upload=0.042s, batches=0.594s, metrics=0.005s, total=0.833s
  [2mcuda-cpp SFNN[0m [1;36m[progress][0m  [1;36mepoch 8[0m  [1;33msb 8/108[0m  [33mthis-sb=39,976,960 pos (610 batches x 65,536)[0m  [36mtotal=30,542,397,440 pos[0m  [1;36mtrain_time=10890.4s[0m  [1;32mpos/s=2,804,537[0m
  [2mcuda-cpp SFNN[0m [1;33mvalidation overhead[0m: [35mreadback=0.228s[0m  [33mvalidation=0.854s[0m  [2msave=skipped[0m  [1;32mtotal=1.082s[0m
  [2mcuda-cpp SFNN[0m [33mvalidation[0m: epoch=8, superbatch=8, [35mtest_value_accuracy=0.6989100[0m, [35mtest_value_loss=0.07661369[0m, [1;36melapsed=0.854s[0m
  [2mcuda-cpp SFNN[0m [1;36m[progress][0m  [1;36mepoch 8[0m  [1;33msb 9/108[0m  [33mthis-sb=39,976,960 pos (610 batches x 65,536)[0m  [36mtotal=30,582,374,400 pos[0m  [1;36mtrain_time=10904.6s[0m  [1;32mpos/s=2,804,546[0m
  [2mcuda-cpp SFNN[0m [1;36m[progress][0m  [1;36mepoch 8[0m  [1;33msb 10/108[0m  [33mthis-sb=39,976,960 pos (610 batches x 65,536)[0m  [36mtotal=30,622,351,360 pos[0m  [1;36mtrain_time=10918.8s[0m  [1;32mpos/s=2,804,556[0m
  [2mcuda-cpp SFNN[0m [1;36m[progress][0m  [1;36mepoch 8[0m  [1;33msb 11/108[0m  [33mthis-sb=39,976,960 pos (610 batches x 65,536)[0m  [36mtotal=30,662,328,320 pos[0m  [1;36mtrain_time=10933.0s[0m  [1;32mpos/s=2,804,567[0m
  cuda-cpp HalfKA2 validation forward = gpu: positions=300000, batch_size=8192, elapsed=0.596s
  test: accuracy=69.8547% (209564/300000 decisive; draws=0 excluded; mate=0 filtered), loss=0.076643 (n=300000)
  [2mcuda-cpp HalfKA2[0m [1;33mvalidation detail[0m: positions=300,000, batch_size=8,192, load/cache=0.000s, weight_fold=0.191s, context=0.000s, weight_upload=0.040s, batches=0.596s, metrics=0.005s, total=0.832s
  [2mcuda-cpp SFNN[0m [1;36m[progress][0m  [1;36mepoch 8[0m  [1;33msb 12/108[0m  [33mthis-sb=39,976,960 pos (610 batches x 65,536)[0m  [36mtotal=30,702,305,280 pos[0m  [1;36mtrain_time=10947.2s[0m  [1;32mpos/s=2,804,576[0m
  [2mcuda-cpp SFNN[0m [1;33mvalidation overhead[0m: [35mreadback=0.228s[0m  [33mvalidation=0.853s[0m  [2msave=skipped[0m  [1;32mtotal=1.081s[0m
  [2mcuda-cpp SFNN[0m [33mvalidation[0m: epoch=8, superbatch=12, [35mtest_value_accuracy=0.6985466[0m, [35mtest_value_loss=0.07664306[0m, [1;36melapsed=0.853s[0m
  [2mcuda-cpp SFNN[0m [1;36m[progress][0m  [1;36mepoch 8[0m  [1;33msb 13/108[0m  [33mthis-sb=39,976,960 pos (610 batches x 65,536)[0m  [36mtotal=30,742,282,240 pos[0m  [1;36mtrain_time=10961.4s[0m  [1;32mpos/s=2,804,582[0m
  [2mcuda-cpp SFNN[0m [1;36m[progress][0m  [1;36mepoch 8[0m  [1;33msb 14/108[0m  [33mthis-sb=39,976,960 pos (610 batches x 65,536)[0m  [36mtotal=30,782,259,200 pos[0m  [1;36mtrain_time=10975.6s[0m  [1;32mpos/s=2,804,596[0m
  [2mcuda-cpp SFNN[0m [1;36m[progress][0m  [1;36mepoch 8[0m  [1;33msb 15/108[0m  [33mthis-sb=39,976,960 pos (610 batches x 65,536)[0m  [36mtotal=30,822,236,160 pos[0m  [1;36mtrain_time=10989.9s[0m  [1;32mpos/s=2,804,609[0m
  cuda-cpp HalfKA2 validation forward = gpu: positions=300000, batch_size=8192, elapsed=0.592s
  test: accuracy=69.9023% (209707/300000 decisive; draws=0 excluded; mate=0 filtered), loss=0.076769 (n=300000)
  [2mcuda-cpp HalfKA2[0m [1;33mvalidation detail[0m: positions=300,000, batch_size=8,192, load/cache=0.000s, weight_fold=0.192s, context=0.000s, weight_upload=0.040s, batches=0.592s, metrics=0.005s, total=0.830s
  [2mcuda-cpp SFNN[0m [1;36m[progress][0m  [1;36mepoch 8[0m  [1;33msb 16/108[0m  [33mthis-sb=39,976,960 pos (610 batches x 65,536)[0m  [36mtotal=30,862,213,120 pos[0m  [1;36mtrain_time=11004.1s[0m  [1;32mpos/s=2,804,623[0m
  [2mcuda-cpp SFNN[0m [1;33mvalidation overhead[0m: [35mreadback=0.228s[0m  [33mvalidation=0.851s[0m  [2msave=skipped[0m  [1;32mtotal=1.079s[0m
  [2mcuda-cpp SFNN[0m [33mvalidation[0m: epoch=8, superbatch=16, [35mtest_value_accuracy=0.6990233[0m, [35mtest_value_loss=0.07676890[0m, [1;36melapsed=0.851s[0m
  [2mcuda-cpp SFNN[0m [1;36m[progress][0m  [1;36mepoch 8[0m  [1;33msb 17/108[0m  [33mthis-sb=39,976,960 pos (610 batches x 65,536)[0m  [36mtotal=30,902,190,080 pos[0m  [1;36mtrain_time=11018.3s[0m  [1;32mpos/s=2,804,634[0m
  [2mcuda-cpp SFNN[0m [1;36m[progress][0m  [1;36mepoch 8[0m  [1;33msb 18/108[0m  [33mthis-sb=39,976,960 pos (610 batches x 65,536)[0m  [36mtotal=30,942,167,040 pos[0m  [1;36mtrain_time=11032.4s[0m  [1;32mpos/s=2,804,652[0m
  [2mcuda-cpp SFNN[0m [1;36m[progress][0m  [1;36mepoch 8[0m  [1;33msb 19/108[0m  [33mthis-sb=39,976,960 pos (610 batches x 65,536)[0m  [36mtotal=30,982,144,000 pos[0m  [1;36mtrain_time=11046.6s[0m  [1;32mpos/s=2,804,668[0m
  cuda-cpp HalfKA2 validation forward = gpu: positions=300000, batch_size=8192, elapsed=0.594s
  test: accuracy=69.8970% (209691/300000 decisive; draws=0 excluded; mate=0 filtered), loss=0.076583 (n=300000)
  [2mcuda-cpp HalfKA2[0m [1;33mvalidation detail[0m: positions=300,000, batch_size=8,192, load/cache=0.000s, weight_fold=0.196s, context=0.000s, weight_upload=0.039s, batches=0.594s, metrics=0.005s, total=0.834s
  [2mcuda-cpp SFNN[0m [1;36m[progress][0m  [1;36mepoch 8[0m  [1;33msb 20/108[0m  [33mthis-sb=39,976,960 pos (610 batches x 65,536)[0m  [36mtotal=31,022,120,960 pos[0m  [1;36mtrain_time=11060.8s[0m  [1;32mpos/s=2,804,680[0m
  [2mcuda-cpp SFNN[0m [1;33mvalidation overhead[0m: [35mreadback=0.232s[0m  [33mvalidation=0.855s[0m  [2msave=skipped[0m  [1;32mtotal=1.087s[0m
  [2mcuda-cpp SFNN[0m [33mvalidation[0m: epoch=8, superbatch=20, [35mtest_value_accuracy=0.6989700[0m, [35mtest_value_loss=0.07658342[0m, [1;36melapsed=0.855s[0m
  [2mcuda-cpp SFNN[0m [1;36m[progress][0m  [1;36mepoch 8[0m  [1;33msb 21/108[0m  [33mthis-sb=39,976,960 pos (610 batches x 65,536)[0m  [36mtotal=31,062,097,920 pos[0m  [1;36mtrain_time=11075.0s[0m  [1;32mpos/s=2,804,693[0m
  [2mcuda-cpp SFNN[0m [1;36m[progress][0m  [1;36mepoch 8[0m  [1;33msb 22/108[0m  [33mthis-sb=39,976,960 pos (610 batches x 65,536)[0m  [36mtotal=31,102,074,880 pos[0m  [1;36mtrain_time=11089.2s[0m  [1;32mpos/s=2,804,710[0m
  [2mcuda-cpp SFNN[0m [1;36m[progress][0m  [1;36mepoch 8[0m  [1;33msb 23/108[0m  [33mthis-sb=39,976,960 pos (610 batches x 65,536)[0m  [36mtotal=31,142,051,840 pos[0m  [1;36mtrain_time=11103.4s[0m  [1;32mpos/s=2,804,727[0m
  cuda-cpp HalfKA2 validation forward = gpu: positions=300000, batch_size=8192, elapsed=0.594s
  test: accuracy=69.9300% (209790/300000 decisive; draws=0 excluded; mate=0 filtered), loss=0.076476 (n=300000)
  [2mcuda-cpp HalfKA2[0m [1;33mvalidation detail[0m: positions=300,000, batch_size=8,192, load/cache=0.000s, weight_fold=0.196s, context=0.000s, weight_upload=0.041s, batches=0.594s, metrics=0.005s, total=0.836s
  [2mcuda-cpp SFNN[0m [1;36m[progress][0m  [1;36mepoch 8[0m  [1;33msb 24/108[0m  [33mthis-sb=39,976,960 pos (610 batches x 65,536)[0m  [36mtotal=31,182,028,800 pos[0m  [1;36mtrain_time=11117.6s[0m  [1;32mpos/s=2,804,745[0m
  [2mcuda-cpp SFNN[0m [1;33mvalidation overhead[0m: [35mreadback=0.235s[0m  [33mvalidation=0.858s[0m  [2msave=skipped[0m  [1;32mtotal=1.093s[0m
  [2mcuda-cpp SFNN[0m [33mvalidation[0m: epoch=8, superbatch=24, [35mtest_value_accuracy=0.6993000[0m, [35mtest_value_loss=0.07647584[0m, [1;36melapsed=0.858s[0m
  [2mcuda-cpp SFNN[0m [1;36m[progress][0m  [1;36mepoch 8[0m  [1;33msb 25/108[0m  [33mthis-sb=39,976,960 pos (610 batches x 65,536)[0m  [36mtotal=31,222,005,760 pos[0m  [1;36mtrain_time=11131.8s[0m  [1;32mpos/s=2,804,754[0m
  [2mcuda-cpp SFNN[0m [1;36m[progress][0m  [1;36mepoch 8[0m  [1;33msb 26/108[0m  [33mthis-sb=39,976,960 pos (610 batches x 65,536)[0m  [36mtotal=31,261,982,720 pos[0m  [1;36mtrain_time=11146.0s[0m  [1;32mpos/s=2,804,766[0m
  [2mcuda-cpp SFNN[0m [1;36m[progress][0m  [1;36mepoch 8[0m  [1;33msb 27/108[0m  [33mthis-sb=39,976,960 pos (610 batches x 65,536)[0m  [36mtotal=31,301,959,680 pos[0m  [1;36mtrain_time=11160.2s[0m  [1;32mpos/s=2,804,781[0m
  cuda-cpp HalfKA2 validation forward = gpu: positions=300000, batch_size=8192, elapsed=0.593s
  test: accuracy=69.9413% (209824/300000 decisive; draws=0 excluded; mate=0 filtered), loss=0.076409 (n=300000)
  [2mcuda-cpp HalfKA2[0m [1;33mvalidation detail[0m: positions=300,000, batch_size=8,192, load/cache=0.000s, weight_fold=0.195s, context=0.000s, weight_upload=0.041s, batches=0.593s, metrics=0.005s, total=0.833s
  [2mcuda-cpp SFNN[0m [1;36m[progress][0m  [1;36mepoch 8[0m  [1;33msb 28/108[0m  [33mthis-sb=39,976,960 pos (610 batches x 65,536)[0m  [36mtotal=31,341,936,640 pos[0m  [1;36mtrain_time=11174.4s[0m  [1;32mpos/s=2,804,794[0m
  [2mcuda-cpp SFNN[0m [1;33mvalidation overhead[0m: [35mreadback=0.230s[0m  [33mvalidation=0.855s[0m  [2msave=skipped[0m  [1;32mtotal=1.085s[0m
  [2mcuda-cpp SFNN[0m [33mvalidation[0m: epoch=8, superbatch=28, [35mtest_value_accuracy=0.6994134[0m, [35mtest_value_loss=0.07640882[0m, [1;36melapsed=0.855s[0m
  [2mcuda-cpp SFNN[0m [1;36m[progress][0m  [1;36mepoch 8[0m  [1;33msb 29/108[0m  [33mthis-sb=39,976,960 pos (610 batches x 65,536)[0m  [36mtotal=31,381,913,600 pos[0m  [1;36mtrain_time=11188.6s[0m  [1;32mpos/s=2,804,803[0m
  [2mcuda-cpp SFNN[0m [1;36m[progress][0m  [1;36mepoch 8[0m  [1;33msb 30/108[0m  [33mthis-sb=39,976,960 pos (610 batches x 65,536)[0m  [36mtotal=31,421,890,560 pos[0m  [1;36mtrain_time=11202.8s[0m  [1;32mpos/s=2,804,821[0m
  [2mcuda-cpp SFNN[0m [1;36m[progress][0m  [1;36mepoch 8[0m  [1;33msb 31/108[0m  [33mthis-sb=39,976,960 pos (610 batches x 65,536)[0m  [36mtotal=31,461,867,520 pos[0m  [1;36mtrain_time=11217.0s[0m  [1;32mpos/s=2,804,836[0m
  cuda-cpp HalfKA2 validation forward = gpu: positions=300000, batch_size=8192, elapsed=0.594s
  test: accuracy=70.0093% (210028/300000 decisive; draws=0 excluded; mate=0 filtered), loss=0.076202 (n=300000)
  [2mcuda-cpp HalfKA2[0m [1;33mvalidation detail[0m: positions=300,000, batch_size=8,192, load/cache=0.000s, weight_fold=0.197s, context=0.000s, weight_upload=0.040s, batches=0.594s, metrics=0.005s, total=0.836s
  [2mcuda-cpp SFNN[0m [1;36m[progress][0m  [1;36mepoch 8[0m  [1;33msb 32/108[0m  [33mthis-sb=39,976,960 pos (610 batches x 65,536)[0m  [36mtotal=31,501,844,480 pos[0m  [1;36mtrain_time=11231.2s[0m  [1;32mpos/s=2,804,848[0m
  [2mcuda-cpp SFNN[0m [1;33mvalidation overhead[0m: [35mreadback=0.236s[0m  [33mvalidation=0.858s[0m  [2msave=skipped[0m  [1;32mtotal=1.093s[0m
  [2mcuda-cpp SFNN[0m [33mvalidation[0m: epoch=8, superbatch=32, [35mtest_value_accuracy=0.7000933[0m, [35mtest_value_loss=0.07620153[0m, [1;36melapsed=0.858s[0m
  [2mcuda-cpp SFNN[0m [1;36m[progress][0m  [1;36mepoch 8[0m  [1;33msb 33/108[0m  [33mthis-sb=39,976,960 pos (610 batches x 65,536)[0m  [36mtotal=31,541,821,440 pos[0m  [1;36mtrain_time=11245.4s[0m  [1;32mpos/s=2,804,862[0m
  [2mcuda-cpp SFNN[0m [1;36m[progress][0m  [1;36mepoch 8[0m  [1;33msb 34/108[0m  [33mthis-sb=39,976,960 pos (610 batches x 65,536)[0m  [36mtotal=31,581,798,400 pos[0m  [1;36mtrain_time=11259.6s[0m  [1;32mpos/s=2,804,880[0m
  [2mcuda-cpp SFNN[0m [1;36m[progress][0m  [1;36mepoch 8[0m  [1;33msb 35/108[0m  [33mthis-sb=39,976,960 pos (610 batches x 65,536)[0m  [36mtotal=31,621,775,360 pos[0m  [1;36mtrain_time=11273.8s[0m  [1;32mpos/s=2,804,897[0m
  cuda-cpp HalfKA2 validation forward = gpu: positions=300000, batch_size=8192, elapsed=0.595s
  test: accuracy=70.0180% (210054/300000 decisive; draws=0 excluded; mate=0 filtered), loss=0.076464 (n=300000)
  [2mcuda-cpp HalfKA2[0m [1;33mvalidation detail[0m: positions=300,000, batch_size=8,192, load/cache=0.000s, weight_fold=0.195s, context=0.000s, weight_upload=0.041s, batches=0.595s, metrics=0.005s, total=0.837s
  [2mcuda-cpp SFNN[0m [1;36m[progress][0m  [1;36mepoch 8[0m  [1;33msb 36/108[0m  [33mthis-sb=39,976,960 pos (610 batches x 65,536)[0m  [36mtotal=31,661,752,320 pos[0m  [1;36mtrain_time=11288.0s[0m  [1;32mpos/s=2,804,913[0m
  [2mcuda-cpp SFNN[0m [1;33mvalidation overhead[0m: [35mreadback=0.230s[0m  [33mvalidation=0.858s[0m  [2msave=skipped[0m  [1;32mtotal=1.088s[0m
  [2mcuda-cpp SFNN[0m [33mvalidation[0m: epoch=8, superbatch=36, [35mtest_value_accuracy=0.7001800[0m, [35mtest_value_loss=0.07646395[0m, [1;36melapsed=0.858s[0m
  [2mcuda-cpp SFNN[0m [1;36m[progress][0m  [1;36mepoch 8[0m  [1;33msb 37/108[0m  [33mthis-sb=39,976,960 pos (610 batches x 65,536)[0m  [36mtotal=31,701,729,280 pos[0m  [1;36mtrain_time=11302.2s[0m  [1;32mpos/s=2,804,923[0m
  [2mcuda-cpp SFNN[0m [1;36m[progress][0m  [1;36mepoch 8[0m  [1;33msb 38/108[0m  [33mthis-sb=39,976,960 pos (610 batches x 65,536)[0m  [36mtotal=31,741,706,240 pos[0m  [1;36mtrain_time=11316.4s[0m  [1;32mpos/s=2,804,940[0m
  [2mcuda-cpp SFNN[0m [1;36m[progress][0m  [1;36mepoch 8[0m  [1;33msb 39/108[0m  [33mthis-sb=39,976,960 pos (610 batches x 65,536)[0m  [36mtotal=31,781,683,200 pos[0m  [1;36mtrain_time=11330.5s[0m  [1;32mpos/s=2,804,956[0m
  cuda-cpp HalfKA2 validation forward = gpu: positions=300000, batch_size=8192, elapsed=0.592s
  test: accuracy=70.0680% (210204/300000 decisive; draws=0 excluded; mate=0 filtered), loss=0.076064 (n=300000)
  [2mcuda-cpp HalfKA2[0m [1;33mvalidation detail[0m: positions=300,000, batch_size=8,192, load/cache=0.000s, weight_fold=0.196s, context=0.000s, weight_upload=0.040s, batches=0.592s, metrics=0.005s, total=0.832s
  [2mcuda-cpp SFNN[0m [1;36m[progress][0m  [1;36mepoch 8[0m  [1;33msb 40/108[0m  [33mthis-sb=39,976,960 pos (610 batches x 65,536)[0m  [36mtotal=31,821,660,160 pos[0m  [1;36mtrain_time=11344.7s[0m  [1;32mpos/s=2,804,971[0m
  [2mcuda-cpp SFNN[0m [1;33mvalidation overhead[0m: [35mreadback=0.231s[0m  [33mvalidation=0.854s[0m  [2msave=skipped[0m  [1;32mtotal=1.085s[0m
  [2mcuda-cpp SFNN[0m [33mvalidation[0m: epoch=8, superbatch=40, [35mtest_value_accuracy=0.7006800[0m, [35mtest_value_loss=0.07606359[0m, [1;36melapsed=0.854s[0m
  [2mcuda-cpp SFNN[0m [1;36m[progress][0m  [1;36mepoch 8[0m  [1;33msb 41/108[0m  [33mthis-sb=39,976,960 pos (610 batches x 65,536)[0m  [36mtotal=31,861,637,120 pos[0m  [1;36mtrain_time=11358.9s[0m  [1;32mpos/s=2,804,982[0m
  [2mcuda-cpp SFNN[0m [1;36m[progress][0m  [1;36mepoch 8[0m  [1;33msb 42/108[0m  [33mthis-sb=39,976,960 pos (610 batches x 65,536)[0m  [36mtotal=31,901,614,080 pos[0m  [1;36mtrain_time=11373.1s[0m  [1;32mpos/s=2,804,998[0m
  [2mcuda-cpp SFNN[0m [1;36m[progress][0m  [1;36mepoch 8[0m  [1;33msb 43/108[0m  [33mthis-sb=39,976,960 pos (610 batches x 65,536)[0m  [36mtotal=31,941,591,040 pos[0m  [1;36mtrain_time=11387.3s[0m  [1;32mpos/s=2,805,014[0m
  cuda-cpp HalfKA2 validation forward = gpu: positions=300000, batch_size=8192, elapsed=0.594s
  test: accuracy=70.0340% (210102/300000 decisive; draws=0 excluded; mate=0 filtered), loss=0.076405 (n=300000)
  [2mcuda-cpp HalfKA2[0m [1;33mvalidation detail[0m: positions=300,000, batch_size=8,192, load/cache=0.000s, weight_fold=0.195s, context=0.001s, weight_upload=0.040s, batches=0.594s, metrics=0.005s, total=0.834s
  [2mcuda-cpp SFNN[0m [1;36m[progress][0m  [1;36mepoch 8[0m  [1;33msb 44/108[0m  [33mthis-sb=39,976,960 pos (610 batches x 65,536)[0m  [36mtotal=31,981,568,000 pos[0m  [1;36mtrain_time=11401.5s[0m  [1;32mpos/s=2,805,029[0m
  [2mcuda-cpp SFNN[0m [1;33mvalidation overhead[0m: [35mreadback=0.234s[0m  [33mvalidation=0.861s[0m  [2msave=skipped[0m  [1;32mtotal=1.095s[0m
  [2mcuda-cpp SFNN[0m [33mvalidation[0m: epoch=8, superbatch=44, [35mtest_value_accuracy=0.7003400[0m, [35mtest_value_loss=0.07640550[0m, [1;36melapsed=0.861s[0m
  [2mcuda-cpp SFNN[0m [1;36m[progress][0m  [1;36mepoch 8[0m  [1;33msb 45/108[0m  [33mthis-sb=39,976,960 pos (610 batches x 65,536)[0m  [36mtotal=32,021,544,960 pos[0m  [1;36mtrain_time=11415.7s[0m  [1;32mpos/s=2,805,039[0m
  [2mcuda-cpp SFNN[0m [1;36m[progress][0m  [1;36mepoch 8[0m  [1;33msb 46/108[0m  [33mthis-sb=39,976,960 pos (610 batches x 65,536)[0m  [36mtotal=32,061,521,920 pos[0m  [1;36mtrain_time=11429.9s[0m  [1;32mpos/s=2,805,057[0m
  [2mcuda-cpp SFNN[0m [1;36m[progress][0m  [1;36mepoch 8[0m  [1;33msb 47/108[0m  [33mthis-sb=39,976,960 pos (610 batches x 65,536)[0m  [36mtotal=32,101,498,880 pos[0m  [1;36mtrain_time=11444.1s[0m  [1;32mpos/s=2,805,075[0m
  cuda-cpp HalfKA2 validation forward = gpu: positions=300000, batch_size=8192, elapsed=0.591s
  test: accuracy=70.0677% (210203/300000 decisive; draws=0 excluded; mate=0 filtered), loss=0.076360 (n=300000)
  [2mcuda-cpp HalfKA2[0m [1;33mvalidation detail[0m: positions=300,000, batch_size=8,192, load/cache=0.000s, weight_fold=0.197s, context=0.000s, weight_upload=0.041s, batches=0.591s, metrics=0.005s, total=0.833s
  [2mcuda-cpp SFNN[0m [1;36m[progress][0m  [1;36mepoch 8[0m  [1;33msb 48/108[0m  [33mthis-sb=39,976,960 pos (610 batches x 65,536)[0m  [36mtotal=32,141,475,840 pos[0m  [1;36mtrain_time=11458.3s[0m  [1;32mpos/s=2,805,089[0m
  [2mcuda-cpp SFNN[0m [1;33mvalidation overhead[0m: [35mreadback=0.232s[0m  [33mvalidation=0.856s[0m  [2msave=skipped[0m  [1;32mtotal=1.088s[0m
  [2mcuda-cpp SFNN[0m [33mvalidation[0m: epoch=8, superbatch=48, [35mtest_value_accuracy=0.7006767[0m, [35mtest_value_loss=0.07636023[0m, [1;36melapsed=0.856s[0m
  [2mcuda-cpp SFNN[0m [1;36m[progress][0m  [1;36mepoch 8[0m  [1;33msb 49/108[0m  [33mthis-sb=39,976,960 pos (610 batches x 65,536)[0m  [36mtotal=32,181,452,800 pos[0m  [1;36mtrain_time=11472.5s[0m  [1;32mpos/s=2,805,100[0m
  [2mcuda-cpp SFNN[0m [1;36m[progress][0m  [1;36mepoch 8[0m  [1;33msb 50/108[0m  [33mthis-sb=39,976,960 pos (610 batches x 65,536)[0m  [36mtotal=32,221,429,760 pos[0m  [1;36mtrain_time=11486.7s[0m  [1;32mpos/s=2,805,119[0m
  [2mcuda-cpp SFNN[0m [1;36m[progress][0m  [1;36mepoch 8[0m  [1;33msb 51/108[0m  [33mthis-sb=39,976,960 pos (610 batches x 65,536)[0m  [36mtotal=32,261,406,720 pos[0m  [1;36mtrain_time=11500.8s[0m  [1;32mpos/s=2,805,138[0m
  cuda-cpp HalfKA2 validation forward = gpu: positions=300000, batch_size=8192, elapsed=0.591s
  test: accuracy=70.0737% (210221/300000 decisive; draws=0 excluded; mate=0 filtered), loss=0.076210 (n=300000)
  [2mcuda-cpp HalfKA2[0m [1;33mvalidation detail[0m: positions=300,000, batch_size=8,192, load/cache=0.000s, weight_fold=0.195s, context=0.000s, weight_upload=0.041s, batches=0.591s, metrics=0.005s, total=0.832s
  [2mcuda-cpp SFNN[0m [1;36m[progress][0m  [1;36mepoch 8[0m  [1;33msb 52/108[0m  [33mthis-sb=39,976,960 pos (610 batches x 65,536)[0m  [36mtotal=32,301,383,680 pos[0m  [1;36mtrain_time=11515.0s[0m  [1;32mpos/s=2,805,153[0m
  [2mcuda-cpp SFNN[0m [1;33mvalidation overhead[0m: [35mreadback=0.232s[0m  [33mvalidation=0.855s[0m  [2msave=skipped[0m  [1;32mtotal=1.087s[0m
  [2mcuda-cpp SFNN[0m [33mvalidation[0m: epoch=8, superbatch=52, [35mtest_value_accuracy=0.7007366[0m, [35mtest_value_loss=0.07620986[0m, [1;36melapsed=0.855s[0m
  [2mcuda-cpp SFNN[0m [1;36m[progress][0m  [1;36mepoch 8[0m  [1;33msb 53/108[0m  [33mthis-sb=39,976,960 pos (610 batches x 65,536)[0m  [36mtotal=32,341,360,640 pos[0m  [1;36mtrain_time=11529.2s[0m  [1;32mpos/s=2,805,168[0m
  [2mcuda-cpp SFNN[0m [1;36m[progress][0m  [1;36mepoch 8[0m  [1;33msb 54/108[0m  [33mthis-sb=39,976,960 pos (610 batches x 65,536)[0m  [36mtotal=32,381,337,600 pos[0m  [1;36mtrain_time=11543.4s[0m  [1;32mpos/s=2,805,187[0m
  [2mcuda-cpp SFNN[0m [1;36m[progress][0m  [1;36mepoch 8[0m  [1;33msb 55/108[0m  [33mthis-sb=39,976,960 pos (610 batches x 65,536)[0m  [36mtotal=32,421,314,560 pos[0m  [1;36mtrain_time=11557.6s[0m  [1;32mpos/s=2,805,206[0m
  cuda-cpp HalfKA2 validation forward = gpu: positions=300000, batch_size=8192, elapsed=0.592s
  test: accuracy=70.0853% (210256/300000 decisive; draws=0 excluded; mate=0 filtered), loss=0.076016 (n=300000)
  [2mcuda-cpp HalfKA2[0m [1;33mvalidation detail[0m: positions=300,000, batch_size=8,192, load/cache=0.000s, weight_fold=0.198s, context=0.000s, weight_upload=0.039s, batches=0.592s, metrics=0.005s, total=0.835s
  [2mcuda-cpp SFNN[0m [1;36m[progress][0m  [1;36mepoch 8[0m  [1;33msb 56/108[0m  [33mthis-sb=39,976,960 pos (610 batches x 65,536)[0m  [36mtotal=32,461,291,520 pos[0m  [1;36mtrain_time=11571.7s[0m  [1;32mpos/s=2,805,221[0m
  [2mcuda-cpp SFNN[0m [1;33mvalidation overhead[0m: [35mreadback=0.233s[0m  [33mvalidation=0.858s[0m  [2msave=skipped[0m  [1;32mtotal=1.090s[0m
  [2mcuda-cpp SFNN[0m [33mvalidation[0m: epoch=8, superbatch=56, [35mtest_value_accuracy=0.7008533[0m, [35mtest_value_loss=0.07601573[0m, [1;36melapsed=0.858s[0m
  [2mcuda-cpp SFNN[0m [1;36m[progress][0m  [1;36mepoch 8[0m  [1;33msb 57/108[0m  [33mthis-sb=39,976,960 pos (610 batches x 65,536)[0m  [36mtotal=32,501,268,480 pos[0m  [1;36mtrain_time=11585.9s[0m  [1;32mpos/s=2,805,235[0m
  [2mcuda-cpp SFNN[0m [1;36m[progress][0m  [1;36mepoch 8[0m  [1;33msb 58/108[0m  [33mthis-sb=39,976,960 pos (610 batches x 65,536)[0m  [36mtotal=32,541,245,440 pos[0m  [1;36mtrain_time=11600.1s[0m  [1;32mpos/s=2,805,251[0m
  [2mcuda-cpp SFNN[0m [1;36m[progress][0m  [1;36mepoch 8[0m  [1;33msb 59/108[0m  [33mthis-sb=39,976,960 pos (610 batches x 65,536)[0m  [36mtotal=32,581,222,400 pos[0m  [1;36mtrain_time=11614.3s[0m  [1;32mpos/s=2,805,263[0m
  cuda-cpp HalfKA2 validation forward = gpu: positions=300000, batch_size=8192, elapsed=0.593s
  test: accuracy=70.1103% (210331/300000 decisive; draws=0 excluded; mate=0 filtered), loss=0.076160 (n=300000)
  [2mcuda-cpp HalfKA2[0m [1;33mvalidation detail[0m: positions=300,000, batch_size=8,192, load/cache=0.000s, weight_fold=0.196s, context=0.000s, weight_upload=0.040s, batches=0.593s, metrics=0.005s, total=0.834s
  [2mcuda-cpp SFNN[0m [1;36m[progress][0m  [1;36mepoch 8[0m  [1;33msb 60/108[0m  [33mthis-sb=39,976,960 pos (610 batches x 65,536)[0m  [36mtotal=32,621,199,360 pos[0m  [1;36mtrain_time=11628.5s[0m  [1;32mpos/s=2,805,277[0m
  [2mcuda-cpp SFNN[0m [1;33mvalidation overhead[0m: [35mreadback=0.233s[0m  [33mvalidation=0.856s[0m  [2msave=skipped[0m  [1;32mtotal=1.089s[0m
  [2mcuda-cpp SFNN[0m [33mvalidation[0m: epoch=8, superbatch=60, [35mtest_value_accuracy=0.7011033[0m, [35mtest_value_loss=0.07615970[0m, [1;36melapsed=0.856s[0m
  [2mcuda-cpp SFNN[0m [1;36m[progress][0m  [1;36mepoch 8[0m  [1;33msb 61/108[0m  [33mthis-sb=39,976,960 pos (610 batches x 65,536)[0m  [36mtotal=32,661,176,320 pos[0m  [1;36mtrain_time=11642.7s[0m  [1;32mpos/s=2,805,285[0m
  [2mcuda-cpp SFNN[0m [1;36m[progress][0m  [1;36mepoch 8[0m  [1;33msb 62/108[0m  [33mthis-sb=39,976,960 pos (610 batches x 65,536)[0m  [36mtotal=32,701,153,280 pos[0m  [1;36mtrain_time=11656.9s[0m  [1;32mpos/s=2,805,299[0m
  [2mcuda-cpp SFNN[0m [1;36m[progress][0m  [1;36mepoch 8[0m  [1;33msb 63/108[0m  [33mthis-sb=39,976,960 pos (610 batches x 65,536)[0m  [36mtotal=32,741,130,240 pos[0m  [1;36mtrain_time=11671.1s[0m  [1;32mpos/s=2,805,316[0m
  cuda-cpp HalfKA2 validation forward = gpu: positions=300000, batch_size=8192, elapsed=0.596s
  test: accuracy=70.1370% (210411/300000 decisive; draws=0 excluded; mate=0 filtered), loss=0.075996 (n=300000)
  [2mcuda-cpp HalfKA2[0m [1;33mvalidation detail[0m: positions=300,000, batch_size=8,192, load/cache=0.000s, weight_fold=0.195s, context=0.000s, weight_upload=0.040s, batches=0.596s, metrics=0.005s, total=0.835s
  [2mcuda-cpp SFNN[0m [1;36m[progress][0m  [1;36mepoch 8[0m  [1;33msb 64/108[0m  [33mthis-sb=39,976,960 pos (610 batches x 65,536)[0m  [36mtotal=32,781,107,200 pos[0m  [1;36mtrain_time=11685.3s[0m  [1;32mpos/s=2,805,331[0m
  [2mcuda-cpp SFNN[0m [1;33mvalidation overhead[0m: [35mreadback=0.232s[0m  [33mvalidation=0.857s[0m  [2msave=skipped[0m  [1;32mtotal=1.089s[0m
  [2mcuda-cpp SFNN[0m [33mvalidation[0m: epoch=8, superbatch=64, [35mtest_value_accuracy=0.7013700[0m, [35mtest_value_loss=0.07599553[0m, [1;36melapsed=0.857s[0m
  [2mcuda-cpp SFNN[0m [1;36m[progress][0m  [1;36mepoch 8[0m  [1;33msb 65/108[0m  [33mthis-sb=39,976,960 pos (610 batches x 65,536)[0m  [36mtotal=32,821,084,160 pos[0m  [1;36mtrain_time=11699.5s[0m  [1;32mpos/s=2,805,341[0m
  [2mcuda-cpp SFNN[0m [1;36m[progress][0m  [1;36mepoch 8[0m  [1;33msb 66/108[0m  [33mthis-sb=39,976,960 pos (610 batches x 65,536)[0m  [36mtotal=32,861,061,120 pos[0m  [1;36mtrain_time=11713.7s[0m  [1;32mpos/s=2,805,356[0m
  [2mcuda-cpp SFNN[0m [1;36m[progress][0m  [1;36mepoch 8[0m  [1;33msb 67/108[0m  [33mthis-sb=39,976,960 pos (610 batches x 65,536)[0m  [36mtotal=32,901,038,080 pos[0m  [1;36mtrain_time=11727.9s[0m  [1;32mpos/s=2,805,368[0m
  cuda-cpp HalfKA2 validation forward = gpu: positions=300000, batch_size=8192, elapsed=0.593s
  test: accuracy=70.1807% (210542/300000 decisive; draws=0 excluded; mate=0 filtered), loss=0.076081 (n=300000)
  [2mcuda-cpp HalfKA2[0m [1;33mvalidation detail[0m: positions=300,000, batch_size=8,192, load/cache=0.000s, weight_fold=0.194s, context=0.000s, weight_upload=0.040s, batches=0.593s, metrics=0.005s, total=0.832s
  [2mcuda-cpp SFNN[0m [1;36m[progress][0m  [1;36mepoch 8[0m  [1;33msb 68/108[0m  [33mthis-sb=39,976,960 pos (610 batches x 65,536)[0m  [36mtotal=32,941,015,040 pos[0m  [1;36mtrain_time=11742.1s[0m  [1;32mpos/s=2,805,382[0m
  [2mcuda-cpp SFNN[0m [1;33mvalidation overhead[0m: [35mreadback=0.235s[0m  [33mvalidation=0.858s[0m  [2msave=skipped[0m  [1;32mtotal=1.092s[0m
  [2mcuda-cpp SFNN[0m [33mvalidation[0m: epoch=8, superbatch=68, [35mtest_value_accuracy=0.7018067[0m, [35mtest_value_loss=0.07608064[0m, [1;36melapsed=0.858s[0m
  [2mcuda-cpp SFNN[0m [1;36m[progress][0m  [1;36mepoch 8[0m  [1;33msb 69/108[0m  [33mthis-sb=39,976,960 pos (610 batches x 65,536)[0m  [36mtotal=32,980,992,000 pos[0m  [1;36mtrain_time=11756.3s[0m  [1;32mpos/s=2,805,395[0m
  [2mcuda-cpp SFNN[0m [1;36m[progress][0m  [1;36mepoch 8[0m  [1;33msb 70/108[0m  [33mthis-sb=39,976,960 pos (610 batches x 65,536)[0m  [36mtotal=33,020,968,960 pos[0m  [1;36mtrain_time=11770.4s[0m  [1;32mpos/s=2,805,414[0m
  [2mcuda-cpp SFNN[0m [1;36m[progress][0m  [1;36mepoch 8[0m  [1;33msb 71/108[0m  [33mthis-sb=39,976,960 pos (610 batches x 65,536)[0m  [36mtotal=33,060,945,920 pos[0m  [1;36mtrain_time=11784.6s[0m  [1;32mpos/s=2,805,432[0m
  cuda-cpp HalfKA2 validation forward = gpu: positions=300000, batch_size=8192, elapsed=0.593s
  test: accuracy=70.1493% (210448/300000 decisive; draws=0 excluded; mate=0 filtered), loss=0.076004 (n=300000)
  [2mcuda-cpp HalfKA2[0m [1;33mvalidation detail[0m: positions=300,000, batch_size=8,192, load/cache=0.000s, weight_fold=0.209s, context=0.000s, weight_upload=0.039s, batches=0.593s, metrics=0.005s, total=0.846s
  [2mcuda-cpp SFNN[0m [1;36m[progress][0m  [1;36mepoch 8[0m  [1;33msb 72/108[0m  [33mthis-sb=39,976,960 pos (610 batches x 65,536)[0m  [36mtotal=33,100,922,880 pos[0m  [1;36mtrain_time=11798.8s[0m  [1;32mpos/s=2,805,447[0m
  [2mcuda-cpp SFNN[0m [1;33mvalidation overhead[0m: [35mreadback=0.232s[0m  [33mvalidation=0.870s[0m  [2msave=skipped[0m  [1;32mtotal=1.101s[0m
  [2mcuda-cpp SFNN[0m [33mvalidation[0m: epoch=8, superbatch=72, [35mtest_value_accuracy=0.7014933[0m, [35mtest_value_loss=0.07600448[0m, [1;36melapsed=0.870s[0m
  [2mcuda-cpp SFNN[0m [1;36m[progress][0m  [1;36mepoch 8[0m  [1;33msb 73/108[0m  [33mthis-sb=39,976,960 pos (610 batches x 65,536)[0m  [36mtotal=33,140,899,840 pos[0m  [1;36mtrain_time=11813.0s[0m  [1;32mpos/s=2,805,459[0m
  [2mcuda-cpp SFNN[0m [1;36m[progress][0m  [1;36mepoch 8[0m  [1;33msb 74/108[0m  [33mthis-sb=39,976,960 pos (610 batches x 65,536)[0m  [36mtotal=33,180,876,800 pos[0m  [1;36mtrain_time=11827.2s[0m  [1;32mpos/s=2,805,472[0m
  [2mcuda-cpp SFNN[0m [1;36m[progress][0m  [1;36mepoch 8[0m  [1;33msb 75/108[0m  [33mthis-sb=39,976,960 pos (610 batches x 65,536)[0m  [36mtotal=33,220,853,760 pos[0m  [1;36mtrain_time=11841.4s[0m  [1;32mpos/s=2,805,485[0m
  cuda-cpp HalfKA2 validation forward = gpu: positions=300000, batch_size=8192, elapsed=0.594s
  test: accuracy=70.1860% (210558/300000 decisive; draws=0 excluded; mate=0 filtered), loss=0.075813 (n=300000)
  [2mcuda-cpp HalfKA2[0m [1;33mvalidation detail[0m: positions=300,000, batch_size=8,192, load/cache=0.000s, weight_fold=0.195s, context=0.000s, weight_upload=0.039s, batches=0.594s, metrics=0.005s, total=0.833s
  [2mcuda-cpp SFNN[0m [1;36m[progress][0m  [1;36mepoch 8[0m  [1;33msb 76/108[0m  [33mthis-sb=39,976,960 pos (610 batches x 65,536)[0m  [36mtotal=33,260,830,720 pos[0m  [1;36mtrain_time=11855.6s[0m  [1;32mpos/s=2,805,500[0m
  [2mcuda-cpp SFNN[0m [1;33mvalidation overhead[0m: [35mreadback=0.231s[0m  [33mvalidation=0.859s[0m  [2msave=skipped[0m  [1;32mtotal=1.090s[0m
  [2mcuda-cpp SFNN[0m [33mvalidation[0m: epoch=8, superbatch=76, [35mtest_value_accuracy=0.7018600[0m, [35mtest_value_loss=0.07581348[0m, [1;36melapsed=0.859s[0m
  [2mcuda-cpp SFNN[0m [1;36m[progress][0m  [1;36mepoch 8[0m  [1;33msb 77/108[0m  [33mthis-sb=39,976,960 pos (610 batches x 65,536)[0m  [36mtotal=33,300,807,680 pos[0m  [1;36mtrain_time=11869.8s[0m  [1;32mpos/s=2,805,512[0m
  [2mcuda-cpp SFNN[0m [1;36m[progress][0m  [1;36mepoch 8[0m  [1;33msb 78/108[0m  [33mthis-sb=39,976,960 pos (610 batches x 65,536)[0m  [36mtotal=33,340,784,640 pos[0m  [1;36mtrain_time=11884.0s[0m  [1;32mpos/s=2,805,529[0m
  [2mcuda-cpp SFNN[0m [1;36m[progress][0m  [1;36mepoch 8[0m  [1;33msb 79/108[0m  [33mthis-sb=39,976,960 pos (610 batches x 65,536)[0m  [36mtotal=33,380,761,600 pos[0m  [1;36mtrain_time=11898.2s[0m  [1;32mpos/s=2,805,539[0m
  cuda-cpp HalfKA2 validation forward = gpu: positions=300000, batch_size=8192, elapsed=0.596s
  test: accuracy=70.1697% (210509/300000 decisive; draws=0 excluded; mate=0 filtered), loss=0.076017 (n=300000)
  [2mcuda-cpp HalfKA2[0m [1;33mvalidation detail[0m: positions=300,000, batch_size=8,192, load/cache=0.000s, weight_fold=0.193s, context=0.001s, weight_upload=0.040s, batches=0.596s, metrics=0.005s, total=0.834s
  [2mcuda-cpp SFNN[0m [1;36m[progress][0m  [1;36mepoch 8[0m  [1;33msb 80/108[0m  [33mthis-sb=39,976,960 pos (610 batches x 65,536)[0m  [36mtotal=33,420,738,560 pos[0m  [1;36mtrain_time=11912.4s[0m  [1;32mpos/s=2,805,553[0m
  [2mcuda-cpp SFNN[0m [1;33mvalidation overhead[0m: [35mreadback=0.233s[0m  [33mvalidation=0.860s[0m  [2msave=skipped[0m  [1;32mtotal=1.093s[0m
  [2mcuda-cpp SFNN[0m [33mvalidation[0m: epoch=8, superbatch=80, [35mtest_value_accuracy=0.7016967[0m, [35mtest_value_loss=0.07601650[0m, [1;36melapsed=0.860s[0m
  [2mcuda-cpp SFNN[0m [1;36m[progress][0m  [1;36mepoch 8[0m  [1;33msb 81/108[0m  [33mthis-sb=39,976,960 pos (610 batches x 65,536)[0m  [36mtotal=33,460,715,520 pos[0m  [1;36mtrain_time=11926.6s[0m  [1;32mpos/s=2,805,563[0m
  [2mcuda-cpp SFNN[0m [1;36m[progress][0m  [1;36mepoch 8[0m  [1;33msb 82/108[0m  [33mthis-sb=39,976,960 pos (610 batches x 65,536)[0m  [36mtotal=33,500,692,480 pos[0m  [1;36mtrain_time=11940.7s[0m  [1;32mpos/s=2,805,577[0m
  [2mcuda-cpp SFNN[0m [1;36m[progress][0m  [1;36mepoch 8[0m  [1;33msb 83/108[0m  [33mthis-sb=39,976,960 pos (610 batches x 65,536)[0m  [36mtotal=33,540,669,440 pos[0m  [1;36mtrain_time=11954.9s[0m  [1;32mpos/s=2,805,593[0m
  cuda-cpp HalfKA2 validation forward = gpu: positions=300000, batch_size=8192, elapsed=0.594s
  test: accuracy=70.1927% (210578/300000 decisive; draws=0 excluded; mate=0 filtered), loss=0.076033 (n=300000)
  [2mcuda-cpp HalfKA2[0m [1;33mvalidation detail[0m: positions=300,000, batch_size=8,192, load/cache=0.000s, weight_fold=0.194s, context=0.000s, weight_upload=0.040s, batches=0.594s, metrics=0.005s, total=0.834s
  [2mcuda-cpp SFNN[0m [1;36m[progress][0m  [1;36mepoch 8[0m  [1;33msb 84/108[0m  [33mthis-sb=39,976,960 pos (610 batches x 65,536)[0m  [36mtotal=33,580,646,400 pos[0m  [1;36mtrain_time=11969.1s[0m  [1;32mpos/s=2,805,609[0m
  [2mcuda-cpp SFNN[0m [1;33mvalidation overhead[0m: [35mreadback=0.232s[0m  [33mvalidation=0.859s[0m  [2msave=skipped[0m  [1;32mtotal=1.091s[0m
  [2mcuda-cpp SFNN[0m [33mvalidation[0m: epoch=8, superbatch=84, [35mtest_value_accuracy=0.7019266[0m, [35mtest_value_loss=0.07603279[0m, [1;36melapsed=0.859s[0m
  [2mcuda-cpp SFNN[0m [1;36m[progress][0m  [1;36mepoch 8[0m  [1;33msb 85/108[0m  [33mthis-sb=39,976,960 pos (610 batches x 65,536)[0m  [36mtotal=33,620,623,360 pos[0m  [1;36mtrain_time=11983.3s[0m  [1;32mpos/s=2,805,622[0m
  [2mcuda-cpp SFNN[0m [1;36m[progress][0m  [1;36mepoch 8[0m  [1;33msb 86/108[0m  [33mthis-sb=39,976,960 pos (610 batches x 65,536)[0m  [36mtotal=33,660,600,320 pos[0m  [1;36mtrain_time=11997.5s[0m  [1;32mpos/s=2,805,638[0m
  [2mcuda-cpp SFNN[0m [1;36m[progress][0m  [1;36mepoch 8[0m  [1;33msb 87/108[0m  [33mthis-sb=39,976,960 pos (610 batches x 65,536)[0m  [36mtotal=33,700,577,280 pos[0m  [1;36mtrain_time=12011.7s[0m  [1;32mpos/s=2,805,653[0m
  cuda-cpp HalfKA2 validation forward = gpu: positions=300000, batch_size=8192, elapsed=0.594s
  test: accuracy=70.2027% (210608/300000 decisive; draws=0 excluded; mate=0 filtered), loss=0.075842 (n=300000)
  [2mcuda-cpp HalfKA2[0m [1;33mvalidation detail[0m: positions=300,000, batch_size=8,192, load/cache=0.000s, weight_fold=0.199s, context=0.000s, weight_upload=0.042s, batches=0.594s, metrics=0.005s, total=0.840s
  [2mcuda-cpp SFNN[0m [1;36m[progress][0m  [1;36mepoch 8[0m  [1;33msb 88/108[0m  [33mthis-sb=39,976,960 pos (610 batches x 65,536)[0m  [36mtotal=33,740,554,240 pos[0m  [1;36mtrain_time=12025.9s[0m  [1;32mpos/s=2,805,664[0m
  [2mcuda-cpp SFNN[0m [1;33mvalidation overhead[0m: [35mreadback=0.237s[0m  [33mvalidation=0.862s[0m  [2msave=skipped[0m  [1;32mtotal=1.099s[0m
  [2mcuda-cpp SFNN[0m [33mvalidation[0m: epoch=8, superbatch=88, [35mtest_value_accuracy=0.7020267[0m, [35mtest_value_loss=0.07584170[0m, [1;36melapsed=0.862s[0m
  [2mcuda-cpp SFNN[0m [1;36m[progress][0m  [1;36mepoch 8[0m  [1;33msb 89/108[0m  [33mthis-sb=39,976,960 pos (610 batches x 65,536)[0m  [36mtotal=33,780,531,200 pos[0m  [1;36mtrain_time=12040.1s[0m  [1;32mpos/s=2,805,672[0m
  [2mcuda-cpp SFNN[0m [1;36m[progress][0m  [1;36mepoch 8[0m  [1;33msb 90/108[0m  [33mthis-sb=39,976,960 pos (610 batches x 65,536)[0m  [36mtotal=33,820,508,160 pos[0m  [1;36mtrain_time=12054.2s[0m  [1;32mpos/s=2,805,692[0m
  [2mcuda-cpp SFNN[0m [1;36m[progress][0m  [1;36mepoch 8[0m  [1;33msb 91/108[0m  [33mthis-sb=39,976,960 pos (610 batches x 65,536)[0m  [36mtotal=33,860,485,120 pos[0m  [1;36mtrain_time=12068.4s[0m  [1;32mpos/s=2,805,706[0m
  cuda-cpp HalfKA2 validation forward = gpu: positions=300000, batch_size=8192, elapsed=0.592s
  test: accuracy=70.2307% (210692/300000 decisive; draws=0 excluded; mate=0 filtered), loss=0.075794 (n=300000)
  [2mcuda-cpp HalfKA2[0m [1;33mvalidation detail[0m: positions=300,000, batch_size=8,192, load/cache=0.000s, weight_fold=0.207s, context=0.000s, weight_upload=0.038s, batches=0.592s, metrics=0.005s, total=0.842s
  [2mcuda-cpp SFNN[0m [1;36m[progress][0m  [1;36mepoch 8[0m  [1;33msb 92/108[0m  [33mthis-sb=39,976,960 pos (610 batches x 65,536)[0m  [36mtotal=33,900,462,080 pos[0m  [1;36mtrain_time=12082.6s[0m  [1;32mpos/s=2,805,721[0m
  [2mcuda-cpp SFNN[0m [1;33mvalidation overhead[0m: [35mreadback=0.231s[0m  [33mvalidation=0.866s[0m  [2msave=skipped[0m  [1;32mtotal=1.097s[0m
  [2mcuda-cpp SFNN[0m [33mvalidation[0m: epoch=8, superbatch=92, [35mtest_value_accuracy=0.7023067[0m, [35mtest_value_loss=0.07579351[0m, [1;36melapsed=0.866s[0m
  [2mcuda-cpp SFNN[0m [1;36m[progress][0m  [1;36mepoch 8[0m  [1;33msb 93/108[0m  [33mthis-sb=39,976,960 pos (610 batches x 65,536)[0m  [36mtotal=33,940,439,040 pos[0m  [1;36mtrain_time=12096.8s[0m  [1;32mpos/s=2,805,732[0m
  [2mcuda-cpp SFNN[0m [1;36m[progress][0m  [1;36mepoch 8[0m  [1;33msb 94/108[0m  [33mthis-sb=39,976,960 pos (610 batches x 65,536)[0m  [36mtotal=33,980,416,000 pos[0m  [1;36mtrain_time=12111.0s[0m  [1;32mpos/s=2,805,748[0m
  [2mcuda-cpp SFNN[0m [1;36m[progress][0m  [1;36mepoch 8[0m  [1;33msb 95/108[0m  [33mthis-sb=39,976,960 pos (610 batches x 65,536)[0m  [36mtotal=34,020,392,960 pos[0m  [1;36mtrain_time=12125.2s[0m  [1;32mpos/s=2,805,765[0m
  cuda-cpp HalfKA2 validation forward = gpu: positions=300000, batch_size=8192, elapsed=0.592s
  test: accuracy=70.1950% (210585/300000 decisive; draws=0 excluded; mate=0 filtered), loss=0.075883 (n=300000)
  [2mcuda-cpp HalfKA2[0m [1;33mvalidation detail[0m: positions=300,000, batch_size=8,192, load/cache=0.000s, weight_fold=0.193s, context=0.000s, weight_upload=0.039s, batches=0.592s, metrics=0.005s, total=0.830s
  [2mcuda-cpp SFNN[0m [1;36m[progress][0m  [1;36mepoch 8[0m  [1;33msb 96/108[0m  [33mthis-sb=39,976,960 pos (610 batches x 65,536)[0m  [36mtotal=34,060,369,920 pos[0m  [1;36mtrain_time=12139.3s[0m  [1;32mpos/s=2,805,785[0m
  [2mcuda-cpp SFNN[0m [1;33mvalidation overhead[0m: [35mreadback=0.232s[0m  [33mvalidation=0.851s[0m  [2msave=skipped[0m  [1;32mtotal=1.083s[0m
  [2mcuda-cpp SFNN[0m [33mvalidation[0m: epoch=8, superbatch=96, [35mtest_value_accuracy=0.7019500[0m, [35mtest_value_loss=0.07588307[0m, [1;36melapsed=0.851s[0m
  [2mcuda-cpp SFNN[0m [1;36m[progress][0m  [1;36mepoch 8[0m  [1;33msb 97/108[0m  [33mthis-sb=39,976,960 pos (610 batches x 65,536)[0m  [36mtotal=34,100,346,880 pos[0m  [1;36mtrain_time=12153.5s[0m  [1;32mpos/s=2,805,798[0m
  [2mcuda-cpp SFNN[0m [1;36m[progress][0m  [1;36mepoch 8[0m  [1;33msb 98/108[0m  [33mthis-sb=39,976,960 pos (610 batches x 65,536)[0m  [36mtotal=34,140,323,840 pos[0m  [1;36mtrain_time=12167.7s[0m  [1;32mpos/s=2,805,815[0m
  [2mcuda-cpp SFNN[0m [1;36m[progress][0m  [1;36mepoch 8[0m  [1;33msb 99/108[0m  [33mthis-sb=39,976,960 pos (610 batches x 65,536)[0m  [36mtotal=34,180,300,800 pos[0m  [1;36mtrain_time=12181.9s[0m  [1;32mpos/s=2,805,834[0m
  cuda-cpp HalfKA2 validation forward = gpu: positions=300000, batch_size=8192, elapsed=0.594s
  test: accuracy=70.2170% (210651/300000 decisive; draws=0 excluded; mate=0 filtered), loss=0.075940 (n=300000)
  [2mcuda-cpp HalfKA2[0m [1;33mvalidation detail[0m: positions=300,000, batch_size=8,192, load/cache=0.000s, weight_fold=0.193s, context=0.000s, weight_upload=0.040s, batches=0.594s, metrics=0.005s, total=0.832s
  [2mcuda-cpp SFNN[0m [1;36m[progress][0m  [1;36mepoch 8[0m  [1;33msb 100/108[0m  [33mthis-sb=39,976,960 pos (610 batches x 65,536)[0m  [36mtotal=34,220,277,760 pos[0m  [1;36mtrain_time=12196.0s[0m  [1;32mpos/s=2,805,850[0m
  [2mcuda-cpp SFNN[0m [1;33mvalidation overhead[0m: [35mreadback=0.237s[0m  [33mvalidation=0.853s[0m  [2msave=skipped[0m  [1;32mtotal=1.090s[0m
  [2mcuda-cpp SFNN[0m [33mvalidation[0m: epoch=8, superbatch=100, [35mtest_value_accuracy=0.7021700[0m, [35mtest_value_loss=0.07594039[0m, [1;36melapsed=0.853s[0m
  [2mcuda-cpp SFNN[0m [1;36m[progress][0m  [1;36mepoch 8[0m  [1;33msb 101/108[0m  [33mthis-sb=39,976,960 pos (610 batches x 65,536)[0m  [36mtotal=34,260,254,720 pos[0m  [1;36mtrain_time=12210.2s[0m  [1;32mpos/s=2,805,864[0m
  [2mcuda-cpp SFNN[0m [1;36m[progress][0m  [1;36mepoch 8[0m  [1;33msb 102/108[0m  [33mthis-sb=39,976,960 pos (610 batches x 65,536)[0m  [36mtotal=34,300,231,680 pos[0m  [1;36mtrain_time=12224.4s[0m  [1;32mpos/s=2,805,881[0m
  [2mcuda-cpp SFNN[0m [1;36m[progress][0m  [1;36mepoch 8[0m  [1;33msb 103/108[0m  [33mthis-sb=39,976,960 pos (610 batches x 65,536)[0m  [36mtotal=34,340,208,640 pos[0m  [1;36mtrain_time=12238.6s[0m  [1;32mpos/s=2,805,897[0m
  cuda-cpp HalfKA2 validation forward = gpu: positions=300000, batch_size=8192, elapsed=0.594s
  test: accuracy=70.2283% (210685/300000 decisive; draws=0 excluded; mate=0 filtered), loss=0.075868 (n=300000)
  [2mcuda-cpp HalfKA2[0m [1;33mvalidation detail[0m: positions=300,000, batch_size=8,192, load/cache=0.000s, weight_fold=0.196s, context=0.000s, weight_upload=0.042s, batches=0.594s, metrics=0.005s, total=0.837s
  [2mcuda-cpp SFNN[0m [1;36m[progress][0m  [1;36mepoch 8[0m  [1;33msb 104/108[0m  [33mthis-sb=39,976,960 pos (610 batches x 65,536)[0m  [36mtotal=34,380,185,600 pos[0m  [1;36mtrain_time=12252.8s[0m  [1;32mpos/s=2,805,915[0m
  [2mcuda-cpp SFNN[0m [1;33mvalidation overhead[0m: [35mreadback=0.241s[0m  [33mvalidation=0.859s[0m  [2msave=skipped[0m  [1;32mtotal=1.099s[0m
  [2mcuda-cpp SFNN[0m [33mvalidation[0m: epoch=8, superbatch=104, [35mtest_value_accuracy=0.7022833[0m, [35mtest_value_loss=0.07586838[0m, [1;36melapsed=0.859s[0m
  [2mcuda-cpp SFNN[0m [1;36m[progress][0m  [1;36mepoch 8[0m  [1;33msb 105/108[0m  [33mthis-sb=39,976,960 pos (610 batches x 65,536)[0m  [36mtotal=34,420,162,560 pos[0m  [1;36mtrain_time=12267.0s[0m  [1;32mpos/s=2,805,927[0m
  [2mcuda-cpp SFNN[0m [1;36m[progress][0m  [1;36mepoch 8[0m  [1;33msb 106/108[0m  [33mthis-sb=39,976,960 pos (610 batches x 65,536)[0m  [36mtotal=34,460,139,520 pos[0m  [1;36mtrain_time=12281.1s[0m  [1;32mpos/s=2,805,944[0m
  [2mcuda-cpp SFNN[0m [1;36m[progress][0m  [1;36mepoch 8[0m  [1;33msb 107/108[0m  [33mthis-sb=39,976,960 pos (610 batches x 65,536)[0m  [36mtotal=34,500,116,480 pos[0m  [1;36mtrain_time=12295.3s[0m  [1;32mpos/s=2,805,959[0m
  cuda-cpp HalfKA2 validation forward = gpu: positions=300000, batch_size=8192, elapsed=0.591s
  test: accuracy=70.2040% (210612/300000 decisive; draws=0 excluded; mate=0 filtered), loss=0.075966 (n=300000)
  [2mcuda-cpp HalfKA2[0m [1;33mvalidation detail[0m: positions=300,000, batch_size=8,192, load/cache=0.000s, weight_fold=0.191s, context=0.000s, weight_upload=0.041s, batches=0.591s, metrics=0.005s, total=0.829s
  [2mcuda-cpp SFNN[0m [1;32m[checkpoint][0m  [1;36mepoch 8[0m  [1;33msb 108/108[0m  [33mthis-sb=39,976,960 pos (610 batches x 65,536)[0m  [36mtotal=34,540,093,440 pos[0m  [1;36mtrain_time=12309.5s[0m  [1;32mpos/s=2,805,974[0m
  [2mcuda-cpp SFNN[0m [1;33mcheckpoint overhead[0m: [35mreadback=0.908s[0m  [33mvalidation=0.854s[0m  [36msave=5.041s (state.bin 2.04 GiB, 414 MiB/s)[0m  [1;32mtotal=6.803s[0m
  [2mcuda-cpp SFNN[0m [33mvalidation[0m: epoch=8, superbatch=108, [35mtest_value_accuracy=0.7020400[0m, [35mtest_value_loss=0.07596582[0m, [1;36melapsed=0.854s[0m
  [2mcuda-cpp SFNN[0m [1;36m[progress][0m  [1;36mepoch 9[0m  [1;33msb 1/108[0m  [33mthis-sb=39,976,960 pos (610 batches x 65,536)[0m  [36mtotal=34,580,070,400 pos[0m  [1;36mtrain_time=12323.7s[0m  [1;32mpos/s=2,805,970[0m
  [2mcuda-cpp SFNN[0m [1;36m[progress][0m  [1;36mepoch 9[0m  [1;33msb 2/108[0m  [33mthis-sb=39,976,960 pos (610 batches x 65,536)[0m  [36mtotal=34,620,047,360 pos[0m  [1;36mtrain_time=12337.9s[0m  [1;32mpos/s=2,805,996[0m
  [2mcuda-cpp SFNN[0m [1;36m[progress][0m  [1;36mepoch 9[0m  [1;33msb 3/108[0m  [33mthis-sb=39,976,960 pos (610 batches x 65,536)[0m  [36mtotal=34,660,024,320 pos[0m  [1;36mtrain_time=12352.0s[0m  [1;32mpos/s=2,806,020[0m
  cuda-cpp HalfKA2 validation forward = gpu: positions=300000, batch_size=8192, elapsed=0.595s
  test: accuracy=69.7977% (209393/300000 decisive; draws=0 excluded; mate=0 filtered), loss=0.076861 (n=300000)
  [2mcuda-cpp HalfKA2[0m [1;33mvalidation detail[0m: positions=300,000, batch_size=8,192, load/cache=0.000s, weight_fold=0.202s, context=0.000s, weight_upload=0.040s, batches=0.595s, metrics=0.005s, total=0.843s
  [2mcuda-cpp SFNN[0m [1;36m[progress][0m  [1;36mepoch 9[0m  [1;33msb 4/108[0m  [33mthis-sb=39,976,960 pos (610 batches x 65,536)[0m  [36mtotal=34,700,001,280 pos[0m  [1;36mtrain_time=12366.2s[0m  [1;32mpos/s=2,806,039[0m
  [2mcuda-cpp SFNN[0m [1;33mvalidation overhead[0m: [35mreadback=0.226s[0m  [33mvalidation=0.873s[0m  [2msave=skipped[0m  [1;32mtotal=1.098s[0m
  [2mcuda-cpp SFNN[0m [33mvalidation[0m: epoch=9, superbatch=4, [35mtest_value_accuracy=0.6979766[0m, [35mtest_value_loss=0.07686073[0m, [1;36melapsed=0.873s[0m
  [2mcuda-cpp SFNN[0m [1;36m[progress][0m  [1;36mepoch 9[0m  [1;33msb 5/108[0m  [33mthis-sb=39,976,960 pos (610 batches x 65,536)[0m  [36mtotal=34,739,978,240 pos[0m  [1;36mtrain_time=12380.4s[0m  [1;32mpos/s=2,806,052[0m
  [2mcuda-cpp SFNN[0m [1;36m[progress][0m  [1;36mepoch 9[0m  [1;33msb 6/108[0m  [33mthis-sb=39,976,960 pos (610 batches x 65,536)[0m  [36mtotal=34,779,955,200 pos[0m  [1;36mtrain_time=12394.5s[0m  [1;32mpos/s=2,806,072[0m
  [2mcuda-cpp SFNN[0m [1;36m[progress][0m  [1;36mepoch 9[0m  [1;33msb 7/108[0m  [33mthis-sb=39,976,960 pos (610 batches x 65,536)[0m  [36mtotal=34,819,932,160 pos[0m  [1;36mtrain_time=12408.7s[0m  [1;32mpos/s=2,806,091[0m
  cuda-cpp HalfKA2 validation forward = gpu: positions=300000, batch_size=8192, elapsed=0.592s
  test: accuracy=69.9267% (209780/300000 decisive; draws=0 excluded; mate=0 filtered), loss=0.076390 (n=300000)
  [2mcuda-cpp HalfKA2[0m [1;33mvalidation detail[0m: positions=300,000, batch_size=8,192, load/cache=0.000s, weight_fold=0.196s, context=0.000s, weight_upload=0.038s, batches=0.592s, metrics=0.005s, total=0.832s
  [2mcuda-cpp SFNN[0m [1;36m[progress][0m  [1;36mepoch 9[0m  [1;33msb 8/108[0m  [33mthis-sb=39,976,960 pos (610 batches x 65,536)[0m  [36mtotal=34,859,909,120 pos[0m  [1;36mtrain_time=12422.9s[0m  [1;32mpos/s=2,806,105[0m
  [2mcuda-cpp SFNN[0m [1;33mvalidation overhead[0m: [35mreadback=0.229s[0m  [33mvalidation=0.854s[0m  [2msave=skipped[0m  [1;32mtotal=1.084s[0m
  [2mcuda-cpp SFNN[0m [33mvalidation[0m: epoch=9, superbatch=8, [35mtest_value_accuracy=0.6992667[0m, [35mtest_value_loss=0.07638989[0m, [1;36melapsed=0.854s[0m
  [2mcuda-cpp SFNN[0m [1;36m[progress][0m  [1;36mepoch 9[0m  [1;33msb 9/108[0m  [33mthis-sb=39,976,960 pos (610 batches x 65,536)[0m  [36mtotal=34,899,886,080 pos[0m  [1;36mtrain_time=12437.1s[0m  [1;32mpos/s=2,806,119[0m
  [2mcuda-cpp SFNN[0m [1;36m[progress][0m  [1;36mepoch 9[0m  [1;33msb 10/108[0m  [33mthis-sb=39,976,960 pos (610 batches x 65,536)[0m  [36mtotal=34,939,863,040 pos[0m  [1;36mtrain_time=12451.2s[0m  [1;32mpos/s=2,806,136[0m
  [2mcuda-cpp SFNN[0m [1;36m[progress][0m  [1;36mepoch 9[0m  [1;33msb 11/108[0m  [33mthis-sb=39,976,960 pos (610 batches x 65,536)[0m  [36mtotal=34,979,840,000 pos[0m  [1;36mtrain_time=12465.4s[0m  [1;32mpos/s=2,806,150[0m
  cuda-cpp HalfKA2 validation forward = gpu: positions=300000, batch_size=8192, elapsed=0.600s
  test: accuracy=69.8740% (209622/300000 decisive; draws=0 excluded; mate=0 filtered), loss=0.076582 (n=300000)
  [2mcuda-cpp HalfKA2[0m [1;33mvalidation detail[0m: positions=300,000, batch_size=8,192, load/cache=0.000s, weight_fold=0.190s, context=0.000s, weight_upload=0.040s, batches=0.600s, metrics=0.005s, total=0.836s
  [2mcuda-cpp SFNN[0m [1;36m[progress][0m  [1;36mepoch 9[0m  [1;33msb 12/108[0m  [33mthis-sb=39,976,960 pos (610 batches x 65,536)[0m  [36mtotal=35,019,816,960 pos[0m  [1;36mtrain_time=12479.6s[0m  [1;32mpos/s=2,806,165[0m
  [2mcuda-cpp SFNN[0m [1;33mvalidation overhead[0m: [35mreadback=0.228s[0m  [33mvalidation=0.860s[0m  [2msave=skipped[0m  [1;32mtotal=1.088s[0m
  [2mcuda-cpp SFNN[0m [33mvalidation[0m: epoch=9, superbatch=12, [35mtest_value_accuracy=0.6987400[0m, [35mtest_value_loss=0.07658172[0m, [1;36melapsed=0.860s[0m
  [2mcuda-cpp SFNN[0m [1;36m[progress][0m  [1;36mepoch 9[0m  [1;33msb 13/108[0m  [33mthis-sb=39,976,960 pos (610 batches x 65,536)[0m  [36mtotal=35,059,793,920 pos[0m  [1;36mtrain_time=12493.8s[0m  [1;32mpos/s=2,806,177[0m
  [2mcuda-cpp SFNN[0m [1;36m[progress][0m  [1;36mepoch 9[0m  [1;33msb 14/108[0m  [33mthis-sb=39,976,960 pos (610 batches x 65,536)[0m  [36mtotal=35,099,770,880 pos[0m  [1;36mtrain_time=12508.1s[0m  [1;32mpos/s=2,806,168[0m
  [2mcuda-cpp SFNN[0m [1;36m[progress][0m  [1;36mepoch 9[0m  [1;33msb 15/108[0m  [33mthis-sb=39,976,960 pos (610 batches x 65,536)[0m  [36mtotal=35,139,747,840 pos[0m  [1;36mtrain_time=12522.3s[0m  [1;32mpos/s=2,806,180[0m
  cuda-cpp HalfKA2 validation forward = gpu: positions=300000, batch_size=8192, elapsed=0.593s
  test: accuracy=69.8897% (209669/300000 decisive; draws=0 excluded; mate=0 filtered), loss=0.076342 (n=300000)
  [2mcuda-cpp HalfKA2[0m [1;33mvalidation detail[0m: positions=300,000, batch_size=8,192, load/cache=0.000s, weight_fold=0.195s, context=0.000s, weight_upload=0.039s, batches=0.593s, metrics=0.005s, total=0.832s
  [2mcuda-cpp SFNN[0m [1;36m[progress][0m  [1;36mepoch 9[0m  [1;33msb 16/108[0m  [33mthis-sb=39,976,960 pos (610 batches x 65,536)[0m  [36mtotal=35,179,724,800 pos[0m  [1;36mtrain_time=12536.4s[0m  [1;32mpos/s=2,806,196[0m
  [2mcuda-cpp SFNN[0m [1;33mvalidation overhead[0m: [35mreadback=0.227s[0m  [33mvalidation=0.852s[0m  [2msave=skipped[0m  [1;32mtotal=1.079s[0m
  [2mcuda-cpp SFNN[0m [33mvalidation[0m: epoch=9, superbatch=16, [35mtest_value_accuracy=0.6988966[0m, [35mtest_value_loss=0.07634158[0m, [1;36melapsed=0.852s[0m
  [2mcuda-cpp SFNN[0m [1;36m[progress][0m  [1;36mepoch 9[0m  [1;33msb 17/108[0m  [33mthis-sb=39,976,960 pos (610 batches x 65,536)[0m  [36mtotal=35,219,701,760 pos[0m  [1;36mtrain_time=12550.6s[0m  [1;32mpos/s=2,806,211[0m
  [2mcuda-cpp SFNN[0m [1;36m[progress][0m  [1;36mepoch 9[0m  [1;33msb 18/108[0m  [33mthis-sb=39,976,960 pos (610 batches x 65,536)[0m  [36mtotal=35,259,678,720 pos[0m  [1;36mtrain_time=12564.8s[0m  [1;32mpos/s=2,806,226[0m
  [2mcuda-cpp SFNN[0m [1;36m[progress][0m  [1;36mepoch 9[0m  [1;33msb 19/108[0m  [33mthis-sb=39,976,960 pos (610 batches x 65,536)[0m  [36mtotal=35,299,655,680 pos[0m  [1;36mtrain_time=12579.0s[0m  [1;32mpos/s=2,806,239[0m
  cuda-cpp HalfKA2 validation forward = gpu: positions=300000, batch_size=8192, elapsed=0.596s
  test: accuracy=69.9157% (209747/300000 decisive; draws=0 excluded; mate=0 filtered), loss=0.076312 (n=300000)
  [2mcuda-cpp HalfKA2[0m [1;33mvalidation detail[0m: positions=300,000, batch_size=8,192, load/cache=0.000s, weight_fold=0.191s, context=0.001s, weight_upload=0.040s, batches=0.596s, metrics=0.005s, total=0.832s
  [2mcuda-cpp SFNN[0m [1;36m[progress][0m  [1;36mepoch 9[0m  [1;33msb 20/108[0m  [33mthis-sb=39,976,960 pos (610 batches x 65,536)[0m  [36mtotal=35,339,632,640 pos[0m  [1;36mtrain_time=12593.2s[0m  [1;32mpos/s=2,806,253[0m
  [2mcuda-cpp SFNN[0m [1;33mvalidation overhead[0m: [35mreadback=0.234s[0m  [33mvalidation=0.856s[0m  [2msave=skipped[0m  [1;32mtotal=1.090s[0m
  [2mcuda-cpp SFNN[0m [33mvalidation[0m: epoch=9, superbatch=20, [35mtest_value_accuracy=0.6991566[0m, [35mtest_value_loss=0.07631220[0m, [1;36melapsed=0.856s[0m
  [2mcuda-cpp SFNN[0m [1;36m[progress][0m  [1;36mepoch 9[0m  [1;33msb 21/108[0m  [33mthis-sb=39,976,960 pos (610 batches x 65,536)[0m  [36mtotal=35,379,609,600 pos[0m  [1;36mtrain_time=12607.4s[0m  [1;32mpos/s=2,806,265[0m
  [2mcuda-cpp SFNN[0m [1;36m[progress][0m  [1;36mepoch 9[0m  [1;33msb 22/108[0m  [33mthis-sb=39,976,960 pos (610 batches x 65,536)[0m  [36mtotal=35,419,586,560 pos[0m  [1;36mtrain_time=12621.5s[0m  [1;32mpos/s=2,806,280[0m
  [2mcuda-cpp SFNN[0m [1;36m[progress][0m  [1;36mepoch 9[0m  [1;33msb 23/108[0m  [33mthis-sb=39,976,960 pos (610 batches x 65,536)[0m  [36mtotal=35,459,563,520 pos[0m  [1;36mtrain_time=12635.7s[0m  [1;32mpos/s=2,806,296[0m
  cuda-cpp HalfKA2 validation forward = gpu: positions=300000, batch_size=8192, elapsed=0.590s
  test: accuracy=70.0003% (210001/300000 decisive; draws=0 excluded; mate=0 filtered), loss=0.076273 (n=300000)
  [2mcuda-cpp HalfKA2[0m [1;33mvalidation detail[0m: positions=300,000, batch_size=8,192, load/cache=0.000s, weight_fold=0.194s, context=0.000s, weight_upload=0.039s, batches=0.590s, metrics=0.005s, total=0.829s
  [2mcuda-cpp SFNN[0m [1;36m[progress][0m  [1;36mepoch 9[0m  [1;33msb 24/108[0m  [33mthis-sb=39,976,960 pos (610 batches x 65,536)[0m  [36mtotal=35,499,540,480 pos[0m  [1;36mtrain_time=12649.9s[0m  [1;32mpos/s=2,806,313[0m
  [2mcuda-cpp SFNN[0m [1;33mvalidation overhead[0m: [35mreadback=0.237s[0m  [33mvalidation=0.854s[0m  [2msave=skipped[0m  [1;32mtotal=1.091s[0m
  [2mcuda-cpp SFNN[0m [33mvalidation[0m: epoch=9, superbatch=24, [35mtest_value_accuracy=0.7000033[0m, [35mtest_value_loss=0.07627274[0m, [1;36melapsed=0.854s[0m
  [2mcuda-cpp SFNN[0m [1;36m[progress][0m  [1;36mepoch 9[0m  [1;33msb 25/108[0m  [33mthis-sb=39,976,960 pos (610 batches x 65,536)[0m  [36mtotal=35,539,517,440 pos[0m  [1;36mtrain_time=12664.1s[0m  [1;32mpos/s=2,806,327[0m
  [2mcuda-cpp SFNN[0m [1;36m[progress][0m  [1;36mepoch 9[0m  [1;33msb 26/108[0m  [33mthis-sb=39,976,960 pos (610 batches x 65,536)[0m  [36mtotal=35,579,494,400 pos[0m  [1;36mtrain_time=12678.2s[0m  [1;32mpos/s=2,806,344[0m
  [2mcuda-cpp SFNN[0m [1;36m[progress][0m  [1;36mepoch 9[0m  [1;33msb 27/108[0m  [33mthis-sb=39,976,960 pos (610 batches x 65,536)[0m  [36mtotal=35,619,471,360 pos[0m  [1;36mtrain_time=12692.4s[0m  [1;32mpos/s=2,806,361[0m
  cuda-cpp HalfKA2 validation forward = gpu: positions=300000, batch_size=8192, elapsed=0.592s
  test: accuracy=69.9647% (209894/300000 decisive; draws=0 excluded; mate=0 filtered), loss=0.075910 (n=300000)
  [2mcuda-cpp HalfKA2[0m [1;33mvalidation detail[0m: positions=300,000, batch_size=8,192, load/cache=0.000s, weight_fold=0.195s, context=0.000s, weight_upload=0.041s, batches=0.592s, metrics=0.005s, total=0.833s
  [2mcuda-cpp SFNN[0m [1;36m[progress][0m  [1;36mepoch 9[0m  [1;33msb 28/108[0m  [33mthis-sb=39,976,960 pos (610 batches x 65,536)[0m  [36mtotal=35,659,448,320 pos[0m  [1;36mtrain_time=12706.6s[0m  [1;32mpos/s=2,806,379[0m
  [2mcuda-cpp SFNN[0m [1;33mvalidation overhead[0m: [35mreadback=0.234s[0m  [33mvalidation=0.858s[0m  [2msave=skipped[0m  [1;32mtotal=1.092s[0m
  [2mcuda-cpp SFNN[0m [33mvalidation[0m: epoch=9, superbatch=28, [35mtest_value_accuracy=0.6996467[0m, [35mtest_value_loss=0.07591017[0m, [1;36melapsed=0.858s[0m
  [2mcuda-cpp SFNN[0m [1;36m[progress][0m  [1;36mepoch 9[0m  [1;33msb 29/108[0m  [33mthis-sb=39,976,960 pos (610 batches x 65,536)[0m  [36mtotal=35,699,425,280 pos[0m  [1;36mtrain_time=12720.8s[0m  [1;32mpos/s=2,806,393[0m
  [2mcuda-cpp SFNN[0m [1;36m[progress][0m  [1;36mepoch 9[0m  [1;33msb 30/108[0m  [33mthis-sb=39,976,960 pos (610 batches x 65,536)[0m  [36mtotal=35,739,402,240 pos[0m  [1;36mtrain_time=12734.9s[0m  [1;32mpos/s=2,806,410[0m
  [2mcuda-cpp SFNN[0m [1;36m[progress][0m  [1;36mepoch 9[0m  [1;33msb 31/108[0m  [33mthis-sb=39,976,960 pos (610 batches x 65,536)[0m  [36mtotal=35,779,379,200 pos[0m  [1;36mtrain_time=12749.1s[0m  [1;32mpos/s=2,806,423[0m
  cuda-cpp HalfKA2 validation forward = gpu: positions=300000, batch_size=8192, elapsed=0.594s
  test: accuracy=70.0730% (210219/300000 decisive; draws=0 excluded; mate=0 filtered), loss=0.076244 (n=300000)
  [2mcuda-cpp HalfKA2[0m [1;33mvalidation detail[0m: positions=300,000, batch_size=8,192, load/cache=0.000s, weight_fold=0.206s, context=0.000s, weight_upload=0.041s, batches=0.594s, metrics=0.005s, total=0.846s
  [2mcuda-cpp SFNN[0m [1;36m[progress][0m  [1;36mepoch 9[0m  [1;33msb 32/108[0m  [33mthis-sb=39,976,960 pos (610 batches x 65,536)[0m  [36mtotal=35,819,356,160 pos[0m  [1;36mtrain_time=12763.3s[0m  [1;32mpos/s=2,806,438[0m
  [2mcuda-cpp SFNN[0m [1;33mvalidation overhead[0m: [35mreadback=0.230s[0m  [33mvalidation=0.868s[0m  [2msave=skipped[0m  [1;32mtotal=1.098s[0m
  [2mcuda-cpp SFNN[0m [33mvalidation[0m: epoch=9, superbatch=32, [35mtest_value_accuracy=0.7007300[0m, [35mtest_value_loss=0.07624441[0m, [1;36melapsed=0.868s[0m
  [2mcuda-cpp SFNN[0m [1;36m[progress][0m  [1;36mepoch 9[0m  [1;33msb 33/108[0m  [33mthis-sb=39,976,960 pos (610 batches x 65,536)[0m  [36mtotal=35,859,333,120 pos[0m  [1;36mtrain_time=12777.5s[0m  [1;32mpos/s=2,806,452[0m
  [2mcuda-cpp SFNN[0m [1;36m[progress][0m  [1;36mepoch 9[0m  [1;33msb 34/108[0m  [33mthis-sb=39,976,960 pos (610 batches x 65,536)[0m  [36mtotal=35,899,310,080 pos[0m  [1;36mtrain_time=12791.6s[0m  [1;32mpos/s=2,806,466[0m
  [2mcuda-cpp SFNN[0m [1;36m[progress][0m  [1;36mepoch 9[0m  [1;33msb 35/108[0m  [33mthis-sb=39,976,960 pos (610 batches x 65,536)[0m  [36mtotal=35,939,287,040 pos[0m  [1;36mtrain_time=12805.8s[0m  [1;32mpos/s=2,806,481[0m
  cuda-cpp HalfKA2 validation forward = gpu: positions=300000, batch_size=8192, elapsed=0.593s
  test: accuracy=70.1523% (210457/300000 decisive; draws=0 excluded; mate=0 filtered), loss=0.075952 (n=300000)
  [2mcuda-cpp HalfKA2[0m [1;33mvalidation detail[0m: positions=300,000, batch_size=8,192, load/cache=0.000s, weight_fold=0.195s, context=0.000s, weight_upload=0.040s, batches=0.593s, metrics=0.005s, total=0.834s
  [2mcuda-cpp SFNN[0m [1;36m[progress][0m  [1;36mepoch 9[0m  [1;33msb 36/108[0m  [33mthis-sb=39,976,960 pos (610 batches x 65,536)[0m  [36mtotal=35,979,264,000 pos[0m  [1;36mtrain_time=12820.0s[0m  [1;32mpos/s=2,806,499[0m
  [2mcuda-cpp SFNN[0m [1;33mvalidation overhead[0m: [35mreadback=0.228s[0m  [33mvalidation=0.856s[0m  [2msave=skipped[0m  [1;32mtotal=1.085s[0m
  [2mcuda-cpp SFNN[0m [33mvalidation[0m: epoch=9, superbatch=36, [35mtest_value_accuracy=0.7015233[0m, [35mtest_value_loss=0.07595222[0m, [1;36melapsed=0.856s[0m
  [2mcuda-cpp SFNN[0m [1;36m[progress][0m  [1;36mepoch 9[0m  [1;33msb 37/108[0m  [33mthis-sb=39,976,960 pos (610 batches x 65,536)[0m  [36mtotal=36,019,240,960 pos[0m  [1;36mtrain_time=12834.2s[0m  [1;32mpos/s=2,806,510[0m
  [2mcuda-cpp SFNN[0m [1;36m[progress][0m  [1;36mepoch 9[0m  [1;33msb 38/108[0m  [33mthis-sb=39,976,960 pos (610 batches x 65,536)[0m  [36mtotal=36,059,217,920 pos[0m  [1;36mtrain_time=12848.3s[0m  [1;32mpos/s=2,806,528[0m
  [2mcuda-cpp SFNN[0m [1;36m[progress][0m  [1;36mepoch 9[0m  [1;33msb 39/108[0m  [33mthis-sb=39,976,960 pos (610 batches x 65,536)[0m  [36mtotal=36,099,194,880 pos[0m  [1;36mtrain_time=12862.5s[0m  [1;32mpos/s=2,806,543[0m
  cuda-cpp HalfKA2 validation forward = gpu: positions=300000, batch_size=8192, elapsed=0.593s
  test: accuracy=70.1110% (210333/300000 decisive; draws=0 excluded; mate=0 filtered), loss=0.076061 (n=300000)
  [2mcuda-cpp HalfKA2[0m [1;33mvalidation detail[0m: positions=300,000, batch_size=8,192, load/cache=0.000s, weight_fold=0.193s, context=0.000s, weight_upload=0.040s, batches=0.593s, metrics=0.005s, total=0.831s
  [2mcuda-cpp SFNN[0m [1;36m[progress][0m  [1;36mepoch 9[0m  [1;33msb 40/108[0m  [33mthis-sb=39,976,960 pos (610 batches x 65,536)[0m  [36mtotal=36,139,171,840 pos[0m  [1;36mtrain_time=12876.7s[0m  [1;32mpos/s=2,806,558[0m
  [2mcuda-cpp SFNN[0m [1;33mvalidation overhead[0m: [35mreadback=0.227s[0m  [33mvalidation=0.852s[0m  [2msave=skipped[0m  [1;32mtotal=1.079s[0m
  [2mcuda-cpp SFNN[0m [33mvalidation[0m: epoch=9, superbatch=40, [35mtest_value_accuracy=0.7011100[0m, [35mtest_value_loss=0.07606068[0m, [1;36melapsed=0.852s[0m
  [2mcuda-cpp SFNN[0m [1;36m[progress][0m  [1;36mepoch 9[0m  [1;33msb 41/108[0m  [33mthis-sb=39,976,960 pos (610 batches x 65,536)[0m  [36mtotal=36,179,148,800 pos[0m  [1;36mtrain_time=12890.9s[0m  [1;32mpos/s=2,806,567[0m
  [2mcuda-cpp SFNN[0m [1;36m[progress][0m  [1;36mepoch 9[0m  [1;33msb 42/108[0m  [33mthis-sb=39,976,960 pos (610 batches x 65,536)[0m  [36mtotal=36,219,125,760 pos[0m  [1;36mtrain_time=12905.1s[0m  [1;32mpos/s=2,806,581[0m
  [2mcuda-cpp SFNN[0m [1;36m[progress][0m  [1;36mepoch 9[0m  [1;33msb 43/108[0m  [33mthis-sb=39,976,960 pos (610 batches x 65,536)[0m  [36mtotal=36,259,102,720 pos[0m  [1;36mtrain_time=12919.3s[0m  [1;32mpos/s=2,806,591[0m
  cuda-cpp HalfKA2 validation forward = gpu: positions=300000, batch_size=8192, elapsed=0.599s
  test: accuracy=70.1607% (210482/300000 decisive; draws=0 excluded; mate=0 filtered), loss=0.076248 (n=300000)
  [2mcuda-cpp HalfKA2[0m [1;33mvalidation detail[0m: positions=300,000, batch_size=8,192, load/cache=0.000s, weight_fold=0.194s, context=0.000s, weight_upload=0.045s, batches=0.599s, metrics=0.005s, total=0.844s
  [2mcuda-cpp SFNN[0m [1;36m[progress][0m  [1;36mepoch 9[0m  [1;33msb 44/108[0m  [33mthis-sb=39,976,960 pos (610 batches x 65,536)[0m  [36mtotal=36,299,079,680 pos[0m  [1;36mtrain_time=12933.5s[0m  [1;32mpos/s=2,806,602[0m
  [2mcuda-cpp SFNN[0m [1;33mvalidation overhead[0m: [35mreadback=0.230s[0m  [33mvalidation=0.865s[0m  [2msave=skipped[0m  [1;32mtotal=1.095s[0m
  [2mcuda-cpp SFNN[0m [33mvalidation[0m: epoch=9, superbatch=44, [35mtest_value_accuracy=0.7016067[0m, [35mtest_value_loss=0.07624826[0m, [1;36melapsed=0.865s[0m
  [2mcuda-cpp SFNN[0m [1;36m[progress][0m  [1;36mepoch 9[0m  [1;33msb 45/108[0m  [33mthis-sb=39,976,960 pos (610 batches x 65,536)[0m  [36mtotal=36,339,056,640 pos[0m  [1;36mtrain_time=12947.7s[0m  [1;32mpos/s=2,806,612[0m
  [2mcuda-cpp SFNN[0m [1;36m[progress][0m  [1;36mepoch 9[0m  [1;33msb 46/108[0m  [33mthis-sb=39,976,960 pos (610 batches x 65,536)[0m  [36mtotal=36,379,033,600 pos[0m  [1;36mtrain_time=12961.8s[0m  [1;32mpos/s=2,806,624[0m
  [2mcuda-cpp SFNN[0m [1;36m[progress][0m  [1;36mepoch 9[0m  [1;33msb 47/108[0m  [33mthis-sb=39,976,960 pos (610 batches x 65,536)[0m  [36mtotal=36,419,010,560 pos[0m  [1;36mtrain_time=12976.0s[0m  [1;32mpos/s=2,806,635[0m
  cuda-cpp HalfKA2 validation forward = gpu: positions=300000, batch_size=8192, elapsed=0.594s
  test: accuracy=70.1637% (210491/300000 decisive; draws=0 excluded; mate=0 filtered), loss=0.075985 (n=300000)
  [2mcuda-cpp HalfKA2[0m [1;33mvalidation detail[0m: positions=300,000, batch_size=8,192, load/cache=0.000s, weight_fold=0.195s, context=0.000s, weight_upload=0.041s, batches=0.594s, metrics=0.005s, total=0.835s
  [2mcuda-cpp SFNN[0m [1;36m[progress][0m  [1;36mepoch 9[0m  [1;33msb 48/108[0m  [33mthis-sb=39,976,960 pos (610 batches x 65,536)[0m  [36mtotal=36,458,987,520 pos[0m  [1;36mtrain_time=12990.2s[0m  [1;32mpos/s=2,806,643[0m
  [2mcuda-cpp SFNN[0m [1;33mvalidation overhead[0m: [35mreadback=0.229s[0m  [33mvalidation=0.856s[0m  [2msave=skipped[0m  [1;32mtotal=1.085s[0m
  [2mcuda-cpp SFNN[0m [33mvalidation[0m: epoch=9, superbatch=48, [35mtest_value_accuracy=0.7016367[0m, [35mtest_value_loss=0.07598501[0m, [1;36melapsed=0.856s[0m
  [2mcuda-cpp SFNN[0m [1;36m[progress][0m  [1;36mepoch 9[0m  [1;33msb 49/108[0m  [33mthis-sb=39,976,960 pos (610 batches x 65,536)[0m  [36mtotal=36,498,964,480 pos[0m  [1;36mtrain_time=13004.5s[0m  [1;32mpos/s=2,806,651[0m
  [2mcuda-cpp SFNN[0m [1;36m[progress][0m  [1;36mepoch 9[0m  [1;33msb 50/108[0m  [33mthis-sb=39,976,960 pos (610 batches x 65,536)[0m  [36mtotal=36,538,941,440 pos[0m  [1;36mtrain_time=13018.6s[0m  [1;32mpos/s=2,806,662[0m
  [2mcuda-cpp SFNN[0m [1;36m[progress][0m  [1;36mepoch 9[0m  [1;33msb 51/108[0m  [33mthis-sb=39,976,960 pos (610 batches x 65,536)[0m  [36mtotal=36,578,918,400 pos[0m  [1;36mtrain_time=13032.8s[0m  [1;32mpos/s=2,806,675[0m
  cuda-cpp HalfKA2 validation forward = gpu: positions=300000, batch_size=8192, elapsed=0.594s
  test: accuracy=70.1223% (210367/300000 decisive; draws=0 excluded; mate=0 filtered), loss=0.076073 (n=300000)
  [2mcuda-cpp HalfKA2[0m [1;33mvalidation detail[0m: positions=300,000, batch_size=8,192, load/cache=0.000s, weight_fold=0.194s, context=0.000s, weight_upload=0.040s, batches=0.594s, metrics=0.005s, total=0.832s
  [2mcuda-cpp SFNN[0m [1;36m[progress][0m  [1;36mepoch 9[0m  [1;33msb 52/108[0m  [33mthis-sb=39,976,960 pos (610 batches x 65,536)[0m  [36mtotal=36,618,895,360 pos[0m  [1;36mtrain_time=13047.0s[0m  [1;32mpos/s=2,806,684[0m
  [2mcuda-cpp SFNN[0m [1;33mvalidation overhead[0m: [35mreadback=0.228s[0m  [33mvalidation=0.855s[0m  [2msave=skipped[0m  [1;32mtotal=1.083s[0m
  [2mcuda-cpp SFNN[0m [33mvalidation[0m: epoch=9, superbatch=52, [35mtest_value_accuracy=0.7012233[0m, [35mtest_value_loss=0.07607279[0m, [1;36melapsed=0.855s[0m
  [2mcuda-cpp SFNN[0m [1;36m[progress][0m  [1;36mepoch 9[0m  [1;33msb 53/108[0m  [33mthis-sb=39,976,960 pos (610 batches x 65,536)[0m  [36mtotal=36,658,872,320 pos[0m  [1;36mtrain_time=13061.2s[0m  [1;32mpos/s=2,806,692[0m
  [2mcuda-cpp SFNN[0m [1;36m[progress][0m  [1;36mepoch 9[0m  [1;33msb 54/108[0m  [33mthis-sb=39,976,960 pos (610 batches x 65,536)[0m  [36mtotal=36,698,849,280 pos[0m  [1;36mtrain_time=13075.4s[0m  [1;32mpos/s=2,806,704[0m
  [2mcuda-cpp SFNN[0m [1;36m[progress][0m  [1;36mepoch 9[0m  [1;33msb 55/108[0m  [33mthis-sb=39,976,960 pos (610 batches x 65,536)[0m  [36mtotal=36,738,826,240 pos[0m  [1;36mtrain_time=13089.6s[0m  [1;32mpos/s=2,806,716[0m
  cuda-cpp HalfKA2 validation forward = gpu: positions=300000, batch_size=8192, elapsed=0.593s
  test: accuracy=70.2120% (210636/300000 decisive; draws=0 excluded; mate=0 filtered), loss=0.076055 (n=300000)
  [2mcuda-cpp HalfKA2[0m [1;33mvalidation detail[0m: positions=300,000, batch_size=8,192, load/cache=0.000s, weight_fold=0.194s, context=0.000s, weight_upload=0.040s, batches=0.593s, metrics=0.005s, total=0.832s
  [2mcuda-cpp SFNN[0m [1;36m[progress][0m  [1;36mepoch 9[0m  [1;33msb 56/108[0m  [33mthis-sb=39,976,960 pos (610 batches x 65,536)[0m  [36mtotal=36,778,803,200 pos[0m  [1;36mtrain_time=13103.8s[0m  [1;32mpos/s=2,806,727[0m
  [2mcuda-cpp SFNN[0m [1;33mvalidation overhead[0m: [35mreadback=0.227s[0m  [33mvalidation=0.853s[0m  [2msave=skipped[0m  [1;32mtotal=1.081s[0m
  [2mcuda-cpp SFNN[0m [33mvalidation[0m: epoch=9, superbatch=56, [35mtest_value_accuracy=0.7021200[0m, [35mtest_value_loss=0.07605501[0m, [1;36melapsed=0.853s[0m
  [2mcuda-cpp SFNN[0m [1;36m[progress][0m  [1;36mepoch 9[0m  [1;33msb 57/108[0m  [33mthis-sb=39,976,960 pos (610 batches x 65,536)[0m  [36mtotal=36,818,780,160 pos[0m  [1;36mtrain_time=13118.0s[0m  [1;32mpos/s=2,806,739[0m
  [2mcuda-cpp SFNN[0m [1;36m[progress][0m  [1;36mepoch 9[0m  [1;33msb 58/108[0m  [33mthis-sb=39,976,960 pos (610 batches x 65,536)[0m  [36mtotal=36,858,757,120 pos[0m  [1;36mtrain_time=13132.2s[0m  [1;32mpos/s=2,806,751[0m
  [2mcuda-cpp SFNN[0m [1;36m[progress][0m  [1;36mepoch 9[0m  [1;33msb 59/108[0m  [33mthis-sb=39,976,960 pos (610 batches x 65,536)[0m  [36mtotal=36,898,734,080 pos[0m  [1;36mtrain_time=13146.4s[0m  [1;32mpos/s=2,806,760[0m
  cuda-cpp HalfKA2 validation forward = gpu: positions=300000, batch_size=8192, elapsed=0.592s
  test: accuracy=70.1577% (210473/300000 decisive; draws=0 excluded; mate=0 filtered), loss=0.076069 (n=300000)
  [2mcuda-cpp HalfKA2[0m [1;33mvalidation detail[0m: positions=300,000, batch_size=8,192, load/cache=0.000s, weight_fold=0.196s, context=0.000s, weight_upload=0.039s, batches=0.592s, metrics=0.005s, total=0.833s
  [2mcuda-cpp SFNN[0m [1;36m[progress][0m  [1;36mepoch 9[0m  [1;33msb 60/108[0m  [33mthis-sb=39,976,960 pos (610 batches x 65,536)[0m  [36mtotal=36,938,711,040 pos[0m  [1;36mtrain_time=13160.6s[0m  [1;32mpos/s=2,806,769[0m
  [2mcuda-cpp SFNN[0m [1;33mvalidation overhead[0m: [35mreadback=0.233s[0m  [33mvalidation=0.856s[0m  [2msave=skipped[0m  [1;32mtotal=1.089s[0m
  [2mcuda-cpp SFNN[0m [33mvalidation[0m: epoch=9, superbatch=60, [35mtest_value_accuracy=0.7015767[0m, [35mtest_value_loss=0.07606908[0m, [1;36melapsed=0.856s[0m
  [2mcuda-cpp SFNN[0m [1;36m[progress][0m  [1;36mepoch 9[0m  [1;33msb 61/108[0m  [33mthis-sb=39,976,960 pos (610 batches x 65,536)[0m  [36mtotal=36,978,688,000 pos[0m  [1;36mtrain_time=13174.8s[0m  [1;32mpos/s=2,806,778[0m
  [2mcuda-cpp SFNN[0m [1;36m[progress][0m  [1;36mepoch 9[0m  [1;33msb 62/108[0m  [33mthis-sb=39,976,960 pos (610 batches x 65,536)[0m  [36mtotal=37,018,664,960 pos[0m  [1;36mtrain_time=13189.0s[0m  [1;32mpos/s=2,806,789[0m
  [2mcuda-cpp SFNN[0m [1;36m[progress][0m  [1;36mepoch 9[0m  [1;33msb 63/108[0m  [33mthis-sb=39,976,960 pos (610 batches x 65,536)[0m  [36mtotal=37,058,641,920 pos[0m  [1;36mtrain_time=13203.2s[0m  [1;32mpos/s=2,806,801[0m
  cuda-cpp HalfKA2 validation forward = gpu: positions=300000, batch_size=8192, elapsed=0.593s
  test: accuracy=70.1593% (210478/300000 decisive; draws=0 excluded; mate=0 filtered), loss=0.075884 (n=300000)
  [2mcuda-cpp HalfKA2[0m [1;33mvalidation detail[0m: positions=300,000, batch_size=8,192, load/cache=0.000s, weight_fold=0.197s, context=0.000s, weight_upload=0.038s, batches=0.593s, metrics=0.005s, total=0.832s
  [2mcuda-cpp SFNN[0m [1;36m[progress][0m  [1;36mepoch 9[0m  [1;33msb 64/108[0m  [33mthis-sb=39,976,960 pos (610 batches x 65,536)[0m  [36mtotal=37,098,618,880 pos[0m  [1;36mtrain_time=13217.4s[0m  [1;32mpos/s=2,806,812[0m
  [2mcuda-cpp SFNN[0m [1;33mvalidation overhead[0m: [35mreadback=0.227s[0m  [33mvalidation=0.853s[0m  [2msave=skipped[0m  [1;32mtotal=1.081s[0m
  [2mcuda-cpp SFNN[0m [33mvalidation[0m: epoch=9, superbatch=64, [35mtest_value_accuracy=0.7015933[0m, [35mtest_value_loss=0.07588388[0m, [1;36melapsed=0.853s[0m
  [2mcuda-cpp SFNN[0m [1;36m[progress][0m  [1;36mepoch 9[0m  [1;33msb 65/108[0m  [33mthis-sb=39,976,960 pos (610 batches x 65,536)[0m  [36mtotal=37,138,595,840 pos[0m  [1;36mtrain_time=13231.6s[0m  [1;32mpos/s=2,806,820[0m
  [2mcuda-cpp SFNN[0m [1;36m[progress][0m  [1;36mepoch 9[0m  [1;33msb 66/108[0m  [33mthis-sb=39,976,960 pos (610 batches x 65,536)[0m  [36mtotal=37,178,572,800 pos[0m  [1;36mtrain_time=13245.7s[0m  [1;32mpos/s=2,806,833[0m
  [2mcuda-cpp SFNN[0m [1;36m[progress][0m  [1;36mepoch 9[0m  [1;33msb 67/108[0m  [33mthis-sb=39,976,960 pos (610 batches x 65,536)[0m  [36mtotal=37,218,549,760 pos[0m  [1;36mtrain_time=13259.9s[0m  [1;32mpos/s=2,806,847[0m
  cuda-cpp HalfKA2 validation forward = gpu: positions=300000, batch_size=8192, elapsed=0.595s
  test: accuracy=70.1840% (210552/300000 decisive; draws=0 excluded; mate=0 filtered), loss=0.075824 (n=300000)
  [2mcuda-cpp HalfKA2[0m [1;33mvalidation detail[0m: positions=300,000, batch_size=8,192, load/cache=0.000s, weight_fold=0.198s, context=0.000s, weight_upload=0.043s, batches=0.595s, metrics=0.005s, total=0.841s
  [2mcuda-cpp SFNN[0m [1;36m[progress][0m  [1;36mepoch 9[0m  [1;33msb 68/108[0m  [33mthis-sb=39,976,960 pos (610 batches x 65,536)[0m  [36mtotal=37,258,526,720 pos[0m  [1;36mtrain_time=13274.1s[0m  [1;32mpos/s=2,806,857[0m
  [2mcuda-cpp SFNN[0m [1;33mvalidation overhead[0m: [35mreadback=0.234s[0m  [33mvalidation=0.864s[0m  [2msave=skipped[0m  [1;32mtotal=1.097s[0m
  [2mcuda-cpp SFNN[0m [33mvalidation[0m: epoch=9, superbatch=68, [35mtest_value_accuracy=0.7018400[0m, [35mtest_value_loss=0.07582442[0m, [1;36melapsed=0.864s[0m
  [2mcuda-cpp SFNN[0m [1;36m[progress][0m  [1;36mepoch 9[0m  [1;33msb 69/108[0m  [33mthis-sb=39,976,960 pos (610 batches x 65,536)[0m  [36mtotal=37,298,503,680 pos[0m  [1;36mtrain_time=13288.3s[0m  [1;32mpos/s=2,806,862[0m
  [2mcuda-cpp SFNN[0m [1;36m[progress][0m  [1;36mepoch 9[0m  [1;33msb 70/108[0m  [33mthis-sb=39,976,960 pos (610 batches x 65,536)[0m  [36mtotal=37,338,480,640 pos[0m  [1;36mtrain_time=13302.5s[0m  [1;32mpos/s=2,806,873[0m
  [2mcuda-cpp SFNN[0m [1;36m[progress][0m  [1;36mepoch 9[0m  [1;33msb 71/108[0m  [33mthis-sb=39,976,960 pos (610 batches x 65,536)[0m  [36mtotal=37,378,457,600 pos[0m  [1;36mtrain_time=13316.7s[0m  [1;32mpos/s=2,806,882[0m
  cuda-cpp HalfKA2 validation forward = gpu: positions=300000, batch_size=8192, elapsed=0.590s
  test: accuracy=70.2110% (210633/300000 decisive; draws=0 excluded; mate=0 filtered), loss=0.076028 (n=300000)
  [2mcuda-cpp HalfKA2[0m [1;33mvalidation detail[0m: positions=300,000, batch_size=8,192, load/cache=0.000s, weight_fold=0.196s, context=0.000s, weight_upload=0.039s, batches=0.590s, metrics=0.005s, total=0.831s
  [2mcuda-cpp SFNN[0m [1;36m[progress][0m  [1;36mepoch 9[0m  [1;33msb 72/108[0m  [33mthis-sb=39,976,960 pos (610 batches x 65,536)[0m  [36mtotal=37,418,434,560 pos[0m  [1;36mtrain_time=13330.9s[0m  [1;32mpos/s=2,806,890[0m
  [2mcuda-cpp SFNN[0m [1;33mvalidation overhead[0m: [35mreadback=0.230s[0m  [33mvalidation=0.853s[0m  [2msave=skipped[0m  [1;32mtotal=1.083s[0m
  [2mcuda-cpp SFNN[0m [33mvalidation[0m: epoch=9, superbatch=72, [35mtest_value_accuracy=0.7021100[0m, [35mtest_value_loss=0.07602769[0m, [1;36melapsed=0.853s[0m
  [2mcuda-cpp SFNN[0m [1;36m[progress][0m  [1;36mepoch 9[0m  [1;33msb 73/108[0m  [33mthis-sb=39,976,960 pos (610 batches x 65,536)[0m  [36mtotal=37,458,411,520 pos[0m  [1;36mtrain_time=13345.1s[0m  [1;32mpos/s=2,806,895[0m
  [2mcuda-cpp SFNN[0m [1;36m[progress][0m  [1;36mepoch 9[0m  [1;33msb 74/108[0m  [33mthis-sb=39,976,960 pos (610 batches x 65,536)[0m  [36mtotal=37,498,388,480 pos[0m  [1;36mtrain_time=13359.3s[0m  [1;32mpos/s=2,806,904[0m
  [2mcuda-cpp SFNN[0m [1;36m[progress][0m  [1;36mepoch 9[0m  [1;33msb 75/108[0m  [33mthis-sb=39,976,960 pos (610 batches x 65,536)[0m  [36mtotal=37,538,365,440 pos[0m  [1;36mtrain_time=13373.5s[0m  [1;32mpos/s=2,806,911[0m
  cuda-cpp HalfKA2 validation forward = gpu: positions=300000, batch_size=8192, elapsed=0.592s
  test: accuracy=70.2437% (210731/300000 decisive; draws=0 excluded; mate=0 filtered), loss=0.075570 (n=300000)
  [2mcuda-cpp HalfKA2[0m [1;33mvalidation detail[0m: positions=300,000, batch_size=8,192, load/cache=0.000s, weight_fold=0.196s, context=0.000s, weight_upload=0.039s, batches=0.592s, metrics=0.005s, total=0.833s
  [2mcuda-cpp SFNN[0m [1;36m[progress][0m  [1;36mepoch 9[0m  [1;33msb 76/108[0m  [33mthis-sb=39,976,960 pos (610 batches x 65,536)[0m  [36mtotal=37,578,342,400 pos[0m  [1;36mtrain_time=13387.8s[0m  [1;32mpos/s=2,806,918[0m
  [2mcuda-cpp SFNN[0m [1;33mvalidation overhead[0m: [35mreadback=0.234s[0m  [33mvalidation=0.855s[0m  [2msave=skipped[0m  [1;32mtotal=1.089s[0m
  [2mcuda-cpp SFNN[0m [33mvalidation[0m: epoch=9, superbatch=76, [35mtest_value_accuracy=0.7024367[0m, [35mtest_value_loss=0.07557047[0m, [1;36melapsed=0.855s[0m
  [2mcuda-cpp SFNN[0m [1;36m[progress][0m  [1;36mepoch 9[0m  [1;33msb 77/108[0m  [33mthis-sb=39,976,960 pos (610 batches x 65,536)[0m  [36mtotal=37,618,319,360 pos[0m  [1;36mtrain_time=13402.0s[0m  [1;32mpos/s=2,806,922[0m
  [2mcuda-cpp SFNN[0m [1;36m[progress][0m  [1;36mepoch 9[0m  [1;33msb 78/108[0m  [33mthis-sb=39,976,960 pos (610 batches x 65,536)[0m  [36mtotal=37,658,296,320 pos[0m  [1;36mtrain_time=13416.2s[0m  [1;32mpos/s=2,806,933[0m
  [2mcuda-cpp SFNN[0m [1;36m[progress][0m  [1;36mepoch 9[0m  [1;33msb 79/108[0m  [33mthis-sb=39,976,960 pos (610 batches x 65,536)[0m  [36mtotal=37,698,273,280 pos[0m  [1;36mtrain_time=13430.4s[0m  [1;32mpos/s=2,806,942[0m
  cuda-cpp HalfKA2 validation forward = gpu: positions=300000, batch_size=8192, elapsed=0.601s
  test: accuracy=70.2017% (210605/300000 decisive; draws=0 excluded; mate=0 filtered), loss=0.075999 (n=300000)
  [2mcuda-cpp HalfKA2[0m [1;33mvalidation detail[0m: positions=300,000, batch_size=8,192, load/cache=0.000s, weight_fold=0.197s, context=0.000s, weight_upload=0.043s, batches=0.601s, metrics=0.005s, total=0.846s
  [2mcuda-cpp SFNN[0m [1;36m[progress][0m  [1;36mepoch 9[0m  [1;33msb 80/108[0m  [33mthis-sb=39,976,960 pos (610 batches x 65,536)[0m  [36mtotal=37,738,250,240 pos[0m  [1;36mtrain_time=13444.6s[0m  [1;32mpos/s=2,806,950[0m
  [2mcuda-cpp SFNN[0m [1;33mvalidation overhead[0m: [35mreadback=0.230s[0m  [33mvalidation=0.872s[0m  [2msave=skipped[0m  [1;32mtotal=1.102s[0m
  [2mcuda-cpp SFNN[0m [33mvalidation[0m: epoch=9, superbatch=80, [35mtest_value_accuracy=0.7020167[0m, [35mtest_value_loss=0.07599945[0m, [1;36melapsed=0.872s[0m
  [2mcuda-cpp SFNN[0m [1;36m[progress][0m  [1;36mepoch 9[0m  [1;33msb 81/108[0m  [33mthis-sb=39,976,960 pos (610 batches x 65,536)[0m  [36mtotal=37,778,227,200 pos[0m  [1;36mtrain_time=13458.8s[0m  [1;32mpos/s=2,806,957[0m
  [2mcuda-cpp SFNN[0m [1;36m[progress][0m  [1;36mepoch 9[0m  [1;33msb 82/108[0m  [33mthis-sb=39,976,960 pos (610 batches x 65,536)[0m  [36mtotal=37,818,204,160 pos[0m  [1;36mtrain_time=13473.0s[0m  [1;32mpos/s=2,806,966[0m
  [2mcuda-cpp SFNN[0m [1;36m[progress][0m  [1;36mepoch 9[0m  [1;33msb 83/108[0m  [33mthis-sb=39,976,960 pos (610 batches x 65,536)[0m  [36mtotal=37,858,181,120 pos[0m  [1;36mtrain_time=13487.2s[0m  [1;32mpos/s=2,806,978[0m
  cuda-cpp HalfKA2 validation forward = gpu: positions=300000, batch_size=8192, elapsed=0.593s
  test: accuracy=70.2673% (210802/300000 decisive; draws=0 excluded; mate=0 filtered), loss=0.075796 (n=300000)
  [2mcuda-cpp HalfKA2[0m [1;33mvalidation detail[0m: positions=300,000, batch_size=8,192, load/cache=0.000s, weight_fold=0.194s, context=0.000s, weight_upload=0.042s, batches=0.593s, metrics=0.005s, total=0.834s
  [2mcuda-cpp SFNN[0m [1;36m[progress][0m  [1;36mepoch 9[0m  [1;33msb 84/108[0m  [33mthis-sb=39,976,960 pos (610 batches x 65,536)[0m  [36mtotal=37,898,158,080 pos[0m  [1;36mtrain_time=13501.4s[0m  [1;32mpos/s=2,806,990[0m
  [2mcuda-cpp SFNN[0m [1;33mvalidation overhead[0m: [35mreadback=0.228s[0m  [33mvalidation=0.855s[0m  [2msave=skipped[0m  [1;32mtotal=1.084s[0m
  [2mcuda-cpp SFNN[0m [33mvalidation[0m: epoch=9, superbatch=84, [35mtest_value_accuracy=0.7026733[0m, [35mtest_value_loss=0.07579628[0m, [1;36melapsed=0.855s[0m
  [2mcuda-cpp SFNN[0m [1;36m[progress][0m  [1;36mepoch 9[0m  [1;33msb 85/108[0m  [33mthis-sb=39,976,960 pos (610 batches x 65,536)[0m  [36mtotal=37,938,135,040 pos[0m  [1;36mtrain_time=13515.5s[0m  [1;32mpos/s=2,807,000[0m
  [2mcuda-cpp SFNN[0m [1;36m[progress][0m  [1;36mepoch 9[0m  [1;33msb 86/108[0m  [33mthis-sb=39,976,960 pos (610 batches x 65,536)[0m  [36mtotal=37,978,112,000 pos[0m  [1;36mtrain_time=13529.7s[0m  [1;32mpos/s=2,807,012[0m
  [2mcuda-cpp SFNN[0m [1;36m[progress][0m  [1;36mepoch 9[0m  [1;33msb 87/108[0m  [33mthis-sb=39,976,960 pos (610 batches x 65,536)[0m  [36mtotal=38,018,088,960 pos[0m  [1;36mtrain_time=13543.9s[0m  [1;32mpos/s=2,807,023[0m
  cuda-cpp HalfKA2 validation forward = gpu: positions=300000, batch_size=8192, elapsed=0.591s
  test: accuracy=70.2750% (210825/300000 decisive; draws=0 excluded; mate=0 filtered), loss=0.075785 (n=300000)
  [2mcuda-cpp HalfKA2[0m [1;33mvalidation detail[0m: positions=300,000, batch_size=8,192, load/cache=0.000s, weight_fold=0.194s, context=0.000s, weight_upload=0.040s, batches=0.591s, metrics=0.005s, total=0.830s
  [2mcuda-cpp SFNN[0m [1;36m[progress][0m  [1;36mepoch 9[0m  [1;33msb 88/108[0m  [33mthis-sb=39,976,960 pos (610 batches x 65,536)[0m  [36mtotal=38,058,065,920 pos[0m  [1;36mtrain_time=13558.1s[0m  [1;32mpos/s=2,807,036[0m
  [2mcuda-cpp SFNN[0m [1;33mvalidation overhead[0m: [35mreadback=0.233s[0m  [33mvalidation=0.852s[0m  [2msave=skipped[0m  [1;32mtotal=1.085s[0m
  [2mcuda-cpp SFNN[0m [33mvalidation[0m: epoch=9, superbatch=88, [35mtest_value_accuracy=0.7027500[0m, [35mtest_value_loss=0.07578481[0m, [1;36melapsed=0.852s[0m
  [2mcuda-cpp SFNN[0m [1;36m[progress][0m  [1;36mepoch 9[0m  [1;33msb 89/108[0m  [33mthis-sb=39,976,960 pos (610 batches x 65,536)[0m  [36mtotal=38,098,042,880 pos[0m  [1;36mtrain_time=13572.3s[0m  [1;32mpos/s=2,807,040[0m
  [2mcuda-cpp SFNN[0m [1;36m[progress][0m  [1;36mepoch 9[0m  [1;33msb 90/108[0m  [33mthis-sb=39,976,960 pos (610 batches x 65,536)[0m  [36mtotal=38,138,019,840 pos[0m  [1;36mtrain_time=13586.5s[0m  [1;32mpos/s=2,807,053[0m
  [2mcuda-cpp SFNN[0m [1;36m[progress][0m  [1;36mepoch 9[0m  [1;33msb 91/108[0m  [33mthis-sb=39,976,960 pos (610 batches x 65,536)[0m  [36mtotal=38,177,996,800 pos[0m  [1;36mtrain_time=13600.7s[0m  [1;32mpos/s=2,807,062[0m
  cuda-cpp HalfKA2 validation forward = gpu: positions=300000, batch_size=8192, elapsed=0.591s
  test: accuracy=70.2603% (210781/300000 decisive; draws=0 excluded; mate=0 filtered), loss=0.075782 (n=300000)
  [2mcuda-cpp HalfKA2[0m [1;33mvalidation detail[0m: positions=300,000, batch_size=8,192, load/cache=0.000s, weight_fold=0.197s, context=0.000s, weight_upload=0.040s, batches=0.591s, metrics=0.005s, total=0.833s
  [2mcuda-cpp SFNN[0m [1;36m[progress][0m  [1;36mepoch 9[0m  [1;33msb 92/108[0m  [33mthis-sb=39,976,960 pos (610 batches x 65,536)[0m  [36mtotal=38,217,973,760 pos[0m  [1;36mtrain_time=13614.9s[0m  [1;32mpos/s=2,807,072[0m
  [2mcuda-cpp SFNN[0m [1;33mvalidation overhead[0m: [35mreadback=0.233s[0m  [33mvalidation=0.856s[0m  [2msave=skipped[0m  [1;32mtotal=1.089s[0m
  [2mcuda-cpp SFNN[0m [33mvalidation[0m: epoch=9, superbatch=92, [35mtest_value_accuracy=0.7026033[0m, [35mtest_value_loss=0.07578173[0m, [1;36melapsed=0.856s[0m
  [2mcuda-cpp SFNN[0m [1;36m[progress][0m  [1;36mepoch 9[0m  [1;33msb 93/108[0m  [33mthis-sb=39,976,960 pos (610 batches x 65,536)[0m  [36mtotal=38,257,950,720 pos[0m  [1;36mtrain_time=13629.1s[0m  [1;32mpos/s=2,807,080[0m
  [2mcuda-cpp SFNN[0m [1;36m[progress][0m  [1;36mepoch 9[0m  [1;33msb 94/108[0m  [33mthis-sb=39,976,960 pos (610 batches x 65,536)[0m  [36mtotal=38,297,927,680 pos[0m  [1;36mtrain_time=13643.3s[0m  [1;32mpos/s=2,807,093[0m
  [2mcuda-cpp SFNN[0m [1;36m[progress][0m  [1;36mepoch 9[0m  [1;33msb 95/108[0m  [33mthis-sb=39,976,960 pos (610 batches x 65,536)[0m  [36mtotal=38,337,904,640 pos[0m  [1;36mtrain_time=13657.5s[0m  [1;32mpos/s=2,807,104[0m
  cuda-cpp HalfKA2 validation forward = gpu: positions=300000, batch_size=8192, elapsed=0.593s
  test: accuracy=70.2513% (210754/300000 decisive; draws=0 excluded; mate=0 filtered), loss=0.075926 (n=300000)
  [2mcuda-cpp HalfKA2[0m [1;33mvalidation detail[0m: positions=300,000, batch_size=8,192, load/cache=0.000s, weight_fold=0.207s, context=0.000s, weight_upload=0.040s, batches=0.593s, metrics=0.005s, total=0.846s
  [2mcuda-cpp SFNN[0m [1;36m[progress][0m  [1;36mepoch 9[0m  [1;33msb 96/108[0m  [33mthis-sb=39,976,960 pos (610 batches x 65,536)[0m  [36mtotal=38,377,881,600 pos[0m  [1;36mtrain_time=13671.7s[0m  [1;32mpos/s=2,807,113[0m
  [2mcuda-cpp SFNN[0m [1;33mvalidation overhead[0m: [35mreadback=0.233s[0m  [33mvalidation=0.872s[0m  [2msave=skipped[0m  [1;32mtotal=1.105s[0m
  [2mcuda-cpp SFNN[0m [33mvalidation[0m: epoch=9, superbatch=96, [35mtest_value_accuracy=0.7025133[0m, [35mtest_value_loss=0.07592554[0m, [1;36melapsed=0.872s[0m
  [2mcuda-cpp SFNN[0m [1;36m[progress][0m  [1;36mepoch 9[0m  [1;33msb 97/108[0m  [33mthis-sb=39,976,960 pos (610 batches x 65,536)[0m  [36mtotal=38,417,858,560 pos[0m  [1;36mtrain_time=13685.9s[0m  [1;32mpos/s=2,807,120[0m
  [2mcuda-cpp SFNN[0m [1;36m[progress][0m  [1;36mepoch 9[0m  [1;33msb 98/108[0m  [33mthis-sb=39,976,960 pos (610 batches x 65,536)[0m  [36mtotal=38,457,835,520 pos[0m  [1;36mtrain_time=13700.0s[0m  [1;32mpos/s=2,807,131[0m
  [2mcuda-cpp SFNN[0m [1;36m[progress][0m  [1;36mepoch 9[0m  [1;33msb 99/108[0m  [33mthis-sb=39,976,960 pos (610 batches x 65,536)[0m  [36mtotal=38,497,812,480 pos[0m  [1;36mtrain_time=13714.2s[0m  [1;32mpos/s=2,807,142[0m
  cuda-cpp HalfKA2 validation forward = gpu: positions=300000, batch_size=8192, elapsed=0.590s
  test: accuracy=70.2193% (210658/300000 decisive; draws=0 excluded; mate=0 filtered), loss=0.075896 (n=300000)
  [2mcuda-cpp HalfKA2[0m [1;33mvalidation detail[0m: positions=300,000, batch_size=8,192, load/cache=0.000s, weight_fold=0.198s, context=0.000s, weight_upload=0.039s, batches=0.590s, metrics=0.005s, total=0.833s
  [2mcuda-cpp SFNN[0m [1;36m[progress][0m  [1;36mepoch 9[0m  [1;33msb 100/108[0m  [33mthis-sb=39,976,960 pos (610 batches x 65,536)[0m  [36mtotal=38,537,789,440 pos[0m  [1;36mtrain_time=13728.4s[0m  [1;32mpos/s=2,807,151[0m
  [2mcuda-cpp SFNN[0m [1;33mvalidation overhead[0m: [35mreadback=0.232s[0m  [33mvalidation=0.857s[0m  [2msave=skipped[0m  [1;32mtotal=1.089s[0m
  [2mcuda-cpp SFNN[0m [33mvalidation[0m: epoch=9, superbatch=100, [35mtest_value_accuracy=0.7021933[0m, [35mtest_value_loss=0.07589567[0m, [1;36melapsed=0.857s[0m
  [2mcuda-cpp SFNN[0m [1;36m[progress][0m  [1;36mepoch 9[0m  [1;33msb 101/108[0m  [33mthis-sb=39,976,960 pos (610 batches x 65,536)[0m  [36mtotal=38,577,766,400 pos[0m  [1;36mtrain_time=13742.6s[0m  [1;32mpos/s=2,807,157[0m
  [2mcuda-cpp SFNN[0m [1;36m[progress][0m  [1;36mepoch 9[0m  [1;33msb 102/108[0m  [33mthis-sb=39,976,960 pos (610 batches x 65,536)[0m  [36mtotal=38,617,743,360 pos[0m  [1;36mtrain_time=13756.8s[0m  [1;32mpos/s=2,807,166[0m
  [2mcuda-cpp SFNN[0m [1;36m[progress][0m  [1;36mepoch 9[0m  [1;33msb 103/108[0m  [33mthis-sb=39,976,960 pos (610 batches x 65,536)[0m  [36mtotal=38,657,720,320 pos[0m  [1;36mtrain_time=13771.0s[0m  [1;32mpos/s=2,807,174[0m
  cuda-cpp HalfKA2 validation forward = gpu: positions=300000, batch_size=8192, elapsed=0.591s
  test: accuracy=70.2473% (210742/300000 decisive; draws=0 excluded; mate=0 filtered), loss=0.075949 (n=300000)
  [2mcuda-cpp HalfKA2[0m [1;33mvalidation detail[0m: positions=300,000, batch_size=8,192, load/cache=0.000s, weight_fold=0.198s, context=0.000s, weight_upload=0.040s, batches=0.591s, metrics=0.005s, total=0.834s
  [2mcuda-cpp SFNN[0m [1;36m[progress][0m  [1;36mepoch 9[0m  [1;33msb 104/108[0m  [33mthis-sb=39,976,960 pos (610 batches x 65,536)[0m  [36mtotal=38,697,697,280 pos[0m  [1;36mtrain_time=13785.2s[0m  [1;32mpos/s=2,807,183[0m
  [2mcuda-cpp SFNN[0m [1;33mvalidation overhead[0m: [35mreadback=0.235s[0m  [33mvalidation=0.858s[0m  [2msave=skipped[0m  [1;32mtotal=1.093s[0m
  [2mcuda-cpp SFNN[0m [33mvalidation[0m: epoch=9, superbatch=104, [35mtest_value_accuracy=0.7024733[0m, [35mtest_value_loss=0.07594932[0m, [1;36melapsed=0.858s[0m
  [2mcuda-cpp SFNN[0m [1;36m[progress][0m  [1;36mepoch 9[0m  [1;33msb 105/108[0m  [33mthis-sb=39,976,960 pos (610 batches x 65,536)[0m  [36mtotal=38,737,674,240 pos[0m  [1;36mtrain_time=13799.4s[0m  [1;32mpos/s=2,807,191[0m
  [2mcuda-cpp SFNN[0m [1;36m[progress][0m  [1;36mepoch 9[0m  [1;33msb 106/108[0m  [33mthis-sb=39,976,960 pos (610 batches x 65,536)[0m  [36mtotal=38,777,651,200 pos[0m  [1;36mtrain_time=13813.6s[0m  [1;32mpos/s=2,807,203[0m
  [2mcuda-cpp SFNN[0m [1;36m[progress][0m  [1;36mepoch 9[0m  [1;33msb 107/108[0m  [33mthis-sb=39,976,960 pos (610 batches x 65,536)[0m  [36mtotal=38,817,628,160 pos[0m  [1;36mtrain_time=13827.8s[0m  [1;32mpos/s=2,807,212[0m
  cuda-cpp HalfKA2 validation forward = gpu: positions=300000, batch_size=8192, elapsed=0.592s
  test: accuracy=70.2147% (210644/300000 decisive; draws=0 excluded; mate=0 filtered), loss=0.075819 (n=300000)
  [2mcuda-cpp HalfKA2[0m [1;33mvalidation detail[0m: positions=300,000, batch_size=8,192, load/cache=0.000s, weight_fold=0.199s, context=0.001s, weight_upload=0.042s, batches=0.592s, metrics=0.005s, total=0.838s
  [2mcuda-cpp SFNN[0m [1;32m[checkpoint][0m  [1;36mepoch 9[0m  [1;33msb 108/108[0m  [33mthis-sb=39,976,960 pos (610 batches x 65,536)[0m  [36mtotal=38,857,605,120 pos[0m  [1;36mtrain_time=13842.0s[0m  [1;32mpos/s=2,807,219[0m
  [2mcuda-cpp SFNN[0m [1;33mcheckpoint overhead[0m: [35mreadback=0.916s[0m  [33mvalidation=0.862s[0m  [36msave=4.816s (state.bin 2.04 GiB, 434 MiB/s)[0m  [1;32mtotal=6.593s[0m
  [2mcuda-cpp SFNN[0m [33mvalidation[0m: epoch=9, superbatch=108, [35mtest_value_accuracy=0.7021466[0m, [35mtest_value_loss=0.07581854[0m, [1;36melapsed=0.862s[0m
  [2mcuda-cpp SFNN[0m [1;36m[progress][0m  [1;36mepoch 10[0m  [1;33msb 1/108[0m  [33mthis-sb=39,976,960 pos (610 batches x 65,536)[0m  [36mtotal=38,897,582,080 pos[0m  [1;36mtrain_time=13856.3s[0m  [1;32mpos/s=2,807,217[0m
  [2mcuda-cpp SFNN[0m [1;36m[progress][0m  [1;36mepoch 10[0m  [1;33msb 2/108[0m  [33mthis-sb=39,976,960 pos (610 batches x 65,536)[0m  [36mtotal=38,937,559,040 pos[0m  [1;36mtrain_time=13870.4s[0m  [1;32mpos/s=2,807,238[0m
  [2mcuda-cpp SFNN[0m [1;36m[progress][0m  [1;36mepoch 10[0m  [1;33msb 3/108[0m  [33mthis-sb=39,976,960 pos (610 batches x 65,536)[0m  [36mtotal=38,977,536,000 pos[0m  [1;36mtrain_time=13884.6s[0m  [1;32mpos/s=2,807,251[0m
  cuda-cpp HalfKA2 validation forward = gpu: positions=300000, batch_size=8192, elapsed=0.592s
  test: accuracy=69.8593% (209578/300000 decisive; draws=0 excluded; mate=0 filtered), loss=0.076905 (n=300000)
  [2mcuda-cpp HalfKA2[0m [1;33mvalidation detail[0m: positions=300,000, batch_size=8,192, load/cache=0.000s, weight_fold=0.203s, context=0.000s, weight_upload=0.040s, batches=0.592s, metrics=0.005s, total=0.839s
  [2mcuda-cpp SFNN[0m [1;36m[progress][0m  [1;36mepoch 10[0m  [1;33msb 4/108[0m  [33mthis-sb=39,976,960 pos (610 batches x 65,536)[0m  [36mtotal=39,017,512,960 pos[0m  [1;36mtrain_time=13898.8s[0m  [1;32mpos/s=2,807,266[0m
  [2mcuda-cpp SFNN[0m [1;33mvalidation overhead[0m: [35mreadback=0.237s[0m  [33mvalidation=0.863s[0m  [2msave=skipped[0m  [1;32mtotal=1.100s[0m
  [2mcuda-cpp SFNN[0m [33mvalidation[0m: epoch=10, superbatch=4, [35mtest_value_accuracy=0.6985933[0m, [35mtest_value_loss=0.07690502[0m, [1;36melapsed=0.863s[0m
  [2mcuda-cpp SFNN[0m [1;36m[progress][0m  [1;36mepoch 10[0m  [1;33msb 5/108[0m  [33mthis-sb=39,976,960 pos (610 batches x 65,536)[0m  [36mtotal=39,057,489,920 pos[0m  [1;36mtrain_time=13912.9s[0m  [1;32mpos/s=2,807,276[0m
  [2mcuda-cpp SFNN[0m [1;36m[progress][0m  [1;36mepoch 10[0m  [1;33msb 6/108[0m  [33mthis-sb=39,976,960 pos (610 batches x 65,536)[0m  [36mtotal=39,097,466,880 pos[0m  [1;36mtrain_time=13927.1s[0m  [1;32mpos/s=2,807,290[0m
  [2mcuda-cpp SFNN[0m [1;36m[progress][0m  [1;36mepoch 10[0m  [1;33msb 7/108[0m  [33mthis-sb=39,976,960 pos (610 batches x 65,536)[0m  [36mtotal=39,137,443,840 pos[0m  [1;36mtrain_time=13941.3s[0m  [1;32mpos/s=2,807,304[0m
  cuda-cpp HalfKA2 validation forward = gpu: positions=300000, batch_size=8192, elapsed=0.590s
  test: accuracy=69.8383% (209515/300000 decisive; draws=0 excluded; mate=0 filtered), loss=0.076875 (n=300000)
  [2mcuda-cpp HalfKA2[0m [1;33mvalidation detail[0m: positions=300,000, batch_size=8,192, load/cache=0.000s, weight_fold=0.198s, context=0.000s, weight_upload=0.039s, batches=0.590s, metrics=0.005s, total=0.832s
  [2mcuda-cpp SFNN[0m [1;36m[progress][0m  [1;36mepoch 10[0m  [1;33msb 8/108[0m  [33mthis-sb=39,976,960 pos (610 batches x 65,536)[0m  [36mtotal=39,177,420,800 pos[0m  [1;36mtrain_time=13955.5s[0m  [1;32mpos/s=2,807,314[0m
  [2mcuda-cpp SFNN[0m [1;33mvalidation overhead[0m: [35mreadback=0.238s[0m  [33mvalidation=0.855s[0m  [2msave=skipped[0m  [1;32mtotal=1.093s[0m
  [2mcuda-cpp SFNN[0m [33mvalidation[0m: epoch=10, superbatch=8, [35mtest_value_accuracy=0.6983833[0m, [35mtest_value_loss=0.07687472[0m, [1;36melapsed=0.855s[0m
  [2mcuda-cpp SFNN[0m [1;36m[progress][0m  [1;36mepoch 10[0m  [1;33msb 9/108[0m  [33mthis-sb=39,976,960 pos (610 batches x 65,536)[0m  [36mtotal=39,217,397,760 pos[0m  [1;36mtrain_time=13969.7s[0m  [1;32mpos/s=2,807,321[0m
  [2mcuda-cpp SFNN[0m [1;36m[progress][0m  [1;36mepoch 10[0m  [1;33msb 10/108[0m  [33mthis-sb=39,976,960 pos (610 batches x 65,536)[0m  [36mtotal=39,257,374,720 pos[0m  [1;36mtrain_time=13983.9s[0m  [1;32mpos/s=2,807,336[0m
  [2mcuda-cpp SFNN[0m [1;36m[progress][0m  [1;36mepoch 10[0m  [1;33msb 11/108[0m  [33mthis-sb=39,976,960 pos (610 batches x 65,536)[0m  [36mtotal=39,297,351,680 pos[0m  [1;36mtrain_time=13998.0s[0m  [1;32mpos/s=2,807,350[0m
  cuda-cpp HalfKA2 validation forward = gpu: positions=300000, batch_size=8192, elapsed=0.592s
  test: accuracy=69.9060% (209718/300000 decisive; draws=0 excluded; mate=0 filtered), loss=0.076249 (n=300000)
  [2mcuda-cpp HalfKA2[0m [1;33mvalidation detail[0m: positions=300,000, batch_size=8,192, load/cache=0.000s, weight_fold=0.199s, context=0.001s, weight_upload=0.039s, batches=0.592s, metrics=0.005s, total=0.835s
  [2mcuda-cpp SFNN[0m [1;36m[progress][0m  [1;36mepoch 10[0m  [1;33msb 12/108[0m  [33mthis-sb=39,976,960 pos (610 batches x 65,536)[0m  [36mtotal=39,337,328,640 pos[0m  [1;36mtrain_time=14012.2s[0m  [1;32mpos/s=2,807,364[0m
  [2mcuda-cpp SFNN[0m [1;33mvalidation overhead[0m: [35mreadback=0.243s[0m  [33mvalidation=0.859s[0m  [2msave=skipped[0m  [1;32mtotal=1.102s[0m
  [2mcuda-cpp SFNN[0m [33mvalidation[0m: epoch=10, superbatch=12, [35mtest_value_accuracy=0.6990600[0m, [35mtest_value_loss=0.07624883[0m, [1;36melapsed=0.859s[0m
  [2mcuda-cpp SFNN[0m [1;36m[progress][0m  [1;36mepoch 10[0m  [1;33msb 13/108[0m  [33mthis-sb=39,976,960 pos (610 batches x 65,536)[0m  [36mtotal=39,377,305,600 pos[0m  [1;36mtrain_time=14026.4s[0m  [1;32mpos/s=2,807,372[0m
  [2mcuda-cpp SFNN[0m [1;36m[progress][0m  [1;36mepoch 10[0m  [1;33msb 14/108[0m  [33mthis-sb=39,976,960 pos (610 batches x 65,536)[0m  [36mtotal=39,417,282,560 pos[0m  [1;36mtrain_time=14040.9s[0m  [1;32mpos/s=2,807,322[0m
  [2mcuda-cpp SFNN[0m [1;36m[progress][0m  [1;36mepoch 10[0m  [1;33msb 15/108[0m  [33mthis-sb=39,976,960 pos (610 batches x 65,536)[0m  [36mtotal=39,457,259,520 pos[0m  [1;36mtrain_time=14055.1s[0m  [1;32mpos/s=2,807,335[0m
  cuda-cpp HalfKA2 validation forward = gpu: positions=300000, batch_size=8192, elapsed=0.593s
  test: accuracy=69.9723% (209917/300000 decisive; draws=0 excluded; mate=0 filtered), loss=0.076396 (n=300000)
  [2mcuda-cpp HalfKA2[0m [1;33mvalidation detail[0m: positions=300,000, batch_size=8,192, load/cache=0.000s, weight_fold=0.197s, context=0.000s, weight_upload=0.040s, batches=0.593s, metrics=0.005s, total=0.836s
  [2mcuda-cpp SFNN[0m [1;36m[progress][0m  [1;36mepoch 10[0m  [1;33msb 16/108[0m  [33mthis-sb=39,976,960 pos (610 batches x 65,536)[0m  [36mtotal=39,497,236,480 pos[0m  [1;36mtrain_time=14069.3s[0m  [1;32mpos/s=2,807,343[0m
  [2mcuda-cpp SFNN[0m [1;33mvalidation overhead[0m: [35mreadback=0.234s[0m  [33mvalidation=0.859s[0m  [2msave=skipped[0m  [1;32mtotal=1.094s[0m
  [2mcuda-cpp SFNN[0m [33mvalidation[0m: epoch=10, superbatch=16, [35mtest_value_accuracy=0.6997234[0m, [35mtest_value_loss=0.07639588[0m, [1;36melapsed=0.859s[0m
  [2mcuda-cpp SFNN[0m [1;36m[progress][0m  [1;36mepoch 10[0m  [1;33msb 17/108[0m  [33mthis-sb=39,976,960 pos (610 batches x 65,536)[0m  [36mtotal=39,537,213,440 pos[0m  [1;36mtrain_time=14083.6s[0m  [1;32mpos/s=2,807,331[0m
  [2mcuda-cpp SFNN[0m [1;36m[progress][0m  [1;36mepoch 10[0m  [1;33msb 18/108[0m  [33mthis-sb=39,976,960 pos (610 batches x 65,536)[0m  [36mtotal=39,577,190,400 pos[0m  [1;36mtrain_time=14097.9s[0m  [1;32mpos/s=2,807,317[0m
  [2mcuda-cpp SFNN[0m [1;36m[progress][0m  [1;36mepoch 10[0m  [1;33msb 19/108[0m  [33mthis-sb=39,976,960 pos (610 batches x 65,536)[0m  [36mtotal=39,617,167,360 pos[0m  [1;36mtrain_time=14112.1s[0m  [1;32mpos/s=2,807,326[0m
  cuda-cpp HalfKA2 validation forward = gpu: positions=300000, batch_size=8192, elapsed=0.593s
  test: accuracy=69.9180% (209754/300000 decisive; draws=0 excluded; mate=0 filtered), loss=0.076056 (n=300000)
  [2mcuda-cpp HalfKA2[0m [1;33mvalidation detail[0m: positions=300,000, batch_size=8,192, load/cache=0.000s, weight_fold=0.197s, context=0.000s, weight_upload=0.040s, batches=0.593s, metrics=0.005s, total=0.835s
  [2mcuda-cpp SFNN[0m [1;36m[progress][0m  [1;36mepoch 10[0m  [1;33msb 20/108[0m  [33mthis-sb=39,976,960 pos (610 batches x 65,536)[0m  [36mtotal=39,657,144,320 pos[0m  [1;36mtrain_time=14126.3s[0m  [1;32mpos/s=2,807,337[0m
  [2mcuda-cpp SFNN[0m [1;33mvalidation overhead[0m: [35mreadback=0.234s[0m  [33mvalidation=0.859s[0m  [2msave=skipped[0m  [1;32mtotal=1.093s[0m
  [2mcuda-cpp SFNN[0m [33mvalidation[0m: epoch=10, superbatch=20, [35mtest_value_accuracy=0.6991800[0m, [35mtest_value_loss=0.07605617[0m, [1;36melapsed=0.859s[0m
  [2mcuda-cpp SFNN[0m [1;36m[progress][0m  [1;36mepoch 10[0m  [1;33msb 21/108[0m  [33mthis-sb=39,976,960 pos (610 batches x 65,536)[0m  [36mtotal=39,697,121,280 pos[0m  [1;36mtrain_time=14140.5s[0m  [1;32mpos/s=2,807,343[0m
  [2mcuda-cpp SFNN[0m [1;36m[progress][0m  [1;36mepoch 10[0m  [1;33msb 22/108[0m  [33mthis-sb=39,976,960 pos (610 batches x 65,536)[0m  [36mtotal=39,737,098,240 pos[0m  [1;36mtrain_time=14154.6s[0m  [1;32mpos/s=2,807,356[0m
  [2mcuda-cpp SFNN[0m [1;36m[progress][0m  [1;36mepoch 10[0m  [1;33msb 23/108[0m  [33mthis-sb=39,976,960 pos (610 batches x 65,536)[0m  [36mtotal=39,777,075,200 pos[0m  [1;36mtrain_time=14168.8s[0m  [1;32mpos/s=2,807,368[0m
  cuda-cpp HalfKA2 validation forward = gpu: positions=300000, batch_size=8192, elapsed=0.590s
  test: accuracy=69.9380% (209814/300000 decisive; draws=0 excluded; mate=0 filtered), loss=0.076253 (n=300000)
  [2mcuda-cpp HalfKA2[0m [1;33mvalidation detail[0m: positions=300,000, batch_size=8,192, load/cache=0.000s, weight_fold=0.197s, context=0.000s, weight_upload=0.041s, batches=0.590s, metrics=0.005s, total=0.833s
  [2mcuda-cpp SFNN[0m [1;36m[progress][0m  [1;36mepoch 10[0m  [1;33msb 24/108[0m  [33mthis-sb=39,976,960 pos (610 batches x 65,536)[0m  [36mtotal=39,817,052,160 pos[0m  [1;36mtrain_time=14183.0s[0m  [1;32mpos/s=2,807,380[0m
  [2mcuda-cpp SFNN[0m [1;33mvalidation overhead[0m: [35mreadback=0.232s[0m  [33mvalidation=0.857s[0m  [2msave=skipped[0m  [1;32mtotal=1.088s[0m
  [2mcuda-cpp SFNN[0m [33mvalidation[0m: epoch=10, superbatch=24, [35mtest_value_accuracy=0.6993800[0m, [35mtest_value_loss=0.07625275[0m, [1;36melapsed=0.857s[0m
  [2mcuda-cpp SFNN[0m [1;36m[progress][0m  [1;36mepoch 10[0m  [1;33msb 25/108[0m  [33mthis-sb=39,976,960 pos (610 batches x 65,536)[0m  [36mtotal=39,857,029,120 pos[0m  [1;36mtrain_time=14197.2s[0m  [1;32mpos/s=2,807,391[0m
  [2mcuda-cpp SFNN[0m [1;36m[progress][0m  [1;36mepoch 10[0m  [1;33msb 26/108[0m  [33mthis-sb=39,976,960 pos (610 batches x 65,536)[0m  [36mtotal=39,897,006,080 pos[0m  [1;36mtrain_time=14211.4s[0m  [1;32mpos/s=2,807,402[0m
  [2mcuda-cpp SFNN[0m [1;36m[progress][0m  [1;36mepoch 10[0m  [1;33msb 27/108[0m  [33mthis-sb=39,976,960 pos (610 batches x 65,536)[0m  [36mtotal=39,936,983,040 pos[0m  [1;36mtrain_time=14225.6s[0m  [1;32mpos/s=2,807,411[0m
  cuda-cpp HalfKA2 validation forward = gpu: positions=300000, batch_size=8192, elapsed=0.590s
  test: accuracy=70.0260% (210078/300000 decisive; draws=0 excluded; mate=0 filtered), loss=0.075868 (n=300000)
  [2mcuda-cpp HalfKA2[0m [1;33mvalidation detail[0m: positions=300,000, batch_size=8,192, load/cache=0.000s, weight_fold=0.197s, context=0.000s, weight_upload=0.040s, batches=0.590s, metrics=0.005s, total=0.832s
  [2mcuda-cpp SFNN[0m [1;36m[progress][0m  [1;36mepoch 10[0m  [1;33msb 28/108[0m  [33mthis-sb=39,976,960 pos (610 batches x 65,536)[0m  [36mtotal=39,976,960,000 pos[0m  [1;36mtrain_time=14239.7s[0m  [1;32mpos/s=2,807,421[0m
  [2mcuda-cpp SFNN[0m [1;33mvalidation overhead[0m: [35mreadback=0.231s[0m  [33mvalidation=0.864s[0m  [2msave=skipped[0m  [1;32mtotal=1.095s[0m
  [2mcuda-cpp SFNN[0m [33mvalidation[0m: epoch=10, superbatch=28, [35mtest_value_accuracy=0.7002600[0m, [35mtest_value_loss=0.07586759[0m, [1;36melapsed=0.864s[0m
  [2mcuda-cpp SFNN[0m [1;36m[progress][0m  [1;36mepoch 10[0m  [1;33msb 29/108[0m  [33mthis-sb=39,976,960 pos (610 batches x 65,536)[0m  [36mtotal=40,016,936,960 pos[0m  [1;36mtrain_time=14253.9s[0m  [1;32mpos/s=2,807,430[0m
  [2mcuda-cpp SFNN[0m [1;36m[progress][0m  [1;36mepoch 10[0m  [1;33msb 30/108[0m  [33mthis-sb=39,976,960 pos (610 batches x 65,536)[0m  [36mtotal=40,056,913,920 pos[0m  [1;36mtrain_time=14268.1s[0m  [1;32mpos/s=2,807,441[0m
  [2mcuda-cpp SFNN[0m [1;36m[progress][0m  [1;36mepoch 10[0m  [1;33msb 31/108[0m  [33mthis-sb=39,976,960 pos (610 batches x 65,536)[0m  [36mtotal=40,096,890,880 pos[0m  [1;36mtrain_time=14282.3s[0m  [1;32mpos/s=2,807,451[0m
  cuda-cpp HalfKA2 validation forward = gpu: positions=300000, batch_size=8192, elapsed=0.594s
  test: accuracy=70.0523% (210157/300000 decisive; draws=0 excluded; mate=0 filtered), loss=0.076289 (n=300000)
  [2mcuda-cpp HalfKA2[0m [1;33mvalidation detail[0m: positions=300,000, batch_size=8,192, load/cache=0.000s, weight_fold=0.199s, context=0.000s, weight_upload=0.039s, batches=0.594s, metrics=0.005s, total=0.837s
  [2mcuda-cpp SFNN[0m [1;36m[progress][0m  [1;36mepoch 10[0m  [1;33msb 32/108[0m  [33mthis-sb=39,976,960 pos (610 batches x 65,536)[0m  [36mtotal=40,136,867,840 pos[0m  [1;36mtrain_time=14296.5s[0m  [1;32mpos/s=2,807,459[0m
  [2mcuda-cpp SFNN[0m [1;33mvalidation overhead[0m: [35mreadback=0.231s[0m  [33mvalidation=0.866s[0m  [2msave=skipped[0m  [1;32mtotal=1.098s[0m
  [2mcuda-cpp SFNN[0m [33mvalidation[0m: epoch=10, superbatch=32, [35mtest_value_accuracy=0.7005233[0m, [35mtest_value_loss=0.07628899[0m, [1;36melapsed=0.866s[0m
  [2mcuda-cpp SFNN[0m [1;36m[progress][0m  [1;36mepoch 10[0m  [1;33msb 33/108[0m  [33mthis-sb=39,976,960 pos (610 batches x 65,536)[0m  [36mtotal=40,176,844,800 pos[0m  [1;36mtrain_time=14310.7s[0m  [1;32mpos/s=2,807,468[0m
  [2mcuda-cpp SFNN[0m [1;36m[progress][0m  [1;36mepoch 10[0m  [1;33msb 34/108[0m  [33mthis-sb=39,976,960 pos (610 batches x 65,536)[0m  [36mtotal=40,216,821,760 pos[0m  [1;36mtrain_time=14324.9s[0m  [1;32mpos/s=2,807,480[0m
  [2mcuda-cpp SFNN[0m [1;36m[progress][0m  [1;36mepoch 10[0m  [1;33msb 35/108[0m  [33mthis-sb=39,976,960 pos (610 batches x 65,536)[0m  [36mtotal=40,256,798,720 pos[0m  [1;36mtrain_time=14339.1s[0m  [1;32mpos/s=2,807,490[0m
  cuda-cpp HalfKA2 validation forward = gpu: positions=300000, batch_size=8192, elapsed=0.592s
  test: accuracy=70.1093% (210328/300000 decisive; draws=0 excluded; mate=0 filtered), loss=0.076131 (n=300000)
  [2mcuda-cpp HalfKA2[0m [1;33mvalidation detail[0m: positions=300,000, batch_size=8,192, load/cache=0.000s, weight_fold=0.196s, context=0.000s, weight_upload=0.040s, batches=0.592s, metrics=0.005s, total=0.833s
  [2mcuda-cpp SFNN[0m [1;36m[progress][0m  [1;36mepoch 10[0m  [1;33msb 36/108[0m  [33mthis-sb=39,976,960 pos (610 batches x 65,536)[0m  [36mtotal=40,296,775,680 pos[0m  [1;36mtrain_time=14353.3s[0m  [1;32mpos/s=2,807,499[0m
  [2mcuda-cpp SFNN[0m [1;33mvalidation overhead[0m: [35mreadback=0.233s[0m  [33mvalidation=0.857s[0m  [2msave=skipped[0m  [1;32mtotal=1.090s[0m
  [2mcuda-cpp SFNN[0m [33mvalidation[0m: epoch=10, superbatch=36, [35mtest_value_accuracy=0.7010933[0m, [35mtest_value_loss=0.07613140[0m, [1;36melapsed=0.857s[0m
  [2mcuda-cpp SFNN[0m [1;36m[progress][0m  [1;36mepoch 10[0m  [1;33msb 37/108[0m  [33mthis-sb=39,976,960 pos (610 batches x 65,536)[0m  [36mtotal=40,336,752,640 pos[0m  [1;36mtrain_time=14367.5s[0m  [1;32mpos/s=2,807,506[0m
  [2mcuda-cpp SFNN[0m [1;36m[progress][0m  [1;36mepoch 10[0m  [1;33msb 38/108[0m  [33mthis-sb=39,976,960 pos (610 batches x 65,536)[0m  [36mtotal=40,376,729,600 pos[0m  [1;36mtrain_time=14381.7s[0m  [1;32mpos/s=2,807,513[0m
  [2mcuda-cpp SFNN[0m [1;36m[progress][0m  [1;36mepoch 10[0m  [1;33msb 39/108[0m  [33mthis-sb=39,976,960 pos (610 batches x 65,536)[0m  [36mtotal=40,416,706,560 pos[0m  [1;36mtrain_time=14395.9s[0m  [1;32mpos/s=2,807,522[0m
  cuda-cpp HalfKA2 validation forward = gpu: positions=300000, batch_size=8192, elapsed=0.590s
  test: accuracy=70.0593% (210178/300000 decisive; draws=0 excluded; mate=0 filtered), loss=0.075988 (n=300000)
  [2mcuda-cpp HalfKA2[0m [1;33mvalidation detail[0m: positions=300,000, batch_size=8,192, load/cache=0.000s, weight_fold=0.197s, context=0.000s, weight_upload=0.040s, batches=0.590s, metrics=0.005s, total=0.832s
  [2mcuda-cpp SFNN[0m [1;36m[progress][0m  [1;36mepoch 10[0m  [1;33msb 40/108[0m  [33mthis-sb=39,976,960 pos (610 batches x 65,536)[0m  [36mtotal=40,456,683,520 pos[0m  [1;36mtrain_time=14410.1s[0m  [1;32mpos/s=2,807,526[0m
  [2mcuda-cpp SFNN[0m [1;33mvalidation overhead[0m: [35mreadback=0.230s[0m  [33mvalidation=0.855s[0m  [2msave=skipped[0m  [1;32mtotal=1.086s[0m
  [2mcuda-cpp SFNN[0m [33mvalidation[0m: epoch=10, superbatch=40, [35mtest_value_accuracy=0.7005934[0m, [35mtest_value_loss=0.07598815[0m, [1;36melapsed=0.855s[0m
  [2mcuda-cpp SFNN[0m [1;36m[progress][0m  [1;36mepoch 10[0m  [1;33msb 41/108[0m  [33mthis-sb=39,976,960 pos (610 batches x 65,536)[0m  [36mtotal=40,496,660,480 pos[0m  [1;36mtrain_time=14424.3s[0m  [1;32mpos/s=2,807,530[0m
  [2mcuda-cpp SFNN[0m [1;36m[progress][0m  [1;36mepoch 10[0m  [1;33msb 42/108[0m  [33mthis-sb=39,976,960 pos (610 batches x 65,536)[0m  [36mtotal=40,536,637,440 pos[0m  [1;36mtrain_time=14438.5s[0m  [1;32mpos/s=2,807,541[0m
  [2mcuda-cpp SFNN[0m [1;36m[progress][0m  [1;36mepoch 10[0m  [1;33msb 43/108[0m  [33mthis-sb=39,976,960 pos (610 batches x 65,536)[0m  [36mtotal=40,576,614,400 pos[0m  [1;36mtrain_time=14452.7s[0m  [1;32mpos/s=2,807,551[0m
  cuda-cpp HalfKA2 validation forward = gpu: positions=300000, batch_size=8192, elapsed=0.591s
  test: accuracy=70.1453% (210436/300000 decisive; draws=0 excluded; mate=0 filtered), loss=0.075835 (n=300000)
  [2mcuda-cpp HalfKA2[0m [1;33mvalidation detail[0m: positions=300,000, batch_size=8,192, load/cache=0.000s, weight_fold=0.198s, context=0.000s, weight_upload=0.039s, batches=0.591s, metrics=0.005s, total=0.833s
  [2mcuda-cpp SFNN[0m [1;36m[progress][0m  [1;36mepoch 10[0m  [1;33msb 44/108[0m  [33mthis-sb=39,976,960 pos (610 batches x 65,536)[0m  [36mtotal=40,616,591,360 pos[0m  [1;36mtrain_time=14466.9s[0m  [1;32mpos/s=2,807,560[0m
  [2mcuda-cpp SFNN[0m [1;33mvalidation overhead[0m: [35mreadback=0.228s[0m  [33mvalidation=0.856s[0m  [2msave=skipped[0m  [1;32mtotal=1.084s[0m
  [2mcuda-cpp SFNN[0m [33mvalidation[0m: epoch=10, superbatch=44, [35mtest_value_accuracy=0.7014533[0m, [35mtest_value_loss=0.07583535[0m, [1;36melapsed=0.856s[0m
  [2mcuda-cpp SFNN[0m [1;36m[progress][0m  [1;36mepoch 10[0m  [1;33msb 45/108[0m  [33mthis-sb=39,976,960 pos (610 batches x 65,536)[0m  [36mtotal=40,656,568,320 pos[0m  [1;36mtrain_time=14481.1s[0m  [1;32mpos/s=2,807,567[0m
  [2mcuda-cpp SFNN[0m [1;36m[progress][0m  [1;36mepoch 10[0m  [1;33msb 46/108[0m  [33mthis-sb=39,976,960 pos (610 batches x 65,536)[0m  [36mtotal=40,696,545,280 pos[0m  [1;36mtrain_time=14495.3s[0m  [1;32mpos/s=2,807,577[0m
  [2mcuda-cpp SFNN[0m [1;36m[progress][0m  [1;36mepoch 10[0m  [1;33msb 47/108[0m  [33mthis-sb=39,976,960 pos (610 batches x 65,536)[0m  [36mtotal=40,736,522,240 pos[0m  [1;36mtrain_time=14509.4s[0m  [1;32mpos/s=2,807,588[0m
  cuda-cpp HalfKA2 validation forward = gpu: positions=300000, batch_size=8192, elapsed=0.590s
  test: accuracy=70.0997% (210299/300000 decisive; draws=0 excluded; mate=0 filtered), loss=0.076024 (n=300000)
  [2mcuda-cpp HalfKA2[0m [1;33mvalidation detail[0m: positions=300,000, batch_size=8,192, load/cache=0.000s, weight_fold=0.197s, context=0.000s, weight_upload=0.040s, batches=0.590s, metrics=0.005s, total=0.833s
  [2mcuda-cpp SFNN[0m [1;36m[progress][0m  [1;36mepoch 10[0m  [1;33msb 48/108[0m  [33mthis-sb=39,976,960 pos (610 batches x 65,536)[0m  [36mtotal=40,776,499,200 pos[0m  [1;36mtrain_time=14523.6s[0m  [1;32mpos/s=2,807,597[0m
  [2mcuda-cpp SFNN[0m [1;33mvalidation overhead[0m: [35mreadback=0.229s[0m  [33mvalidation=0.856s[0m  [2msave=skipped[0m  [1;32mtotal=1.085s[0m
  [2mcuda-cpp SFNN[0m [33mvalidation[0m: epoch=10, superbatch=48, [35mtest_value_accuracy=0.7009966[0m, [35mtest_value_loss=0.07602396[0m, [1;36melapsed=0.856s[0m
  [2mcuda-cpp SFNN[0m [1;36m[progress][0m  [1;36mepoch 10[0m  [1;33msb 49/108[0m  [33mthis-sb=39,976,960 pos (610 batches x 65,536)[0m  [36mtotal=40,816,476,160 pos[0m  [1;36mtrain_time=14537.8s[0m  [1;32mpos/s=2,807,603[0m
  [2mcuda-cpp SFNN[0m [1;36m[progress][0m  [1;36mepoch 10[0m  [1;33msb 50/108[0m  [33mthis-sb=39,976,960 pos (610 batches x 65,536)[0m  [36mtotal=40,856,453,120 pos[0m  [1;36mtrain_time=14552.0s[0m  [1;32mpos/s=2,807,614[0m
  [2mcuda-cpp SFNN[0m [1;36m[progress][0m  [1;36mepoch 10[0m  [1;33msb 51/108[0m  [33mthis-sb=39,976,960 pos (610 batches x 65,536)[0m  [36mtotal=40,896,430,080 pos[0m  [1;36mtrain_time=14566.2s[0m  [1;32mpos/s=2,807,626[0m
  cuda-cpp HalfKA2 validation forward = gpu: positions=300000, batch_size=8192, elapsed=0.594s
  test: accuracy=70.2007% (210602/300000 decisive; draws=0 excluded; mate=0 filtered), loss=0.075932 (n=300000)
  [2mcuda-cpp HalfKA2[0m [1;33mvalidation detail[0m: positions=300,000, batch_size=8,192, load/cache=0.000s, weight_fold=0.197s, context=0.000s, weight_upload=0.041s, batches=0.594s, metrics=0.005s, total=0.837s
  [2mcuda-cpp SFNN[0m [1;36m[progress][0m  [1;36mepoch 10[0m  [1;33msb 52/108[0m  [33mthis-sb=39,976,960 pos (610 batches x 65,536)[0m  [36mtotal=40,936,407,040 pos[0m  [1;36mtrain_time=14580.4s[0m  [1;32mpos/s=2,807,637[0m
  [2mcuda-cpp SFNN[0m [1;33mvalidation overhead[0m: [35mreadback=0.231s[0m  [33mvalidation=0.861s[0m  [2msave=skipped[0m  [1;32mtotal=1.092s[0m
  [2mcuda-cpp SFNN[0m [33mvalidation[0m: epoch=10, superbatch=52, [35mtest_value_accuracy=0.7020066[0m, [35mtest_value_loss=0.07593247[0m, [1;36melapsed=0.861s[0m
  [2mcuda-cpp SFNN[0m [1;36m[progress][0m  [1;36mepoch 10[0m  [1;33msb 53/108[0m  [33mthis-sb=39,976,960 pos (610 batches x 65,536)[0m  [36mtotal=40,976,384,000 pos[0m  [1;36mtrain_time=14594.6s[0m  [1;32mpos/s=2,807,644[0m
  [2mcuda-cpp SFNN[0m [1;36m[progress][0m  [1;36mepoch 10[0m  [1;33msb 54/108[0m  [33mthis-sb=39,976,960 pos (610 batches x 65,536)[0m  [36mtotal=41,016,360,960 pos[0m  [1;36mtrain_time=14608.8s[0m  [1;32mpos/s=2,807,655[0m
  [2mcuda-cpp SFNN[0m [1;36m[progress][0m  [1;36mepoch 10[0m  [1;33msb 55/108[0m  [33mthis-sb=39,976,960 pos (610 batches x 65,536)[0m  [36mtotal=41,056,337,920 pos[0m  [1;36mtrain_time=14622.9s[0m  [1;32mpos/s=2,807,666[0m
  cuda-cpp HalfKA2 validation forward = gpu: positions=300000, batch_size=8192, elapsed=0.593s
  test: accuracy=70.1287% (210386/300000 decisive; draws=0 excluded; mate=0 filtered), loss=0.076255 (n=300000)
  [2mcuda-cpp HalfKA2[0m [1;33mvalidation detail[0m: positions=300,000, batch_size=8,192, load/cache=0.000s, weight_fold=0.196s, context=0.000s, weight_upload=0.039s, batches=0.593s, metrics=0.005s, total=0.833s
  [2mcuda-cpp SFNN[0m [1;36m[progress][0m  [1;36mepoch 10[0m  [1;33msb 56/108[0m  [33mthis-sb=39,976,960 pos (610 batches x 65,536)[0m  [36mtotal=41,096,314,880 pos[0m  [1;36mtrain_time=14637.1s[0m  [1;32mpos/s=2,807,675[0m
  [2mcuda-cpp SFNN[0m [1;33mvalidation overhead[0m: [35mreadback=0.228s[0m  [33mvalidation=0.855s[0m  [2msave=skipped[0m  [1;32mtotal=1.084s[0m
  [2mcuda-cpp SFNN[0m [33mvalidation[0m: epoch=10, superbatch=56, [35mtest_value_accuracy=0.7012867[0m, [35mtest_value_loss=0.07625486[0m, [1;36melapsed=0.855s[0m
  [2mcuda-cpp SFNN[0m [1;36m[progress][0m  [1;36mepoch 10[0m  [1;33msb 57/108[0m  [33mthis-sb=39,976,960 pos (610 batches x 65,536)[0m  [36mtotal=41,136,291,840 pos[0m  [1;36mtrain_time=14651.3s[0m  [1;32mpos/s=2,807,683[0m
  [2mcuda-cpp SFNN[0m [1;36m[progress][0m  [1;36mepoch 10[0m  [1;33msb 58/108[0m  [33mthis-sb=39,976,960 pos (610 batches x 65,536)[0m  [36mtotal=41,176,268,800 pos[0m  [1;36mtrain_time=14665.5s[0m  [1;32mpos/s=2,807,695[0m
  [2mcuda-cpp SFNN[0m [1;36m[progress][0m  [1;36mepoch 10[0m  [1;33msb 59/108[0m  [33mthis-sb=39,976,960 pos (610 batches x 65,536)[0m  [36mtotal=41,216,245,760 pos[0m  [1;36mtrain_time=14679.7s[0m  [1;32mpos/s=2,807,706[0m
  cuda-cpp HalfKA2 validation forward = gpu: positions=300000, batch_size=8192, elapsed=0.594s
  test: accuracy=70.2047% (210614/300000 decisive; draws=0 excluded; mate=0 filtered), loss=0.075881 (n=300000)
  [2mcuda-cpp HalfKA2[0m [1;33mvalidation detail[0m: positions=300,000, batch_size=8,192, load/cache=0.000s, weight_fold=0.197s, context=0.000s, weight_upload=0.041s, batches=0.594s, metrics=0.005s, total=0.838s
  [2mcuda-cpp SFNN[0m [1;36m[progress][0m  [1;36mepoch 10[0m  [1;33msb 60/108[0m  [33mthis-sb=39,976,960 pos (610 batches x 65,536)[0m  [36mtotal=41,256,222,720 pos[0m  [1;36mtrain_time=14693.9s[0m  [1;32mpos/s=2,807,714[0m
  [2mcuda-cpp SFNN[0m [1;33mvalidation overhead[0m: [35mreadback=0.230s[0m  [33mvalidation=0.865s[0m  [2msave=skipped[0m  [1;32mtotal=1.095s[0m
  [2mcuda-cpp SFNN[0m [33mvalidation[0m: epoch=10, superbatch=60, [35mtest_value_accuracy=0.7020467[0m, [35mtest_value_loss=0.07588133[0m, [1;36melapsed=0.865s[0m
  [2mcuda-cpp SFNN[0m [1;36m[progress][0m  [1;36mepoch 10[0m  [1;33msb 61/108[0m  [33mthis-sb=39,976,960 pos (610 batches x 65,536)[0m  [36mtotal=41,296,199,680 pos[0m  [1;36mtrain_time=14708.1s[0m  [1;32mpos/s=2,807,722[0m
  [2mcuda-cpp SFNN[0m [1;36m[progress][0m  [1;36mepoch 10[0m  [1;33msb 62/108[0m  [33mthis-sb=39,976,960 pos (610 batches x 65,536)[0m  [36mtotal=41,336,176,640 pos[0m  [1;36mtrain_time=14722.3s[0m  [1;32mpos/s=2,807,732[0m
  [2mcuda-cpp SFNN[0m [1;36m[progress][0m  [1;36mepoch 10[0m  [1;33msb 63/108[0m  [33mthis-sb=39,976,960 pos (610 batches x 65,536)[0m  [36mtotal=41,376,153,600 pos[0m  [1;36mtrain_time=14736.5s[0m  [1;32mpos/s=2,807,741[0m
  cuda-cpp HalfKA2 validation forward = gpu: positions=300000, batch_size=8192, elapsed=0.593s
  test: accuracy=70.1417% (210425/300000 decisive; draws=0 excluded; mate=0 filtered), loss=0.076032 (n=300000)
  [2mcuda-cpp HalfKA2[0m [1;33mvalidation detail[0m: positions=300,000, batch_size=8,192, load/cache=0.000s, weight_fold=0.197s, context=0.000s, weight_upload=0.040s, batches=0.593s, metrics=0.005s, total=0.834s
  [2mcuda-cpp SFNN[0m [1;36m[progress][0m  [1;36mepoch 10[0m  [1;33msb 64/108[0m  [33mthis-sb=39,976,960 pos (610 batches x 65,536)[0m  [36mtotal=41,416,130,560 pos[0m  [1;36mtrain_time=14750.7s[0m  [1;32mpos/s=2,807,747[0m
  [2mcuda-cpp SFNN[0m [1;33mvalidation overhead[0m: [35mreadback=0.240s[0m  [33mvalidation=0.857s[0m  [2msave=skipped[0m  [1;32mtotal=1.096s[0m
  [2mcuda-cpp SFNN[0m [33mvalidation[0m: epoch=10, superbatch=64, [35mtest_value_accuracy=0.7014167[0m, [35mtest_value_loss=0.07603154[0m, [1;36melapsed=0.857s[0m
  [2mcuda-cpp SFNN[0m [1;36m[progress][0m  [1;36mepoch 10[0m  [1;33msb 65/108[0m  [33mthis-sb=39,976,960 pos (610 batches x 65,536)[0m  [36mtotal=41,456,107,520 pos[0m  [1;36mtrain_time=14764.9s[0m  [1;32mpos/s=2,807,751[0m
  [2mcuda-cpp SFNN[0m [1;36m[progress][0m  [1;36mepoch 10[0m  [1;33msb 66/108[0m  [33mthis-sb=39,976,960 pos (610 batches x 65,536)[0m  [36mtotal=41,496,084,480 pos[0m  [1;36mtrain_time=14779.1s[0m  [1;32mpos/s=2,807,762[0m
  [2mcuda-cpp SFNN[0m [1;36m[progress][0m  [1;36mepoch 10[0m  [1;33msb 67/108[0m  [33mthis-sb=39,976,960 pos (610 batches x 65,536)[0m  [36mtotal=41,536,061,440 pos[0m  [1;36mtrain_time=14793.3s[0m  [1;32mpos/s=2,807,768[0m
  cuda-cpp HalfKA2 validation forward = gpu: positions=300000, batch_size=8192, elapsed=0.596s
  test: accuracy=70.1600% (210480/300000 decisive; draws=0 excluded; mate=0 filtered), loss=0.076184 (n=300000)
  [2mcuda-cpp HalfKA2[0m [1;33mvalidation detail[0m: positions=300,000, batch_size=8,192, load/cache=0.000s, weight_fold=0.196s, context=0.000s, weight_upload=0.039s, batches=0.596s, metrics=0.005s, total=0.836s
  [2mcuda-cpp SFNN[0m [1;36m[progress][0m  [1;36mepoch 10[0m  [1;33msb 68/108[0m  [33mthis-sb=39,976,960 pos (610 batches x 65,536)[0m  [36mtotal=41,576,038,400 pos[0m  [1;36mtrain_time=14807.5s[0m  [1;32mpos/s=2,807,777[0m
  [2mcuda-cpp SFNN[0m [1;33mvalidation overhead[0m: [35mreadback=0.229s[0m  [33mvalidation=0.859s[0m  [2msave=skipped[0m  [1;32mtotal=1.088s[0m
  [2mcuda-cpp SFNN[0m [33mvalidation[0m: epoch=10, superbatch=68, [35mtest_value_accuracy=0.7016000[0m, [35mtest_value_loss=0.07618427[0m, [1;36melapsed=0.859s[0m
  [2mcuda-cpp SFNN[0m [1;36m[progress][0m  [1;36mepoch 10[0m  [1;33msb 69/108[0m  [33mthis-sb=39,976,960 pos (610 batches x 65,536)[0m  [36mtotal=41,616,015,360 pos[0m  [1;36mtrain_time=14821.7s[0m  [1;32mpos/s=2,807,782[0m
  [2mcuda-cpp SFNN[0m [1;36m[progress][0m  [1;36mepoch 10[0m  [1;33msb 70/108[0m  [33mthis-sb=39,976,960 pos (610 batches x 65,536)[0m  [36mtotal=41,655,992,320 pos[0m  [1;36mtrain_time=14835.9s[0m  [1;32mpos/s=2,807,792[0m
  [2mcuda-cpp SFNN[0m [1;36m[progress][0m  [1;36mepoch 10[0m  [1;33msb 71/108[0m  [33mthis-sb=39,976,960 pos (610 batches x 65,536)[0m  [36mtotal=41,695,969,280 pos[0m  [1;36mtrain_time=14850.0s[0m  [1;32mpos/s=2,807,802[0m
  cuda-cpp HalfKA2 validation forward = gpu: positions=300000, batch_size=8192, elapsed=0.593s
  test: accuracy=70.1360% (210408/300000 decisive; draws=0 excluded; mate=0 filtered), loss=0.075748 (n=300000)
  [2mcuda-cpp HalfKA2[0m [1;33mvalidation detail[0m: positions=300,000, batch_size=8,192, load/cache=0.000s, weight_fold=0.196s, context=0.000s, weight_upload=0.044s, batches=0.593s, metrics=0.005s, total=0.837s
  [2mcuda-cpp SFNN[0m [1;36m[progress][0m  [1;36mepoch 10[0m  [1;33msb 72/108[0m  [33mthis-sb=39,976,960 pos (610 batches x 65,536)[0m  [36mtotal=41,735,946,240 pos[0m  [1;36mtrain_time=14864.2s[0m  [1;32mpos/s=2,807,809[0m
  [2mcuda-cpp SFNN[0m [1;33mvalidation overhead[0m: [35mreadback=0.228s[0m  [33mvalidation=0.865s[0m  [2msave=skipped[0m  [1;32mtotal=1.093s[0m
  [2mcuda-cpp SFNN[0m [33mvalidation[0m: epoch=10, superbatch=72, [35mtest_value_accuracy=0.7013600[0m, [35mtest_value_loss=0.07574782[0m, [1;36melapsed=0.865s[0m
  [2mcuda-cpp SFNN[0m [1;36m[progress][0m  [1;36mepoch 10[0m  [1;33msb 73/108[0m  [33mthis-sb=39,976,960 pos (610 batches x 65,536)[0m  [36mtotal=41,775,923,200 pos[0m  [1;36mtrain_time=14878.5s[0m  [1;32mpos/s=2,807,814[0m
  [2mcuda-cpp SFNN[0m [1;36m[progress][0m  [1;36mepoch 10[0m  [1;33msb 74/108[0m  [33mthis-sb=39,976,960 pos (610 batches x 65,536)[0m  [36mtotal=41,815,900,160 pos[0m  [1;36mtrain_time=14892.7s[0m  [1;32mpos/s=2,807,821[0m
  [2mcuda-cpp SFNN[0m [1;36m[progress][0m  [1;36mepoch 10[0m  [1;33msb 75/108[0m  [33mthis-sb=39,976,960 pos (610 batches x 65,536)[0m  [36mtotal=41,855,877,120 pos[0m  [1;36mtrain_time=14906.8s[0m  [1;32mpos/s=2,807,830[0m
  cuda-cpp HalfKA2 validation forward = gpu: positions=300000, batch_size=8192, elapsed=0.590s
  test: accuracy=70.1993% (210598/300000 decisive; draws=0 excluded; mate=0 filtered), loss=0.075976 (n=300000)
  [2mcuda-cpp HalfKA2[0m [1;33mvalidation detail[0m: positions=300,000, batch_size=8,192, load/cache=0.000s, weight_fold=0.197s, context=0.000s, weight_upload=0.040s, batches=0.590s, metrics=0.005s, total=0.833s
  [2mcuda-cpp SFNN[0m [1;36m[progress][0m  [1;36mepoch 10[0m  [1;33msb 76/108[0m  [33mthis-sb=39,976,960 pos (610 batches x 65,536)[0m  [36mtotal=41,895,854,080 pos[0m  [1;36mtrain_time=14921.0s[0m  [1;32mpos/s=2,807,836[0m
  [2mcuda-cpp SFNN[0m [1;33mvalidation overhead[0m: [35mreadback=0.235s[0m  [33mvalidation=0.855s[0m  [2msave=skipped[0m  [1;32mtotal=1.090s[0m
  [2mcuda-cpp SFNN[0m [33mvalidation[0m: epoch=10, superbatch=76, [35mtest_value_accuracy=0.7019933[0m, [35mtest_value_loss=0.07597619[0m, [1;36melapsed=0.855s[0m
  [2mcuda-cpp SFNN[0m [1;36m[progress][0m  [1;36mepoch 10[0m  [1;33msb 77/108[0m  [33mthis-sb=39,976,960 pos (610 batches x 65,536)[0m  [36mtotal=41,935,831,040 pos[0m  [1;36mtrain_time=14935.3s[0m  [1;32mpos/s=2,807,842[0m
  [2mcuda-cpp SFNN[0m [1;36m[progress][0m  [1;36mepoch 10[0m  [1;33msb 78/108[0m  [33mthis-sb=39,976,960 pos (610 batches x 65,536)[0m  [36mtotal=41,975,808,000 pos[0m  [1;36mtrain_time=14949.4s[0m  [1;32mpos/s=2,807,851[0m
  [2mcuda-cpp SFNN[0m [1;36m[progress][0m  [1;36mepoch 10[0m  [1;33msb 79/108[0m  [33mthis-sb=39,976,960 pos (610 batches x 65,536)[0m  [36mtotal=42,015,784,960 pos[0m  [1;36mtrain_time=14963.6s[0m  [1;32mpos/s=2,807,862[0m
  cuda-cpp HalfKA2 validation forward = gpu: positions=300000, batch_size=8192, elapsed=0.593s
  test: accuracy=70.1670% (210501/300000 decisive; draws=0 excluded; mate=0 filtered), loss=0.075810 (n=300000)
  [2mcuda-cpp HalfKA2[0m [1;33mvalidation detail[0m: positions=300,000, batch_size=8,192, load/cache=0.000s, weight_fold=0.198s, context=0.000s, weight_upload=0.040s, batches=0.593s, metrics=0.005s, total=0.836s
  [2mcuda-cpp SFNN[0m [1;36m[progress][0m  [1;36mepoch 10[0m  [1;33msb 80/108[0m  [33mthis-sb=39,976,960 pos (610 batches x 65,536)[0m  [36mtotal=42,055,761,920 pos[0m  [1;36mtrain_time=14977.8s[0m  [1;32mpos/s=2,807,870[0m
  [2mcuda-cpp SFNN[0m [1;33mvalidation overhead[0m: [35mreadback=0.229s[0m  [33mvalidation=0.859s[0m  [2msave=skipped[0m  [1;32mtotal=1.089s[0m
  [2mcuda-cpp SFNN[0m [33mvalidation[0m: epoch=10, superbatch=80, [35mtest_value_accuracy=0.7016700[0m, [35mtest_value_loss=0.07580967[0m, [1;36melapsed=0.859s[0m
  [2mcuda-cpp SFNN[0m [1;36m[progress][0m  [1;36mepoch 10[0m  [1;33msb 81/108[0m  [33mthis-sb=39,976,960 pos (610 batches x 65,536)[0m  [36mtotal=42,095,738,880 pos[0m  [1;36mtrain_time=14992.0s[0m  [1;32mpos/s=2,807,877[0m
  [2mcuda-cpp SFNN[0m [1;36m[progress][0m  [1;36mepoch 10[0m  [1;33msb 82/108[0m  [33mthis-sb=39,976,960 pos (610 batches x 65,536)[0m  [36mtotal=42,135,715,840 pos[0m  [1;36mtrain_time=15006.2s[0m  [1;32mpos/s=2,807,887[0m
  [2mcuda-cpp SFNN[0m [1;36m[progress][0m  [1;36mepoch 10[0m  [1;33msb 83/108[0m  [33mthis-sb=39,976,960 pos (610 batches x 65,536)[0m  [36mtotal=42,175,692,800 pos[0m  [1;36mtrain_time=15020.4s[0m  [1;32mpos/s=2,807,895[0m
  cuda-cpp HalfKA2 validation forward = gpu: positions=300000, batch_size=8192, elapsed=0.590s
  test: accuracy=70.2213% (210664/300000 decisive; draws=0 excluded; mate=0 filtered), loss=0.075609 (n=300000)
  [2mcuda-cpp HalfKA2[0m [1;33mvalidation detail[0m: positions=300,000, batch_size=8,192, load/cache=0.000s, weight_fold=0.197s, context=0.000s, weight_upload=0.039s, batches=0.590s, metrics=0.005s, total=0.831s
  [2mcuda-cpp SFNN[0m [1;36m[progress][0m  [1;36mepoch 10[0m  [1;33msb 84/108[0m  [33mthis-sb=39,976,960 pos (610 batches x 65,536)[0m  [36mtotal=42,215,669,760 pos[0m  [1;36mtrain_time=15034.6s[0m  [1;32mpos/s=2,807,901[0m
  [2mcuda-cpp SFNN[0m [1;33mvalidation overhead[0m: [35mreadback=0.230s[0m  [33mvalidation=0.854s[0m  [2msave=skipped[0m  [1;32mtotal=1.084s[0m
  [2mcuda-cpp SFNN[0m [33mvalidation[0m: epoch=10, superbatch=84, [35mtest_value_accuracy=0.7022133[0m, [35mtest_value_loss=0.07560947[0m, [1;36melapsed=0.854s[0m
  [2mcuda-cpp SFNN[0m [1;36m[progress][0m  [1;36mepoch 10[0m  [1;33msb 85/108[0m  [33mthis-sb=39,976,960 pos (610 batches x 65,536)[0m  [36mtotal=42,255,646,720 pos[0m  [1;36mtrain_time=15048.8s[0m  [1;32mpos/s=2,807,906[0m
  [2mcuda-cpp SFNN[0m [1;36m[progress][0m  [1;36mepoch 10[0m  [1;33msb 86/108[0m  [33mthis-sb=39,976,960 pos (610 batches x 65,536)[0m  [36mtotal=42,295,623,680 pos[0m  [1;36mtrain_time=15063.0s[0m  [1;32mpos/s=2,807,914[0m
  [2mcuda-cpp SFNN[0m [1;36m[progress][0m  [1;36mepoch 10[0m  [1;33msb 87/108[0m  [33mthis-sb=39,976,960 pos (610 batches x 65,536)[0m  [36mtotal=42,335,600,640 pos[0m  [1;36mtrain_time=15077.2s[0m  [1;32mpos/s=2,807,922[0m
  cuda-cpp HalfKA2 validation forward = gpu: positions=300000, batch_size=8192, elapsed=0.607s
  test: accuracy=70.2187% (210656/300000 decisive; draws=0 excluded; mate=0 filtered), loss=0.075775 (n=300000)
  [2mcuda-cpp HalfKA2[0m [1;33mvalidation detail[0m: positions=300,000, batch_size=8,192, load/cache=0.000s, weight_fold=0.199s, context=0.001s, weight_upload=0.038s, batches=0.607s, metrics=0.005s, total=0.849s
  [2mcuda-cpp SFNN[0m [1;36m[progress][0m  [1;36mepoch 10[0m  [1;33msb 88/108[0m  [33mthis-sb=39,976,960 pos (610 batches x 65,536)[0m  [36mtotal=42,375,577,600 pos[0m  [1;36mtrain_time=15091.4s[0m  [1;32mpos/s=2,807,930[0m
  [2mcuda-cpp SFNN[0m [1;33mvalidation overhead[0m: [35mreadback=0.229s[0m  [33mvalidation=0.872s[0m  [2msave=skipped[0m  [1;32mtotal=1.102s[0m
  [2mcuda-cpp SFNN[0m [33mvalidation[0m: epoch=10, superbatch=88, [35mtest_value_accuracy=0.7021866[0m, [35mtest_value_loss=0.07577531[0m, [1;36melapsed=0.872s[0m
  [2mcuda-cpp SFNN[0m [1;36m[progress][0m  [1;36mepoch 10[0m  [1;33msb 89/108[0m  [33mthis-sb=39,976,960 pos (610 batches x 65,536)[0m  [36mtotal=42,415,554,560 pos[0m  [1;36mtrain_time=15105.6s[0m  [1;32mpos/s=2,807,934[0m
  [2mcuda-cpp SFNN[0m [1;36m[progress][0m  [1;36mepoch 10[0m  [1;33msb 90/108[0m  [33mthis-sb=39,976,960 pos (610 batches x 65,536)[0m  [36mtotal=42,455,531,520 pos[0m  [1;36mtrain_time=15119.8s[0m  [1;32mpos/s=2,807,943[0m
  [2mcuda-cpp SFNN[0m [1;36m[progress][0m  [1;36mepoch 10[0m  [1;33msb 91/108[0m  [33mthis-sb=39,976,960 pos (610 batches x 65,536)[0m  [36mtotal=42,495,508,480 pos[0m  [1;36mtrain_time=15134.0s[0m  [1;32mpos/s=2,807,950[0m
  cuda-cpp HalfKA2 validation forward = gpu: positions=300000, batch_size=8192, elapsed=0.594s
  test: accuracy=70.2760% (210828/300000 decisive; draws=0 excluded; mate=0 filtered), loss=0.075742 (n=300000)
  [2mcuda-cpp HalfKA2[0m [1;33mvalidation detail[0m: positions=300,000, batch_size=8,192, load/cache=0.000s, weight_fold=0.197s, context=0.000s, weight_upload=0.039s, batches=0.594s, metrics=0.005s, total=0.835s
  [2mcuda-cpp SFNN[0m [1;36m[progress][0m  [1;36mepoch 10[0m  [1;33msb 92/108[0m  [33mthis-sb=39,976,960 pos (610 batches x 65,536)[0m  [36mtotal=42,535,485,440 pos[0m  [1;36mtrain_time=15148.2s[0m  [1;32mpos/s=2,807,956[0m
  [2mcuda-cpp SFNN[0m [1;33mvalidation overhead[0m: [35mreadback=0.230s[0m  [33mvalidation=0.858s[0m  [2msave=skipped[0m  [1;32mtotal=1.088s[0m
  [2mcuda-cpp SFNN[0m [33mvalidation[0m: epoch=10, superbatch=92, [35mtest_value_accuracy=0.7027600[0m, [35mtest_value_loss=0.07574194[0m, [1;36melapsed=0.858s[0m
  [2mcuda-cpp SFNN[0m [1;36m[progress][0m  [1;36mepoch 10[0m  [1;33msb 93/108[0m  [33mthis-sb=39,976,960 pos (610 batches x 65,536)[0m  [36mtotal=42,575,462,400 pos[0m  [1;36mtrain_time=15162.4s[0m  [1;32mpos/s=2,807,963[0m
  [2mcuda-cpp SFNN[0m [1;36m[progress][0m  [1;36mepoch 10[0m  [1;33msb 94/108[0m  [33mthis-sb=39,976,960 pos (610 batches x 65,536)[0m  [36mtotal=42,615,439,360 pos[0m  [1;36mtrain_time=15176.6s[0m  [1;32mpos/s=2,807,971[0m
  [2mcuda-cpp SFNN[0m [1;36m[progress][0m  [1;36mepoch 10[0m  [1;33msb 95/108[0m  [33mthis-sb=39,976,960 pos (610 batches x 65,536)[0m  [36mtotal=42,655,416,320 pos[0m  [1;36mtrain_time=15190.8s[0m  [1;32mpos/s=2,807,977[0m
  cuda-cpp HalfKA2 validation forward = gpu: positions=300000, batch_size=8192, elapsed=0.591s
  test: accuracy=70.2477% (210743/300000 decisive; draws=0 excluded; mate=0 filtered), loss=0.075680 (n=300000)
  [2mcuda-cpp HalfKA2[0m [1;33mvalidation detail[0m: positions=300,000, batch_size=8,192, load/cache=0.000s, weight_fold=0.197s, context=0.000s, weight_upload=0.038s, batches=0.591s, metrics=0.005s, total=0.831s
  [2mcuda-cpp SFNN[0m [1;36m[progress][0m  [1;36mepoch 10[0m  [1;33msb 96/108[0m  [33mthis-sb=39,976,960 pos (610 batches x 65,536)[0m  [36mtotal=42,695,393,280 pos[0m  [1;36mtrain_time=15205.0s[0m  [1;32mpos/s=2,807,984[0m
  [2mcuda-cpp SFNN[0m [1;33mvalidation overhead[0m: [35mreadback=0.230s[0m  [33mvalidation=0.854s[0m  [2msave=skipped[0m  [1;32mtotal=1.083s[0m
  [2mcuda-cpp SFNN[0m [33mvalidation[0m: epoch=10, superbatch=96, [35mtest_value_accuracy=0.7024767[0m, [35mtest_value_loss=0.07567966[0m, [1;36melapsed=0.854s[0m
  [2mcuda-cpp SFNN[0m [1;36m[progress][0m  [1;36mepoch 10[0m  [1;33msb 97/108[0m  [33mthis-sb=39,976,960 pos (610 batches x 65,536)[0m  [36mtotal=42,735,370,240 pos[0m  [1;36mtrain_time=15219.2s[0m  [1;32mpos/s=2,807,989[0m
  [2mcuda-cpp SFNN[0m [1;36m[progress][0m  [1;36mepoch 10[0m  [1;33msb 98/108[0m  [33mthis-sb=39,976,960 pos (610 batches x 65,536)[0m  [36mtotal=42,775,347,200 pos[0m  [1;36mtrain_time=15233.4s[0m  [1;32mpos/s=2,807,997[0m
  [2mcuda-cpp SFNN[0m [1;36m[progress][0m  [1;36mepoch 10[0m  [1;33msb 99/108[0m  [33mthis-sb=39,976,960 pos (610 batches x 65,536)[0m  [36mtotal=42,815,324,160 pos[0m  [1;36mtrain_time=15247.6s[0m  [1;32mpos/s=2,808,004[0m
  cuda-cpp HalfKA2 validation forward = gpu: positions=300000, batch_size=8192, elapsed=0.592s
  test: accuracy=70.2700% (210810/300000 decisive; draws=0 excluded; mate=0 filtered), loss=0.075573 (n=300000)
  [2mcuda-cpp HalfKA2[0m [1;33mvalidation detail[0m: positions=300,000, batch_size=8,192, load/cache=0.000s, weight_fold=0.196s, context=0.000s, weight_upload=0.039s, batches=0.592s, metrics=0.005s, total=0.832s
  [2mcuda-cpp SFNN[0m [1;36m[progress][0m  [1;36mepoch 10[0m  [1;33msb 100/108[0m  [33mthis-sb=39,976,960 pos (610 batches x 65,536)[0m  [36mtotal=42,855,301,120 pos[0m  [1;36mtrain_time=15261.8s[0m  [1;32mpos/s=2,808,011[0m
  [2mcuda-cpp SFNN[0m [1;33mvalidation overhead[0m: [35mreadback=0.230s[0m  [33mvalidation=0.854s[0m  [2msave=skipped[0m  [1;32mtotal=1.085s[0m
  [2mcuda-cpp SFNN[0m [33mvalidation[0m: epoch=10, superbatch=100, [35mtest_value_accuracy=0.7027000[0m, [35mtest_value_loss=0.07557297[0m, [1;36melapsed=0.854s[0m
  [2mcuda-cpp SFNN[0m [1;36m[progress][0m  [1;36mepoch 10[0m  [1;33msb 101/108[0m  [33mthis-sb=39,976,960 pos (610 batches x 65,536)[0m  [36mtotal=42,895,278,080 pos[0m  [1;36mtrain_time=15276.0s[0m  [1;32mpos/s=2,808,014[0m
  [2mcuda-cpp SFNN[0m [1;36m[progress][0m  [1;36mepoch 10[0m  [1;33msb 102/108[0m  [33mthis-sb=39,976,960 pos (610 batches x 65,536)[0m  [36mtotal=42,935,255,040 pos[0m  [1;36mtrain_time=15290.2s[0m  [1;32mpos/s=2,808,020[0m
  [2mcuda-cpp SFNN[0m [1;36m[progress][0m  [1;36mepoch 10[0m  [1;33msb 103/108[0m  [33mthis-sb=39,976,960 pos (610 batches x 65,536)[0m  [36mtotal=42,975,232,000 pos[0m  [1;36mtrain_time=15304.4s[0m  [1;32mpos/s=2,808,027[0m
  cuda-cpp HalfKA2 validation forward = gpu: positions=300000, batch_size=8192, elapsed=0.591s
  test: accuracy=70.2510% (210753/300000 decisive; draws=0 excluded; mate=0 filtered), loss=0.075607 (n=300000)
  [2mcuda-cpp HalfKA2[0m [1;33mvalidation detail[0m: positions=300,000, batch_size=8,192, load/cache=0.000s, weight_fold=0.195s, context=0.000s, weight_upload=0.039s, batches=0.591s, metrics=0.005s, total=0.831s
  [2mcuda-cpp SFNN[0m [1;36m[progress][0m  [1;36mepoch 10[0m  [1;33msb 104/108[0m  [33mthis-sb=39,976,960 pos (610 batches x 65,536)[0m  [36mtotal=43,015,208,960 pos[0m  [1;36mtrain_time=15318.6s[0m  [1;32mpos/s=2,808,033[0m
  [2mcuda-cpp SFNN[0m [1;33mvalidation overhead[0m: [35mreadback=0.229s[0m  [33mvalidation=0.854s[0m  [2msave=skipped[0m  [1;32mtotal=1.083s[0m
  [2mcuda-cpp SFNN[0m [33mvalidation[0m: epoch=10, superbatch=104, [35mtest_value_accuracy=0.7025100[0m, [35mtest_value_loss=0.07560741[0m, [1;36melapsed=0.854s[0m
  [2mcuda-cpp SFNN[0m [1;36m[progress][0m  [1;36mepoch 10[0m  [1;33msb 105/108[0m  [33mthis-sb=39,976,960 pos (610 batches x 65,536)[0m  [36mtotal=43,055,185,920 pos[0m  [1;36mtrain_time=15332.8s[0m  [1;32mpos/s=2,808,038[0m
  [2mcuda-cpp SFNN[0m [1;36m[progress][0m  [1;36mepoch 10[0m  [1;33msb 106/108[0m  [33mthis-sb=39,976,960 pos (610 batches x 65,536)[0m  [36mtotal=43,095,162,880 pos[0m  [1;36mtrain_time=15347.0s[0m  [1;32mpos/s=2,808,047[0m
  [2mcuda-cpp SFNN[0m [1;36m[progress][0m  [1;36mepoch 10[0m  [1;33msb 107/108[0m  [33mthis-sb=39,976,960 pos (610 batches x 65,536)[0m  [36mtotal=43,135,139,840 pos[0m  [1;36mtrain_time=15361.2s[0m  [1;32mpos/s=2,808,053[0m
  cuda-cpp HalfKA2 validation forward = gpu: positions=300000, batch_size=8192, elapsed=0.593s
  test: accuracy=70.2593% (210778/300000 decisive; draws=0 excluded; mate=0 filtered), loss=0.075741 (n=300000)
  [2mcuda-cpp HalfKA2[0m [1;33mvalidation detail[0m: positions=300,000, batch_size=8,192, load/cache=0.000s, weight_fold=0.196s, context=0.000s, weight_upload=0.038s, batches=0.593s, metrics=0.005s, total=0.832s
  [2mcuda-cpp SFNN[0m [1;32m[checkpoint][0m  [1;36mepoch 10[0m  [1;33msb 108/108[0m  [33mthis-sb=39,976,960 pos (610 batches x 65,536)[0m  [36mtotal=43,175,116,800 pos[0m  [1;36mtrain_time=15375.4s[0m  [1;32mpos/s=2,808,058[0m
  [2mcuda-cpp SFNN[0m [1;33mcheckpoint overhead[0m: [35mreadback=0.902s[0m  [33mvalidation=0.855s[0m  [36msave=4.480s (state.bin 2.04 GiB, 466 MiB/s)[0m  [1;32mtotal=6.237s[0m
  [2mcuda-cpp SFNN[0m [33mvalidation[0m: epoch=10, superbatch=108, [35mtest_value_accuracy=0.7025933[0m, [35mtest_value_loss=0.07574105[0m, [1;36melapsed=0.855s[0m
  [2mcuda-cpp SFNN[0m [1;36m[progress][0m  [1;36mepoch 11[0m  [1;33msb 1/108[0m  [33mthis-sb=39,976,960 pos (610 batches x 65,536)[0m  [36mtotal=43,215,093,760 pos[0m  [1;36mtrain_time=15389.7s[0m  [1;32mpos/s=2,808,059[0m
  [2mcuda-cpp SFNN[0m [1;36m[progress][0m  [1;36mepoch 11[0m  [1;33msb 2/108[0m  [33mthis-sb=39,976,960 pos (610 batches x 65,536)[0m  [36mtotal=43,255,070,720 pos[0m  [1;36mtrain_time=15403.8s[0m  [1;32mpos/s=2,808,073[0m
  [2mcuda-cpp SFNN[0m [1;36m[progress][0m  [1;36mepoch 11[0m  [1;33msb 3/108[0m  [33mthis-sb=39,976,960 pos (610 batches x 65,536)[0m  [36mtotal=43,295,047,680 pos[0m  [1;36mtrain_time=15418.0s[0m  [1;32mpos/s=2,808,087[0m
  cuda-cpp HalfKA2 validation forward = gpu: positions=300000, batch_size=8192, elapsed=0.593s
  test: accuracy=69.9803% (209941/300000 decisive; draws=0 excluded; mate=0 filtered), loss=0.076231 (n=300000)
  [2mcuda-cpp HalfKA2[0m [1;33mvalidation detail[0m: positions=300,000, batch_size=8,192, load/cache=0.000s, weight_fold=0.198s, context=0.000s, weight_upload=0.041s, batches=0.593s, metrics=0.005s, total=0.836s
  [2mcuda-cpp SFNN[0m [1;36m[progress][0m  [1;36mepoch 11[0m  [1;33msb 4/108[0m  [33mthis-sb=39,976,960 pos (610 batches x 65,536)[0m  [36mtotal=43,335,024,640 pos[0m  [1;36mtrain_time=15432.2s[0m  [1;32mpos/s=2,808,100[0m
  [2mcuda-cpp SFNN[0m [1;33mvalidation overhead[0m: [35mreadback=0.228s[0m  [33mvalidation=0.859s[0m  [2msave=skipped[0m  [1;32mtotal=1.087s[0m
  [2mcuda-cpp SFNN[0m [33mvalidation[0m: epoch=11, superbatch=4, [35mtest_value_accuracy=0.6998034[0m, [35mtest_value_loss=0.07623148[0m, [1;36melapsed=0.859s[0m
  [2mcuda-cpp SFNN[0m [1;36m[progress][0m  [1;36mepoch 11[0m  [1;33msb 5/108[0m  [33mthis-sb=39,976,960 pos (610 batches x 65,536)[0m  [36mtotal=43,375,001,600 pos[0m  [1;36mtrain_time=15446.3s[0m  [1;32mpos/s=2,808,110[0m
  [2mcuda-cpp SFNN[0m [1;36m[progress][0m  [1;36mepoch 11[0m  [1;33msb 6/108[0m  [33mthis-sb=39,976,960 pos (610 batches x 65,536)[0m  [36mtotal=43,414,978,560 pos[0m  [1;36mtrain_time=15460.5s[0m  [1;32mpos/s=2,808,123[0m
  [2mcuda-cpp SFNN[0m [1;36m[progress][0m  [1;36mepoch 11[0m  [1;33msb 7/108[0m  [33mthis-sb=39,976,960 pos (610 batches x 65,536)[0m  [36mtotal=43,454,955,520 pos[0m  [1;36mtrain_time=15474.7s[0m  [1;32mpos/s=2,808,134[0m
  cuda-cpp HalfKA2 validation forward = gpu: positions=300000, batch_size=8192, elapsed=0.593s
  test: accuracy=69.8743% (209623/300000 decisive; draws=0 excluded; mate=0 filtered), loss=0.076428 (n=300000)
  [2mcuda-cpp HalfKA2[0m [1;33mvalidation detail[0m: positions=300,000, batch_size=8,192, load/cache=0.000s, weight_fold=0.197s, context=0.000s, weight_upload=0.041s, batches=0.593s, metrics=0.005s, total=0.837s
  [2mcuda-cpp SFNN[0m [1;36m[progress][0m  [1;36mepoch 11[0m  [1;33msb 8/108[0m  [33mthis-sb=39,976,960 pos (610 batches x 65,536)[0m  [36mtotal=43,494,932,480 pos[0m  [1;36mtrain_time=15488.8s[0m  [1;32mpos/s=2,808,146[0m
  [2mcuda-cpp SFNN[0m [1;33mvalidation overhead[0m: [35mreadback=0.235s[0m  [33mvalidation=0.860s[0m  [2msave=skipped[0m  [1;32mtotal=1.096s[0m
  [2mcuda-cpp SFNN[0m [33mvalidation[0m: epoch=11, superbatch=8, [35mtest_value_accuracy=0.6987433[0m, [35mtest_value_loss=0.07642815[0m, [1;36melapsed=0.860s[0m
  [2mcuda-cpp SFNN[0m [1;36m[progress][0m  [1;36mepoch 11[0m  [1;33msb 9/108[0m  [33mthis-sb=39,976,960 pos (610 batches x 65,536)[0m  [36mtotal=43,534,909,440 pos[0m  [1;36mtrain_time=15503.0s[0m  [1;32mpos/s=2,808,154[0m
  [2mcuda-cpp SFNN[0m [1;36m[progress][0m  [1;36mepoch 11[0m  [1;33msb 10/108[0m  [33mthis-sb=39,976,960 pos (610 batches x 65,536)[0m  [36mtotal=43,574,886,400 pos[0m  [1;36mtrain_time=15517.2s[0m  [1;32mpos/s=2,808,162[0m
  [2mcuda-cpp SFNN[0m [1;36m[progress][0m  [1;36mepoch 11[0m  [1;33msb 11/108[0m  [33mthis-sb=39,976,960 pos (610 batches x 65,536)[0m  [36mtotal=43,614,863,360 pos[0m  [1;36mtrain_time=15531.4s[0m  [1;32mpos/s=2,808,168[0m
  cuda-cpp HalfKA2 validation forward = gpu: positions=300000, batch_size=8192, elapsed=0.592s
  test: accuracy=69.9183% (209755/300000 decisive; draws=0 excluded; mate=0 filtered), loss=0.076110 (n=300000)
  [2mcuda-cpp HalfKA2[0m [1;33mvalidation detail[0m: positions=300,000, batch_size=8,192, load/cache=0.000s, weight_fold=0.194s, context=0.000s, weight_upload=0.039s, batches=0.592s, metrics=0.005s, total=0.830s
  [2mcuda-cpp SFNN[0m [1;36m[progress][0m  [1;36mepoch 11[0m  [1;33msb 12/108[0m  [33mthis-sb=39,976,960 pos (610 batches x 65,536)[0m  [36mtotal=43,654,840,320 pos[0m  [1;36mtrain_time=15545.6s[0m  [1;32mpos/s=2,808,173[0m
  [2mcuda-cpp SFNN[0m [1;33mvalidation overhead[0m: [35mreadback=0.226s[0m  [33mvalidation=0.851s[0m  [2msave=skipped[0m  [1;32mtotal=1.077s[0m
  [2mcuda-cpp SFNN[0m [33mvalidation[0m: epoch=11, superbatch=12, [35mtest_value_accuracy=0.6991833[0m, [35mtest_value_loss=0.07611015[0m, [1;36melapsed=0.851s[0m
  [2mcuda-cpp SFNN[0m [1;36m[progress][0m  [1;36mepoch 11[0m  [1;33msb 13/108[0m  [33mthis-sb=39,976,960 pos (610 batches x 65,536)[0m  [36mtotal=43,694,817,280 pos[0m  [1;36mtrain_time=15559.9s[0m  [1;32mpos/s=2,808,174[0m
  [2mcuda-cpp SFNN[0m [1;36m[progress][0m  [1;36mepoch 11[0m  [1;33msb 14/108[0m  [33mthis-sb=39,976,960 pos (610 batches x 65,536)[0m  [36mtotal=43,734,794,240 pos[0m  [1;36mtrain_time=15574.1s[0m  [1;32mpos/s=2,808,173[0m
  [2mcuda-cpp SFNN[0m [1;36m[progress][0m  [1;36mepoch 11[0m  [1;33msb 15/108[0m  [33mthis-sb=39,976,960 pos (610 batches x 65,536)[0m  [36mtotal=43,774,771,200 pos[0m  [1;36mtrain_time=15588.3s[0m  [1;32mpos/s=2,808,183[0m
  cuda-cpp HalfKA2 validation forward = gpu: positions=300000, batch_size=8192, elapsed=0.594s
  test: accuracy=69.9953% (209986/300000 decisive; draws=0 excluded; mate=0 filtered), loss=0.076245 (n=300000)
  [2mcuda-cpp HalfKA2[0m [1;33mvalidation detail[0m: positions=300,000, batch_size=8,192, load/cache=0.000s, weight_fold=0.193s, context=0.000s, weight_upload=0.040s, batches=0.594s, metrics=0.005s, total=0.832s
  [2mcuda-cpp SFNN[0m [1;36m[progress][0m  [1;36mepoch 11[0m  [1;33msb 16/108[0m  [33mthis-sb=39,976,960 pos (610 batches x 65,536)[0m  [36mtotal=43,814,748,160 pos[0m  [1;36mtrain_time=15602.5s[0m  [1;32mpos/s=2,808,193[0m
  [2mcuda-cpp SFNN[0m [1;33mvalidation overhead[0m: [35mreadback=0.224s[0m  [33mvalidation=0.852s[0m  [2msave=skipped[0m  [1;32mtotal=1.076s[0m
  [2mcuda-cpp SFNN[0m [33mvalidation[0m: epoch=11, superbatch=16, [35mtest_value_accuracy=0.6999533[0m, [35mtest_value_loss=0.07624450[0m, [1;36melapsed=0.852s[0m
  [2mcuda-cpp SFNN[0m [1;36m[progress][0m  [1;36mepoch 11[0m  [1;33msb 17/108[0m  [33mthis-sb=39,976,960 pos (610 batches x 65,536)[0m  [36mtotal=43,854,725,120 pos[0m  [1;36mtrain_time=15616.7s[0m  [1;32mpos/s=2,808,198[0m
  [2mcuda-cpp SFNN[0m [1;36m[progress][0m  [1;36mepoch 11[0m  [1;33msb 18/108[0m  [33mthis-sb=39,976,960 pos (610 batches x 65,536)[0m  [36mtotal=43,894,702,080 pos[0m  [1;36mtrain_time=15630.9s[0m  [1;32mpos/s=2,808,200[0m
  [2mcuda-cpp SFNN[0m [1;36m[progress][0m  [1;36mepoch 11[0m  [1;33msb 19/108[0m  [33mthis-sb=39,976,960 pos (610 batches x 65,536)[0m  [36mtotal=43,934,679,040 pos[0m  [1;36mtrain_time=15645.1s[0m  [1;32mpos/s=2,808,206[0m
  cuda-cpp HalfKA2 validation forward = gpu: positions=300000, batch_size=8192, elapsed=0.599s
  test: accuracy=70.0130% (210039/300000 decisive; draws=0 excluded; mate=0 filtered), loss=0.075852 (n=300000)
  [2mcuda-cpp HalfKA2[0m [1;33mvalidation detail[0m: positions=300,000, batch_size=8,192, load/cache=0.000s, weight_fold=0.190s, context=0.001s, weight_upload=0.040s, batches=0.599s, metrics=0.005s, total=0.834s
  [2mcuda-cpp SFNN[0m [1;36m[progress][0m  [1;36mepoch 11[0m  [1;33msb 20/108[0m  [33mthis-sb=39,976,960 pos (610 batches x 65,536)[0m  [36mtotal=43,974,656,000 pos[0m  [1;36mtrain_time=15659.3s[0m  [1;32mpos/s=2,808,210[0m
  [2mcuda-cpp SFNN[0m [1;33mvalidation overhead[0m: [35mreadback=0.223s[0m  [33mvalidation=0.857s[0m  [2msave=skipped[0m  [1;32mtotal=1.081s[0m
  [2mcuda-cpp SFNN[0m [33mvalidation[0m: epoch=11, superbatch=20, [35mtest_value_accuracy=0.7001300[0m, [35mtest_value_loss=0.07585202[0m, [1;36melapsed=0.857s[0m
  [2mcuda-cpp SFNN[0m [1;36m[progress][0m  [1;36mepoch 11[0m  [1;33msb 21/108[0m  [33mthis-sb=39,976,960 pos (610 batches x 65,536)[0m  [36mtotal=44,014,632,960 pos[0m  [1;36mtrain_time=15673.5s[0m  [1;32mpos/s=2,808,213[0m
  [2mcuda-cpp SFNN[0m [1;36m[progress][0m  [1;36mepoch 11[0m  [1;33msb 22/108[0m  [33mthis-sb=39,976,960 pos (610 batches x 65,536)[0m  [36mtotal=44,054,609,920 pos[0m  [1;36mtrain_time=15687.7s[0m  [1;32mpos/s=2,808,224[0m
  [2mcuda-cpp SFNN[0m [1;36m[progress][0m  [1;36mepoch 11[0m  [1;33msb 23/108[0m  [33mthis-sb=39,976,960 pos (610 batches x 65,536)[0m  [36mtotal=44,094,586,880 pos[0m  [1;36mtrain_time=15701.9s[0m  [1;32mpos/s=2,808,234[0m
  cuda-cpp HalfKA2 validation forward = gpu: positions=300000, batch_size=8192, elapsed=0.593s
  test: accuracy=70.0130% (210039/300000 decisive; draws=0 excluded; mate=0 filtered), loss=0.076018 (n=300000)
  [2mcuda-cpp HalfKA2[0m [1;33mvalidation detail[0m: positions=300,000, batch_size=8,192, load/cache=0.000s, weight_fold=0.191s, context=0.000s, weight_upload=0.038s, batches=0.593s, metrics=0.005s, total=0.827s
  [2mcuda-cpp SFNN[0m [1;36m[progress][0m  [1;36mepoch 11[0m  [1;33msb 24/108[0m  [33mthis-sb=39,976,960 pos (610 batches x 65,536)[0m  [36mtotal=44,134,563,840 pos[0m  [1;36mtrain_time=15716.1s[0m  [1;32mpos/s=2,808,245[0m
  [2mcuda-cpp SFNN[0m [1;33mvalidation overhead[0m: [35mreadback=0.224s[0m  [33mvalidation=0.848s[0m  [2msave=skipped[0m  [1;32mtotal=1.071s[0m
  [2mcuda-cpp SFNN[0m [33mvalidation[0m: epoch=11, superbatch=24, [35mtest_value_accuracy=0.7001300[0m, [35mtest_value_loss=0.07601797[0m, [1;36melapsed=0.848s[0m
  [2mcuda-cpp SFNN[0m [1;36m[progress][0m  [1;36mepoch 11[0m  [1;33msb 25/108[0m  [33mthis-sb=39,976,960 pos (610 batches x 65,536)[0m  [36mtotal=44,174,540,800 pos[0m  [1;36mtrain_time=15730.2s[0m  [1;32mpos/s=2,808,254[0m
  [2mcuda-cpp SFNN[0m [1;36m[progress][0m  [1;36mepoch 11[0m  [1;33msb 26/108[0m  [33mthis-sb=39,976,960 pos (610 batches x 65,536)[0m  [36mtotal=44,214,517,760 pos[0m  [1;36mtrain_time=15744.4s[0m  [1;32mpos/s=2,808,267[0m
  [2mcuda-cpp SFNN[0m [1;36m[progress][0m  [1;36mepoch 11[0m  [1;33msb 27/108[0m  [33mthis-sb=39,976,960 pos (610 batches x 65,536)[0m  [36mtotal=44,254,494,720 pos[0m  [1;36mtrain_time=15758.6s[0m  [1;32mpos/s=2,808,275[0m
  cuda-cpp HalfKA2 validation forward = gpu: positions=300000, batch_size=8192, elapsed=0.595s
  test: accuracy=70.0927% (210278/300000 decisive; draws=0 excluded; mate=0 filtered), loss=0.076436 (n=300000)
  [2mcuda-cpp HalfKA2[0m [1;33mvalidation detail[0m: positions=300,000, batch_size=8,192, load/cache=0.000s, weight_fold=0.191s, context=0.000s, weight_upload=0.041s, batches=0.595s, metrics=0.005s, total=0.832s
  [2mcuda-cpp SFNN[0m [1;36m[progress][0m  [1;36mepoch 11[0m  [1;33msb 28/108[0m  [33mthis-sb=39,976,960 pos (610 batches x 65,536)[0m  [36mtotal=44,294,471,680 pos[0m  [1;36mtrain_time=15772.8s[0m  [1;32mpos/s=2,808,285[0m
  [2mcuda-cpp SFNN[0m [1;33mvalidation overhead[0m: [35mreadback=0.224s[0m  [33mvalidation=0.852s[0m  [2msave=skipped[0m  [1;32mtotal=1.076s[0m
  [2mcuda-cpp SFNN[0m [33mvalidation[0m: epoch=11, superbatch=28, [35mtest_value_accuracy=0.7009267[0m, [35mtest_value_loss=0.07643594[0m, [1;36melapsed=0.852s[0m
  [2mcuda-cpp SFNN[0m [1;36m[progress][0m  [1;36mepoch 11[0m  [1;33msb 29/108[0m  [33mthis-sb=39,976,960 pos (610 batches x 65,536)[0m  [36mtotal=44,334,448,640 pos[0m  [1;36mtrain_time=15787.0s[0m  [1;32mpos/s=2,808,294[0m
  [2mcuda-cpp SFNN[0m [1;36m[progress][0m  [1;36mepoch 11[0m  [1;33msb 30/108[0m  [33mthis-sb=39,976,960 pos (610 batches x 65,536)[0m  [36mtotal=44,374,425,600 pos[0m  [1;36mtrain_time=15801.1s[0m  [1;32mpos/s=2,808,304[0m
  [2mcuda-cpp SFNN[0m [1;36m[progress][0m  [1;36mepoch 11[0m  [1;33msb 31/108[0m  [33mthis-sb=39,976,960 pos (610 batches x 65,536)[0m  [36mtotal=44,414,402,560 pos[0m  [1;36mtrain_time=15815.3s[0m  [1;32mpos/s=2,808,313[0m
  cuda-cpp HalfKA2 validation forward = gpu: positions=300000, batch_size=8192, elapsed=0.594s
  test: accuracy=70.0770% (210231/300000 decisive; draws=0 excluded; mate=0 filtered), loss=0.075531 (n=300000)
  [2mcuda-cpp HalfKA2[0m [1;33mvalidation detail[0m: positions=300,000, batch_size=8,192, load/cache=0.000s, weight_fold=0.191s, context=0.000s, weight_upload=0.040s, batches=0.594s, metrics=0.005s, total=0.830s
  [2mcuda-cpp SFNN[0m [1;36m[progress][0m  [1;36mepoch 11[0m  [1;33msb 32/108[0m  [33mthis-sb=39,976,960 pos (610 batches x 65,536)[0m  [36mtotal=44,454,379,520 pos[0m  [1;36mtrain_time=15829.5s[0m  [1;32mpos/s=2,808,321[0m
  [2mcuda-cpp SFNN[0m [1;33mvalidation overhead[0m: [35mreadback=0.223s[0m  [33mvalidation=0.850s[0m  [2msave=skipped[0m  [1;32mtotal=1.073s[0m
  [2mcuda-cpp SFNN[0m [33mvalidation[0m: epoch=11, superbatch=32, [35mtest_value_accuracy=0.7007700[0m, [35mtest_value_loss=0.07553074[0m, [1;36melapsed=0.850s[0m
  [2mcuda-cpp SFNN[0m [1;36m[progress][0m  [1;36mepoch 11[0m  [1;33msb 33/108[0m  [33mthis-sb=39,976,960 pos (610 batches x 65,536)[0m  [36mtotal=44,494,356,480 pos[0m  [1;36mtrain_time=15843.7s[0m  [1;32mpos/s=2,808,328[0m
  [2mcuda-cpp SFNN[0m [1;36m[progress][0m  [1;36mepoch 11[0m  [1;33msb 34/108[0m  [33mthis-sb=39,976,960 pos (610 batches x 65,536)[0m  [36mtotal=44,534,333,440 pos[0m  [1;36mtrain_time=15857.9s[0m  [1;32mpos/s=2,808,337[0m
  [2mcuda-cpp SFNN[0m [1;36m[progress][0m  [1;36mepoch 11[0m  [1;33msb 35/108[0m  [33mthis-sb=39,976,960 pos (610 batches x 65,536)[0m  [36mtotal=44,574,310,400 pos[0m  [1;36mtrain_time=15872.1s[0m  [1;32mpos/s=2,808,345[0m
  cuda-cpp HalfKA2 validation forward = gpu: positions=300000, batch_size=8192, elapsed=0.592s
  test: accuracy=70.1063% (210319/300000 decisive; draws=0 excluded; mate=0 filtered), loss=0.076121 (n=300000)
  [2mcuda-cpp HalfKA2[0m [1;33mvalidation detail[0m: positions=300,000, batch_size=8,192, load/cache=0.000s, weight_fold=0.191s, context=0.000s, weight_upload=0.039s, batches=0.592s, metrics=0.005s, total=0.827s
  [2mcuda-cpp SFNN[0m [1;36m[progress][0m  [1;36mepoch 11[0m  [1;33msb 36/108[0m  [33mthis-sb=39,976,960 pos (610 batches x 65,536)[0m  [36mtotal=44,614,287,360 pos[0m  [1;36mtrain_time=15886.3s[0m  [1;32mpos/s=2,808,354[0m
  [2mcuda-cpp SFNN[0m [1;33mvalidation overhead[0m: [35mreadback=0.226s[0m  [33mvalidation=0.847s[0m  [2msave=skipped[0m  [1;32mtotal=1.073s[0m
  [2mcuda-cpp SFNN[0m [33mvalidation[0m: epoch=11, superbatch=36, [35mtest_value_accuracy=0.7010633[0m, [35mtest_value_loss=0.07612108[0m, [1;36melapsed=0.847s[0m
  [2mcuda-cpp SFNN[0m [1;36m[progress][0m  [1;36mepoch 11[0m  [1;33msb 37/108[0m  [33mthis-sb=39,976,960 pos (610 batches x 65,536)[0m  [36mtotal=44,654,264,320 pos[0m  [1;36mtrain_time=15900.5s[0m  [1;32mpos/s=2,808,362[0m
  [2mcuda-cpp SFNN[0m [1;36m[progress][0m  [1;36mepoch 11[0m  [1;33msb 38/108[0m  [33mthis-sb=39,976,960 pos (610 batches x 65,536)[0m  [36mtotal=44,694,241,280 pos[0m  [1;36mtrain_time=15914.7s[0m  [1;32mpos/s=2,808,371[0m
  [2mcuda-cpp SFNN[0m [1;36m[progress][0m  [1;36mepoch 11[0m  [1;33msb 39/108[0m  [33mthis-sb=39,976,960 pos (610 batches x 65,536)[0m  [36mtotal=44,734,218,240 pos[0m  [1;36mtrain_time=15928.8s[0m  [1;32mpos/s=2,808,379[0m
  cuda-cpp HalfKA2 validation forward = gpu: positions=300000, batch_size=8192, elapsed=0.594s
  test: accuracy=70.0810% (210243/300000 decisive; draws=0 excluded; mate=0 filtered), loss=0.076114 (n=300000)
  [2mcuda-cpp HalfKA2[0m [1;33mvalidation detail[0m: positions=300,000, batch_size=8,192, load/cache=0.000s, weight_fold=0.192s, context=0.000s, weight_upload=0.040s, batches=0.594s, metrics=0.005s, total=0.831s
  [2mcuda-cpp SFNN[0m [1;36m[progress][0m  [1;36mepoch 11[0m  [1;33msb 40/108[0m  [33mthis-sb=39,976,960 pos (610 batches x 65,536)[0m  [36mtotal=44,774,195,200 pos[0m  [1;36mtrain_time=15943.0s[0m  [1;32mpos/s=2,808,387[0m
  [2mcuda-cpp SFNN[0m [1;33mvalidation overhead[0m: [35mreadback=0.225s[0m  [33mvalidation=0.852s[0m  [2msave=skipped[0m  [1;32mtotal=1.076s[0m
  [2mcuda-cpp SFNN[0m [33mvalidation[0m: epoch=11, superbatch=40, [35mtest_value_accuracy=0.7008100[0m, [35mtest_value_loss=0.07611381[0m, [1;36melapsed=0.852s[0m
  [2mcuda-cpp SFNN[0m [1;36m[progress][0m  [1;36mepoch 11[0m  [1;33msb 41/108[0m  [33mthis-sb=39,976,960 pos (610 batches x 65,536)[0m  [36mtotal=44,814,172,160 pos[0m  [1;36mtrain_time=15957.2s[0m  [1;32mpos/s=2,808,396[0m
  [2mcuda-cpp SFNN[0m [1;36m[progress][0m  [1;36mepoch 11[0m  [1;33msb 42/108[0m  [33mthis-sb=39,976,960 pos (610 batches x 65,536)[0m  [36mtotal=44,854,149,120 pos[0m  [1;36mtrain_time=15971.4s[0m  [1;32mpos/s=2,808,404[0m
  [2mcuda-cpp SFNN[0m [1;36m[progress][0m  [1;36mepoch 11[0m  [1;33msb 43/108[0m  [33mthis-sb=39,976,960 pos (610 batches x 65,536)[0m  [36mtotal=44,894,126,080 pos[0m  [1;36mtrain_time=15985.6s[0m  [1;32mpos/s=2,808,408[0m
  cuda-cpp HalfKA2 validation forward = gpu: positions=300000, batch_size=8192, elapsed=0.590s
  test: accuracy=70.0870% (210261/300000 decisive; draws=0 excluded; mate=0 filtered), loss=0.076180 (n=300000)
  [2mcuda-cpp HalfKA2[0m [1;33mvalidation detail[0m: positions=300,000, batch_size=8,192, load/cache=0.000s, weight_fold=0.190s, context=0.000s, weight_upload=0.038s, batches=0.590s, metrics=0.005s, total=0.824s
  [2mcuda-cpp SFNN[0m [1;36m[progress][0m  [1;36mepoch 11[0m  [1;33msb 44/108[0m  [33mthis-sb=39,976,960 pos (610 batches x 65,536)[0m  [36mtotal=44,934,103,040 pos[0m  [1;36mtrain_time=15999.8s[0m  [1;32mpos/s=2,808,415[0m
  [2mcuda-cpp SFNN[0m [1;33mvalidation overhead[0m: [35mreadback=0.225s[0m  [33mvalidation=0.844s[0m  [2msave=skipped[0m  [1;32mtotal=1.069s[0m
  [2mcuda-cpp SFNN[0m [33mvalidation[0m: epoch=11, superbatch=44, [35mtest_value_accuracy=0.7008700[0m, [35mtest_value_loss=0.07618041[0m, [1;36melapsed=0.844s[0m
  [2mcuda-cpp SFNN[0m [1;36m[progress][0m  [1;36mepoch 11[0m  [1;33msb 45/108[0m  [33mthis-sb=39,976,960 pos (610 batches x 65,536)[0m  [36mtotal=44,974,080,000 pos[0m  [1;36mtrain_time=16014.0s[0m  [1;32mpos/s=2,808,422[0m
  [2mcuda-cpp SFNN[0m [1;36m[progress][0m  [1;36mepoch 11[0m  [1;33msb 46/108[0m  [33mthis-sb=39,976,960 pos (610 batches x 65,536)[0m  [36mtotal=45,014,056,960 pos[0m  [1;36mtrain_time=16028.2s[0m  [1;32mpos/s=2,808,432[0m
  [2mcuda-cpp SFNN[0m [1;36m[progress][0m  [1;36mepoch 11[0m  [1;33msb 47/108[0m  [33mthis-sb=39,976,960 pos (610 batches x 65,536)[0m  [36mtotal=45,054,033,920 pos[0m  [1;36mtrain_time=16042.4s[0m  [1;32mpos/s=2,808,442[0m
  cuda-cpp HalfKA2 validation forward = gpu: positions=300000, batch_size=8192, elapsed=0.591s
  test: accuracy=70.1903% (210571/300000 decisive; draws=0 excluded; mate=0 filtered), loss=0.075997 (n=300000)
  [2mcuda-cpp HalfKA2[0m [1;33mvalidation detail[0m: positions=300,000, batch_size=8,192, load/cache=0.000s, weight_fold=0.197s, context=0.000s, weight_upload=0.039s, batches=0.591s, metrics=0.005s, total=0.833s
  [2mcuda-cpp SFNN[0m [1;36m[progress][0m  [1;36mepoch 11[0m  [1;33msb 48/108[0m  [33mthis-sb=39,976,960 pos (610 batches x 65,536)[0m  [36mtotal=45,094,010,880 pos[0m  [1;36mtrain_time=16056.5s[0m  [1;32mpos/s=2,808,452[0m
  [2mcuda-cpp SFNN[0m [1;33mvalidation overhead[0m: [35mreadback=0.223s[0m  [33mvalidation=0.856s[0m  [2msave=skipped[0m  [1;32mtotal=1.079s[0m
  [2mcuda-cpp SFNN[0m [33mvalidation[0m: epoch=11, superbatch=48, [35mtest_value_accuracy=0.7019033[0m, [35mtest_value_loss=0.07599691[0m, [1;36melapsed=0.856s[0m
  [2mcuda-cpp SFNN[0m [1;36m[progress][0m  [1;36mepoch 11[0m  [1;33msb 49/108[0m  [33mthis-sb=39,976,960 pos (610 batches x 65,536)[0m  [36mtotal=45,133,987,840 pos[0m  [1;36mtrain_time=16070.7s[0m  [1;32mpos/s=2,808,459[0m
  [2mcuda-cpp SFNN[0m [1;36m[progress][0m  [1;36mepoch 11[0m  [1;33msb 50/108[0m  [33mthis-sb=39,976,960 pos (610 batches x 65,536)[0m  [36mtotal=45,173,964,800 pos[0m  [1;36mtrain_time=16084.9s[0m  [1;32mpos/s=2,808,467[0m
  [2mcuda-cpp SFNN[0m [1;36m[progress][0m  [1;36mepoch 11[0m  [1;33msb 51/108[0m  [33mthis-sb=39,976,960 pos (610 batches x 65,536)[0m  [36mtotal=45,213,941,760 pos[0m  [1;36mtrain_time=16099.1s[0m  [1;32mpos/s=2,808,474[0m
  cuda-cpp HalfKA2 validation forward = gpu: positions=300000, batch_size=8192, elapsed=0.597s
  test: accuracy=70.1400% (210420/300000 decisive; draws=0 excluded; mate=0 filtered), loss=0.076148 (n=300000)
  [2mcuda-cpp HalfKA2[0m [1;33mvalidation detail[0m: positions=300,000, batch_size=8,192, load/cache=0.000s, weight_fold=0.193s, context=0.001s, weight_upload=0.040s, batches=0.597s, metrics=0.005s, total=0.835s
  [2mcuda-cpp SFNN[0m [1;36m[progress][0m  [1;36mepoch 11[0m  [1;33msb 52/108[0m  [33mthis-sb=39,976,960 pos (610 batches x 65,536)[0m  [36mtotal=45,253,918,720 pos[0m  [1;36mtrain_time=16113.3s[0m  [1;32mpos/s=2,808,482[0m
  [2mcuda-cpp SFNN[0m [1;33mvalidation overhead[0m: [35mreadback=0.229s[0m  [33mvalidation=0.859s[0m  [2msave=skipped[0m  [1;32mtotal=1.088s[0m
  [2mcuda-cpp SFNN[0m [33mvalidation[0m: epoch=11, superbatch=52, [35mtest_value_accuracy=0.7014000[0m, [35mtest_value_loss=0.07614821[0m, [1;36melapsed=0.859s[0m
  [2mcuda-cpp SFNN[0m [1;36m[progress][0m  [1;36mepoch 11[0m  [1;33msb 53/108[0m  [33mthis-sb=39,976,960 pos (610 batches x 65,536)[0m  [36mtotal=45,293,895,680 pos[0m  [1;36mtrain_time=16127.5s[0m  [1;32mpos/s=2,808,488[0m
  [2mcuda-cpp SFNN[0m [1;36m[progress][0m  [1;36mepoch 11[0m  [1;33msb 54/108[0m  [33mthis-sb=39,976,960 pos (610 batches x 65,536)[0m  [36mtotal=45,333,872,640 pos[0m  [1;36mtrain_time=16141.8s[0m  [1;32mpos/s=2,808,479[0m
  [2mcuda-cpp SFNN[0m [1;36m[progress][0m  [1;36mepoch 11[0m  [1;33msb 55/108[0m  [33mthis-sb=39,976,960 pos (610 batches x 65,536)[0m  [36mtotal=45,373,849,600 pos[0m  [1;36mtrain_time=16156.0s[0m  [1;32mpos/s=2,808,489[0m
  cuda-cpp HalfKA2 validation forward = gpu: positions=300000, batch_size=8192, elapsed=0.592s
  test: accuracy=70.2020% (210606/300000 decisive; draws=0 excluded; mate=0 filtered), loss=0.076337 (n=300000)
  [2mcuda-cpp HalfKA2[0m [1;33mvalidation detail[0m: positions=300,000, batch_size=8,192, load/cache=0.000s, weight_fold=0.198s, context=0.000s, weight_upload=0.039s, batches=0.592s, metrics=0.005s, total=0.834s
  [2mcuda-cpp SFNN[0m [1;36m[progress][0m  [1;36mepoch 11[0m  [1;33msb 56/108[0m  [33mthis-sb=39,976,960 pos (610 batches x 65,536)[0m  [36mtotal=45,413,826,560 pos[0m  [1;36mtrain_time=16170.2s[0m  [1;32mpos/s=2,808,496[0m
  [2mcuda-cpp SFNN[0m [1;33mvalidation overhead[0m: [35mreadback=0.231s[0m  [33mvalidation=0.856s[0m  [2msave=skipped[0m  [1;32mtotal=1.087s[0m
  [2mcuda-cpp SFNN[0m [33mvalidation[0m: epoch=11, superbatch=56, [35mtest_value_accuracy=0.7020200[0m, [35mtest_value_loss=0.07633679[0m, [1;36melapsed=0.856s[0m
  [2mcuda-cpp SFNN[0m [1;36m[progress][0m  [1;36mepoch 11[0m  [1;33msb 57/108[0m  [33mthis-sb=39,976,960 pos (610 batches x 65,536)[0m  [36mtotal=45,453,803,520 pos[0m  [1;36mtrain_time=16184.3s[0m  [1;32mpos/s=2,808,504[0m
  [2mcuda-cpp SFNN[0m [1;36m[progress][0m  [1;36mepoch 11[0m  [1;33msb 58/108[0m  [33mthis-sb=39,976,960 pos (610 batches x 65,536)[0m  [36mtotal=45,493,780,480 pos[0m  [1;36mtrain_time=16198.5s[0m  [1;32mpos/s=2,808,512[0m
  [2mcuda-cpp SFNN[0m [1;36m[progress][0m  [1;36mepoch 11[0m  [1;33msb 59/108[0m  [33mthis-sb=39,976,960 pos (610 batches x 65,536)[0m  [36mtotal=45,533,757,440 pos[0m  [1;36mtrain_time=16212.7s[0m  [1;32mpos/s=2,808,521[0m
  cuda-cpp HalfKA2 validation forward = gpu: positions=300000, batch_size=8192, elapsed=0.593s
  test: accuracy=70.1650% (210495/300000 decisive; draws=0 excluded; mate=0 filtered), loss=0.075844 (n=300000)
  [2mcuda-cpp HalfKA2[0m [1;33mvalidation detail[0m: positions=300,000, batch_size=8,192, load/cache=0.000s, weight_fold=0.194s, context=0.000s, weight_upload=0.039s, batches=0.593s, metrics=0.005s, total=0.831s
  [2mcuda-cpp SFNN[0m [1;36m[progress][0m  [1;36mepoch 11[0m  [1;33msb 60/108[0m  [33mthis-sb=39,976,960 pos (610 batches x 65,536)[0m  [36mtotal=45,573,734,400 pos[0m  [1;36mtrain_time=16226.9s[0m  [1;32mpos/s=2,808,531[0m
  [2mcuda-cpp SFNN[0m [1;33mvalidation overhead[0m: [35mreadback=0.231s[0m  [33mvalidation=0.852s[0m  [2msave=skipped[0m  [1;32mtotal=1.083s[0m
  [2mcuda-cpp SFNN[0m [33mvalidation[0m: epoch=11, superbatch=60, [35mtest_value_accuracy=0.7016500[0m, [35mtest_value_loss=0.07584433[0m, [1;36melapsed=0.852s[0m
  [2mcuda-cpp SFNN[0m [1;36m[progress][0m  [1;36mepoch 11[0m  [1;33msb 61/108[0m  [33mthis-sb=39,976,960 pos (610 batches x 65,536)[0m  [36mtotal=45,613,711,360 pos[0m  [1;36mtrain_time=16241.1s[0m  [1;32mpos/s=2,808,539[0m
  [2mcuda-cpp SFNN[0m [1;36m[progress][0m  [1;36mepoch 11[0m  [1;33msb 62/108[0m  [33mthis-sb=39,976,960 pos (610 batches x 65,536)[0m  [36mtotal=45,653,688,320 pos[0m  [1;36mtrain_time=16255.2s[0m  [1;32mpos/s=2,808,551[0m
  [2mcuda-cpp SFNN[0m [1;36m[progress][0m  [1;36mepoch 11[0m  [1;33msb 63/108[0m  [33mthis-sb=39,976,960 pos (610 batches x 65,536)[0m  [36mtotal=45,693,665,280 pos[0m  [1;36mtrain_time=16269.4s[0m  [1;32mpos/s=2,808,562[0m
  cuda-cpp HalfKA2 validation forward = gpu: positions=300000, batch_size=8192, elapsed=0.593s
  test: accuracy=70.2467% (210740/300000 decisive; draws=0 excluded; mate=0 filtered), loss=0.075622 (n=300000)
  [2mcuda-cpp HalfKA2[0m [1;33mvalidation detail[0m: positions=300,000, batch_size=8,192, load/cache=0.000s, weight_fold=0.195s, context=0.000s, weight_upload=0.040s, batches=0.593s, metrics=0.005s, total=0.834s
  [2mcuda-cpp SFNN[0m [1;36m[progress][0m  [1;36mepoch 11[0m  [1;33msb 64/108[0m  [33mthis-sb=39,976,960 pos (610 batches x 65,536)[0m  [36mtotal=45,733,642,240 pos[0m  [1;36mtrain_time=16283.6s[0m  [1;32mpos/s=2,808,570[0m
  [2mcuda-cpp SFNN[0m [1;33mvalidation overhead[0m: [35mreadback=0.228s[0m  [33mvalidation=0.855s[0m  [2msave=skipped[0m  [1;32mtotal=1.084s[0m
  [2mcuda-cpp SFNN[0m [33mvalidation[0m: epoch=11, superbatch=64, [35mtest_value_accuracy=0.7024667[0m, [35mtest_value_loss=0.07562154[0m, [1;36melapsed=0.855s[0m
  [2mcuda-cpp SFNN[0m [1;36m[progress][0m  [1;36mepoch 11[0m  [1;33msb 65/108[0m  [33mthis-sb=39,976,960 pos (610 batches x 65,536)[0m  [36mtotal=45,773,619,200 pos[0m  [1;36mtrain_time=16297.8s[0m  [1;32mpos/s=2,808,579[0m
  [2mcuda-cpp SFNN[0m [1;36m[progress][0m  [1;36mepoch 11[0m  [1;33msb 66/108[0m  [33mthis-sb=39,976,960 pos (610 batches x 65,536)[0m  [36mtotal=45,813,596,160 pos[0m  [1;36mtrain_time=16312.0s[0m  [1;32mpos/s=2,808,588[0m
  [2mcuda-cpp SFNN[0m [1;36m[progress][0m  [1;36mepoch 11[0m  [1;33msb 67/108[0m  [33mthis-sb=39,976,960 pos (610 batches x 65,536)[0m  [36mtotal=45,853,573,120 pos[0m  [1;36mtrain_time=16326.1s[0m  [1;32mpos/s=2,808,598[0m
  cuda-cpp HalfKA2 validation forward = gpu: positions=300000, batch_size=8192, elapsed=0.598s
  test: accuracy=70.2737% (210821/300000 decisive; draws=0 excluded; mate=0 filtered), loss=0.075523 (n=300000)
  [2mcuda-cpp HalfKA2[0m [1;33mvalidation detail[0m: positions=300,000, batch_size=8,192, load/cache=0.000s, weight_fold=0.195s, context=0.000s, weight_upload=0.040s, batches=0.598s, metrics=0.005s, total=0.839s
  [2mcuda-cpp SFNN[0m [1;36m[progress][0m  [1;36mepoch 11[0m  [1;33msb 68/108[0m  [33mthis-sb=39,976,960 pos (610 batches x 65,536)[0m  [36mtotal=45,893,550,080 pos[0m  [1;36mtrain_time=16340.3s[0m  [1;32mpos/s=2,808,605[0m
  [2mcuda-cpp SFNN[0m [1;33mvalidation overhead[0m: [35mreadback=0.231s[0m  [33mvalidation=0.861s[0m  [2msave=skipped[0m  [1;32mtotal=1.091s[0m
  [2mcuda-cpp SFNN[0m [33mvalidation[0m: epoch=11, superbatch=68, [35mtest_value_accuracy=0.7027367[0m, [35mtest_value_loss=0.07552319[0m, [1;36melapsed=0.861s[0m
  [2mcuda-cpp SFNN[0m [1;36m[progress][0m  [1;36mepoch 11[0m  [1;33msb 69/108[0m  [33mthis-sb=39,976,960 pos (610 batches x 65,536)[0m  [36mtotal=45,933,527,040 pos[0m  [1;36mtrain_time=16354.5s[0m  [1;32mpos/s=2,808,612[0m
  [2mcuda-cpp SFNN[0m [1;36m[progress][0m  [1;36mepoch 11[0m  [1;33msb 70/108[0m  [33mthis-sb=39,976,960 pos (610 batches x 65,536)[0m  [36mtotal=45,973,504,000 pos[0m  [1;36mtrain_time=16368.7s[0m  [1;32mpos/s=2,808,620[0m
  [2mcuda-cpp SFNN[0m [1;36m[progress][0m  [1;36mepoch 11[0m  [1;33msb 71/108[0m  [33mthis-sb=39,976,960 pos (610 batches x 65,536)[0m  [36mtotal=46,013,480,960 pos[0m  [1;36mtrain_time=16382.9s[0m  [1;32mpos/s=2,808,627[0m
  cuda-cpp HalfKA2 validation forward = gpu: positions=300000, batch_size=8192, elapsed=0.593s
  test: accuracy=70.2693% (210808/300000 decisive; draws=0 excluded; mate=0 filtered), loss=0.075811 (n=300000)
  [2mcuda-cpp HalfKA2[0m [1;33mvalidation detail[0m: positions=300,000, batch_size=8,192, load/cache=0.000s, weight_fold=0.193s, context=0.000s, weight_upload=0.041s, batches=0.593s, metrics=0.005s, total=0.832s
  [2mcuda-cpp SFNN[0m [1;36m[progress][0m  [1;36mepoch 11[0m  [1;33msb 72/108[0m  [33mthis-sb=39,976,960 pos (610 batches x 65,536)[0m  [36mtotal=46,053,457,920 pos[0m  [1;36mtrain_time=16397.1s[0m  [1;32mpos/s=2,808,635[0m
  [2mcuda-cpp SFNN[0m [1;33mvalidation overhead[0m: [35mreadback=0.229s[0m  [33mvalidation=0.857s[0m  [2msave=skipped[0m  [1;32mtotal=1.086s[0m
  [2mcuda-cpp SFNN[0m [33mvalidation[0m: epoch=11, superbatch=72, [35mtest_value_accuracy=0.7026933[0m, [35mtest_value_loss=0.07581132[0m, [1;36melapsed=0.857s[0m
  [2mcuda-cpp SFNN[0m [1;36m[progress][0m  [1;36mepoch 11[0m  [1;33msb 73/108[0m  [33mthis-sb=39,976,960 pos (610 batches x 65,536)[0m  [36mtotal=46,093,434,880 pos[0m  [1;36mtrain_time=16411.3s[0m  [1;32mpos/s=2,808,640[0m
  [2mcuda-cpp SFNN[0m [1;36m[progress][0m  [1;36mepoch 11[0m  [1;33msb 74/108[0m  [33mthis-sb=39,976,960 pos (610 batches x 65,536)[0m  [36mtotal=46,133,411,840 pos[0m  [1;36mtrain_time=16425.5s[0m  [1;32mpos/s=2,808,649[0m
  [2mcuda-cpp SFNN[0m [1;36m[progress][0m  [1;36mepoch 11[0m  [1;33msb 75/108[0m  [33mthis-sb=39,976,960 pos (610 batches x 65,536)[0m  [36mtotal=46,173,388,800 pos[0m  [1;36mtrain_time=16439.7s[0m  [1;32mpos/s=2,808,654[0m
  cuda-cpp HalfKA2 validation forward = gpu: positions=300000, batch_size=8192, elapsed=0.591s
  test: accuracy=70.2427% (210728/300000 decisive; draws=0 excluded; mate=0 filtered), loss=0.075714 (n=300000)
  [2mcuda-cpp HalfKA2[0m [1;33mvalidation detail[0m: positions=300,000, batch_size=8,192, load/cache=0.000s, weight_fold=0.221s, context=0.001s, weight_upload=0.041s, batches=0.591s, metrics=0.005s, total=0.859s
  [2mcuda-cpp SFNN[0m [1;36m[progress][0m  [1;36mepoch 11[0m  [1;33msb 76/108[0m  [33mthis-sb=39,976,960 pos (610 batches x 65,536)[0m  [36mtotal=46,213,365,760 pos[0m  [1;36mtrain_time=16453.9s[0m  [1;32mpos/s=2,808,660[0m
  [2mcuda-cpp SFNN[0m [1;33mvalidation overhead[0m: [35mreadback=0.232s[0m  [33mvalidation=0.884s[0m  [2msave=skipped[0m  [1;32mtotal=1.116s[0m
  [2mcuda-cpp SFNN[0m [33mvalidation[0m: epoch=11, superbatch=76, [35mtest_value_accuracy=0.7024267[0m, [35mtest_value_loss=0.07571437[0m, [1;36melapsed=0.884s[0m
  [2mcuda-cpp SFNN[0m [1;36m[progress][0m  [1;36mepoch 11[0m  [1;33msb 77/108[0m  [33mthis-sb=39,976,960 pos (610 batches x 65,536)[0m  [36mtotal=46,253,342,720 pos[0m  [1;36mtrain_time=16468.1s[0m  [1;32mpos/s=2,808,661[0m
  [2mcuda-cpp SFNN[0m [1;36m[progress][0m  [1;36mepoch 11[0m  [1;33msb 78/108[0m  [33mthis-sb=39,976,960 pos (610 batches x 65,536)[0m  [36mtotal=46,293,319,680 pos[0m  [1;36mtrain_time=16482.3s[0m  [1;32mpos/s=2,808,667[0m
  [2mcuda-cpp SFNN[0m [1;36m[progress][0m  [1;36mepoch 11[0m  [1;33msb 79/108[0m  [33mthis-sb=39,976,960 pos (610 batches x 65,536)[0m  [36mtotal=46,333,296,640 pos[0m  [1;36mtrain_time=16496.5s[0m  [1;32mpos/s=2,808,671[0m
  cuda-cpp HalfKA2 validation forward = gpu: positions=300000, batch_size=8192, elapsed=0.593s
  test: accuracy=70.2543% (210763/300000 decisive; draws=0 excluded; mate=0 filtered), loss=0.075796 (n=300000)
  [2mcuda-cpp HalfKA2[0m [1;33mvalidation detail[0m: positions=300,000, batch_size=8,192, load/cache=0.000s, weight_fold=0.227s, context=0.000s, weight_upload=0.041s, batches=0.593s, metrics=0.005s, total=0.866s
  [2mcuda-cpp SFNN[0m [1;36m[progress][0m  [1;36mepoch 11[0m  [1;33msb 80/108[0m  [33mthis-sb=39,976,960 pos (610 batches x 65,536)[0m  [36mtotal=46,373,273,600 pos[0m  [1;36mtrain_time=16510.7s[0m  [1;32mpos/s=2,808,677[0m
  [2mcuda-cpp SFNN[0m [1;33mvalidation overhead[0m: [35mreadback=0.228s[0m  [33mvalidation=0.893s[0m  [2msave=skipped[0m  [1;32mtotal=1.121s[0m
  [2mcuda-cpp SFNN[0m [33mvalidation[0m: epoch=11, superbatch=80, [35mtest_value_accuracy=0.7025433[0m, [35mtest_value_loss=0.07579610[0m, [1;36melapsed=0.893s[0m
  [2mcuda-cpp SFNN[0m [1;36m[progress][0m  [1;36mepoch 11[0m  [1;33msb 81/108[0m  [33mthis-sb=39,976,960 pos (610 batches x 65,536)[0m  [36mtotal=46,413,250,560 pos[0m  [1;36mtrain_time=16524.9s[0m  [1;32mpos/s=2,808,680[0m
  [2mcuda-cpp SFNN[0m [1;36m[progress][0m  [1;36mepoch 11[0m  [1;33msb 82/108[0m  [33mthis-sb=39,976,960 pos (610 batches x 65,536)[0m  [36mtotal=46,453,227,520 pos[0m  [1;36mtrain_time=16539.1s[0m  [1;32mpos/s=2,808,689[0m
  [2mcuda-cpp SFNN[0m [1;36m[progress][0m  [1;36mepoch 11[0m  [1;33msb 83/108[0m  [33mthis-sb=39,976,960 pos (610 batches x 65,536)[0m  [36mtotal=46,493,204,480 pos[0m  [1;36mtrain_time=16553.3s[0m  [1;32mpos/s=2,808,696[0m
  cuda-cpp HalfKA2 validation forward = gpu: positions=300000, batch_size=8192, elapsed=0.590s
  test: accuracy=70.2833% (210850/300000 decisive; draws=0 excluded; mate=0 filtered), loss=0.075426 (n=300000)
  [2mcuda-cpp HalfKA2[0m [1;33mvalidation detail[0m: positions=300,000, batch_size=8,192, load/cache=0.000s, weight_fold=0.222s, context=0.000s, weight_upload=0.041s, batches=0.590s, metrics=0.005s, total=0.858s
  [2mcuda-cpp SFNN[0m [1;36m[progress][0m  [1;36mepoch 11[0m  [1;33msb 84/108[0m  [33mthis-sb=39,976,960 pos (610 batches x 65,536)[0m  [36mtotal=46,533,181,440 pos[0m  [1;36mtrain_time=16567.5s[0m  [1;32mpos/s=2,808,704[0m
  [2mcuda-cpp SFNN[0m [1;33mvalidation overhead[0m: [35mreadback=0.228s[0m  [33mvalidation=0.884s[0m  [2msave=skipped[0m  [1;32mtotal=1.112s[0m
  [2mcuda-cpp SFNN[0m [33mvalidation[0m: epoch=11, superbatch=84, [35mtest_value_accuracy=0.7028334[0m, [35mtest_value_loss=0.07542603[0m, [1;36melapsed=0.884s[0m
  [2mcuda-cpp SFNN[0m [1;36m[progress][0m  [1;36mepoch 11[0m  [1;33msb 85/108[0m  [33mthis-sb=39,976,960 pos (610 batches x 65,536)[0m  [36mtotal=46,573,158,400 pos[0m  [1;36mtrain_time=16581.7s[0m  [1;32mpos/s=2,808,709[0m
  [2mcuda-cpp SFNN[0m [1;36m[progress][0m  [1;36mepoch 11[0m  [1;33msb 86/108[0m  [33mthis-sb=39,976,960 pos (610 batches x 65,536)[0m  [36mtotal=46,613,135,360 pos[0m  [1;36mtrain_time=16595.9s[0m  [1;32mpos/s=2,808,717[0m
  [2mcuda-cpp SFNN[0m [1;36m[progress][0m  [1;36mepoch 11[0m  [1;33msb 87/108[0m  [33mthis-sb=39,976,960 pos (610 batches x 65,536)[0m  [36mtotal=46,653,112,320 pos[0m  [1;36mtrain_time=16610.1s[0m  [1;32mpos/s=2,808,725[0m
  cuda-cpp HalfKA2 validation forward = gpu: positions=300000, batch_size=8192, elapsed=0.590s
  test: accuracy=70.2447% (210734/300000 decisive; draws=0 excluded; mate=0 filtered), loss=0.075692 (n=300000)
  [2mcuda-cpp HalfKA2[0m [1;33mvalidation detail[0m: positions=300,000, batch_size=8,192, load/cache=0.000s, weight_fold=0.194s, context=0.000s, weight_upload=0.040s, batches=0.590s, metrics=0.005s, total=0.830s
  [2mcuda-cpp SFNN[0m [1;36m[progress][0m  [1;36mepoch 11[0m  [1;33msb 88/108[0m  [33mthis-sb=39,976,960 pos (610 batches x 65,536)[0m  [36mtotal=46,693,089,280 pos[0m  [1;36mtrain_time=16624.3s[0m  [1;32mpos/s=2,808,732[0m
  [2mcuda-cpp SFNN[0m [1;33mvalidation overhead[0m: [35mreadback=0.228s[0m  [33mvalidation=0.851s[0m  [2msave=skipped[0m  [1;32mtotal=1.080s[0m
  [2mcuda-cpp SFNN[0m [33mvalidation[0m: epoch=11, superbatch=88, [35mtest_value_accuracy=0.7024466[0m, [35mtest_value_loss=0.07569179[0m, [1;36melapsed=0.851s[0m
  [2mcuda-cpp SFNN[0m [1;36m[progress][0m  [1;36mepoch 11[0m  [1;33msb 89/108[0m  [33mthis-sb=39,976,960 pos (610 batches x 65,536)[0m  [36mtotal=46,733,066,240 pos[0m  [1;36mtrain_time=16638.4s[0m  [1;32mpos/s=2,808,739[0m
  [2mcuda-cpp SFNN[0m [1;36m[progress][0m  [1;36mepoch 11[0m  [1;33msb 90/108[0m  [33mthis-sb=39,976,960 pos (610 batches x 65,536)[0m  [36mtotal=46,773,043,200 pos[0m  [1;36mtrain_time=16652.6s[0m  [1;32mpos/s=2,808,749[0m
  [2mcuda-cpp SFNN[0m [1;36m[progress][0m  [1;36mepoch 11[0m  [1;33msb 91/108[0m  [33mthis-sb=39,976,960 pos (610 batches x 65,536)[0m  [36mtotal=46,813,020,160 pos[0m  [1;36mtrain_time=16666.8s[0m  [1;32mpos/s=2,808,759[0m
  cuda-cpp HalfKA2 validation forward = gpu: positions=300000, batch_size=8192, elapsed=0.593s
  test: accuracy=70.2653% (210796/300000 decisive; draws=0 excluded; mate=0 filtered), loss=0.075632 (n=300000)
  [2mcuda-cpp HalfKA2[0m [1;33mvalidation detail[0m: positions=300,000, batch_size=8,192, load/cache=0.000s, weight_fold=0.196s, context=0.000s, weight_upload=0.040s, batches=0.593s, metrics=0.005s, total=0.835s
  [2mcuda-cpp SFNN[0m [1;36m[progress][0m  [1;36mepoch 11[0m  [1;33msb 92/108[0m  [33mthis-sb=39,976,960 pos (610 batches x 65,536)[0m  [36mtotal=46,852,997,120 pos[0m  [1;36mtrain_time=16681.0s[0m  [1;32mpos/s=2,808,767[0m
  [2mcuda-cpp SFNN[0m [1;33mvalidation overhead[0m: [35mreadback=0.230s[0m  [33mvalidation=0.856s[0m  [2msave=skipped[0m  [1;32mtotal=1.086s[0m
  [2mcuda-cpp SFNN[0m [33mvalidation[0m: epoch=11, superbatch=92, [35mtest_value_accuracy=0.7026533[0m, [35mtest_value_loss=0.07563239[0m, [1;36melapsed=0.856s[0m
  [2mcuda-cpp SFNN[0m [1;36m[progress][0m  [1;36mepoch 11[0m  [1;33msb 93/108[0m  [33mthis-sb=39,976,960 pos (610 batches x 65,536)[0m  [36mtotal=46,892,974,080 pos[0m  [1;36mtrain_time=16695.2s[0m  [1;32mpos/s=2,808,774[0m
  [2mcuda-cpp SFNN[0m [1;36m[progress][0m  [1;36mepoch 11[0m  [1;33msb 94/108[0m  [33mthis-sb=39,976,960 pos (610 batches x 65,536)[0m  [36mtotal=46,932,951,040 pos[0m  [1;36mtrain_time=16709.4s[0m  [1;32mpos/s=2,808,783[0m
  [2mcuda-cpp SFNN[0m [1;36m[progress][0m  [1;36mepoch 11[0m  [1;33msb 95/108[0m  [33mthis-sb=39,976,960 pos (610 batches x 65,536)[0m  [36mtotal=46,972,928,000 pos[0m  [1;36mtrain_time=16723.6s[0m  [1;32mpos/s=2,808,789[0m
  cuda-cpp HalfKA2 validation forward = gpu: positions=300000, batch_size=8192, elapsed=0.591s
  test: accuracy=70.2997% (210899/300000 decisive; draws=0 excluded; mate=0 filtered), loss=0.075721 (n=300000)
  [2mcuda-cpp HalfKA2[0m [1;33mvalidation detail[0m: positions=300,000, batch_size=8,192, load/cache=0.000s, weight_fold=0.196s, context=0.000s, weight_upload=0.040s, batches=0.591s, metrics=0.005s, total=0.832s
  [2mcuda-cpp SFNN[0m [1;36m[progress][0m  [1;36mepoch 11[0m  [1;33msb 96/108[0m  [33mthis-sb=39,976,960 pos (610 batches x 65,536)[0m  [36mtotal=47,012,904,960 pos[0m  [1;36mtrain_time=16737.7s[0m  [1;32mpos/s=2,808,795[0m
  [2mcuda-cpp SFNN[0m [1;33mvalidation overhead[0m: [35mreadback=0.230s[0m  [33mvalidation=0.854s[0m  [2msave=skipped[0m  [1;32mtotal=1.084s[0m
  [2mcuda-cpp SFNN[0m [33mvalidation[0m: epoch=11, superbatch=96, [35mtest_value_accuracy=0.7029967[0m, [35mtest_value_loss=0.07572148[0m, [1;36melapsed=0.854s[0m
  [2mcuda-cpp SFNN[0m [1;36m[progress][0m  [1;36mepoch 11[0m  [1;33msb 97/108[0m  [33mthis-sb=39,976,960 pos (610 batches x 65,536)[0m  [36mtotal=47,052,881,920 pos[0m  [1;36mtrain_time=16751.9s[0m  [1;32mpos/s=2,808,801[0m
  [2mcuda-cpp SFNN[0m [1;36m[progress][0m  [1;36mepoch 11[0m  [1;33msb 98/108[0m  [33mthis-sb=39,976,960 pos (610 batches x 65,536)[0m  [36mtotal=47,092,858,880 pos[0m  [1;36mtrain_time=16766.2s[0m  [1;32mpos/s=2,808,806[0m
  [2mcuda-cpp SFNN[0m [1;36m[progress][0m  [1;36mepoch 11[0m  [1;33msb 99/108[0m  [33mthis-sb=39,976,960 pos (610 batches x 65,536)[0m  [36mtotal=47,132,835,840 pos[0m  [1;36mtrain_time=16780.3s[0m  [1;32mpos/s=2,808,813[0m
  cuda-cpp HalfKA2 validation forward = gpu: positions=300000, batch_size=8192, elapsed=0.591s
  test: accuracy=70.2683% (210805/300000 decisive; draws=0 excluded; mate=0 filtered), loss=0.075590 (n=300000)
  [2mcuda-cpp HalfKA2[0m [1;33mvalidation detail[0m: positions=300,000, batch_size=8,192, load/cache=0.000s, weight_fold=0.194s, context=0.000s, weight_upload=0.040s, batches=0.591s, metrics=0.005s, total=0.831s
  [2mcuda-cpp SFNN[0m [1;36m[progress][0m  [1;36mepoch 11[0m  [1;33msb 100/108[0m  [33mthis-sb=39,976,960 pos (610 batches x 65,536)[0m  [36mtotal=47,172,812,800 pos[0m  [1;36mtrain_time=16794.5s[0m  [1;32mpos/s=2,808,818[0m
  [2mcuda-cpp SFNN[0m [1;33mvalidation overhead[0m: [35mreadback=0.229s[0m  [33mvalidation=0.857s[0m  [2msave=skipped[0m  [1;32mtotal=1.086s[0m
  [2mcuda-cpp SFNN[0m [33mvalidation[0m: epoch=11, superbatch=100, [35mtest_value_accuracy=0.7026833[0m, [35mtest_value_loss=0.07559006[0m, [1;36melapsed=0.857s[0m
  [2mcuda-cpp SFNN[0m [1;36m[progress][0m  [1;36mepoch 11[0m  [1;33msb 101/108[0m  [33mthis-sb=39,976,960 pos (610 batches x 65,536)[0m  [36mtotal=47,212,789,760 pos[0m  [1;36mtrain_time=16808.8s[0m  [1;32mpos/s=2,808,821[0m
  [2mcuda-cpp SFNN[0m [1;36m[progress][0m  [1;36mepoch 11[0m  [1;33msb 102/108[0m  [33mthis-sb=39,976,960 pos (610 batches x 65,536)[0m  [36mtotal=47,252,766,720 pos[0m  [1;36mtrain_time=16823.0s[0m  [1;32mpos/s=2,808,827[0m
  [2mcuda-cpp SFNN[0m [1;36m[progress][0m  [1;36mepoch 11[0m  [1;33msb 103/108[0m  [33mthis-sb=39,976,960 pos (610 batches x 65,536)[0m  [36mtotal=47,292,743,680 pos[0m  [1;36mtrain_time=16837.2s[0m  [1;32mpos/s=2,808,830[0m
  cuda-cpp HalfKA2 validation forward = gpu: positions=300000, batch_size=8192, elapsed=0.591s
  test: accuracy=70.2700% (210810/300000 decisive; draws=0 excluded; mate=0 filtered), loss=0.075699 (n=300000)
  [2mcuda-cpp HalfKA2[0m [1;33mvalidation detail[0m: positions=300,000, batch_size=8,192, load/cache=0.000s, weight_fold=0.235s, context=0.000s, weight_upload=0.040s, batches=0.591s, metrics=0.005s, total=0.871s
  [2mcuda-cpp SFNN[0m [1;36m[progress][0m  [1;36mepoch 11[0m  [1;33msb 104/108[0m  [33mthis-sb=39,976,960 pos (610 batches x 65,536)[0m  [36mtotal=47,332,720,640 pos[0m  [1;36mtrain_time=16851.4s[0m  [1;32mpos/s=2,808,833[0m
  [2mcuda-cpp SFNN[0m [1;33mvalidation overhead[0m: [35mreadback=0.228s[0m  [33mvalidation=0.899s[0m  [2msave=skipped[0m  [1;32mtotal=1.126s[0m
  [2mcuda-cpp SFNN[0m [33mvalidation[0m: epoch=11, superbatch=104, [35mtest_value_accuracy=0.7027000[0m, [35mtest_value_loss=0.07569925[0m, [1;36melapsed=0.899s[0m
  [2mcuda-cpp SFNN[0m [1;36m[progress][0m  [1;36mepoch 11[0m  [1;33msb 105/108[0m  [33mthis-sb=39,976,960 pos (610 batches x 65,536)[0m  [36mtotal=47,372,697,600 pos[0m  [1;36mtrain_time=16865.6s[0m  [1;32mpos/s=2,808,835[0m
  [2mcuda-cpp SFNN[0m [1;36m[progress][0m  [1;36mepoch 11[0m  [1;33msb 106/108[0m  [33mthis-sb=39,976,960 pos (610 batches x 65,536)[0m  [36mtotal=47,412,674,560 pos[0m  [1;36mtrain_time=16879.8s[0m  [1;32mpos/s=2,808,840[0m
  [2mcuda-cpp SFNN[0m [1;36m[progress][0m  [1;36mepoch 11[0m  [1;33msb 107/108[0m  [33mthis-sb=39,976,960 pos (610 batches x 65,536)[0m  [36mtotal=47,452,651,520 pos[0m  [1;36mtrain_time=16894.0s[0m  [1;32mpos/s=2,808,845[0m
  cuda-cpp HalfKA2 validation forward = gpu: positions=300000, batch_size=8192, elapsed=0.592s
  test: accuracy=70.2490% (210747/300000 decisive; draws=0 excluded; mate=0 filtered), loss=0.075564 (n=300000)
  [2mcuda-cpp HalfKA2[0m [1;33mvalidation detail[0m: positions=300,000, batch_size=8,192, load/cache=0.000s, weight_fold=0.198s, context=0.000s, weight_upload=0.038s, batches=0.592s, metrics=0.005s, total=0.833s
  [2mcuda-cpp SFNN[0m [1;32m[checkpoint][0m  [1;36mepoch 11[0m  [1;33msb 108/108[0m  [33mthis-sb=39,976,960 pos (610 batches x 65,536)[0m  [36mtotal=47,492,628,480 pos[0m  [1;36mtrain_time=16908.2s[0m  [1;32mpos/s=2,808,849[0m
  [2mcuda-cpp SFNN[0m [1;33mcheckpoint overhead[0m: [35mreadback=0.930s[0m  [33mvalidation=0.855s[0m  [36msave=4.342s (state.bin 2.04 GiB, 481 MiB/s)[0m  [1;32mtotal=6.128s[0m
  [2mcuda-cpp SFNN[0m [33mvalidation[0m: epoch=11, superbatch=108, [35mtest_value_accuracy=0.7024900[0m, [35mtest_value_loss=0.07556444[0m, [1;36melapsed=0.855s[0m
  [2mcuda-cpp SFNN[0m [1;36m[progress][0m  [1;36mepoch 12[0m  [1;33msb 1/108[0m  [33mthis-sb=39,976,960 pos (610 batches x 65,536)[0m  [36mtotal=47,532,605,440 pos[0m  [1;36mtrain_time=16922.5s[0m  [1;32mpos/s=2,808,845[0m
  [2mcuda-cpp SFNN[0m [1;36m[progress][0m  [1;36mepoch 12[0m  [1;33msb 2/108[0m  [33mthis-sb=39,976,960 pos (610 batches x 65,536)[0m  [36mtotal=47,572,582,400 pos[0m  [1;36mtrain_time=16936.6s[0m  [1;32mpos/s=2,808,857[0m
  [2mcuda-cpp SFNN[0m [1;36m[progress][0m  [1;36mepoch 12[0m  [1;33msb 3/108[0m  [33mthis-sb=39,976,960 pos (610 batches x 65,536)[0m  [36mtotal=47,612,559,360 pos[0m  [1;36mtrain_time=16950.8s[0m  [1;32mpos/s=2,808,868[0m
  cuda-cpp HalfKA2 validation forward = gpu: positions=300000, batch_size=8192, elapsed=0.594s
  test: accuracy=69.9463% (209839/300000 decisive; draws=0 excluded; mate=0 filtered), loss=0.076168 (n=300000)
  [2mcuda-cpp HalfKA2[0m [1;33mvalidation detail[0m: positions=300,000, batch_size=8,192, load/cache=0.000s, weight_fold=0.197s, context=0.000s, weight_upload=0.040s, batches=0.594s, metrics=0.005s, total=0.836s
  [2mcuda-cpp SFNN[0m [1;36m[progress][0m  [1;36mepoch 12[0m  [1;33msb 4/108[0m  [33mthis-sb=39,976,960 pos (610 batches x 65,536)[0m  [36mtotal=47,652,536,320 pos[0m  [1;36mtrain_time=16965.0s[0m  [1;32mpos/s=2,808,878[0m
  [2mcuda-cpp SFNN[0m [1;33mvalidation overhead[0m: [35mreadback=0.227s[0m  [33mvalidation=0.858s[0m  [2msave=skipped[0m  [1;32mtotal=1.086s[0m
  [2mcuda-cpp SFNN[0m [33mvalidation[0m: epoch=12, superbatch=4, [35mtest_value_accuracy=0.6994633[0m, [35mtest_value_loss=0.07616818[0m, [1;36melapsed=0.858s[0m
  [2mcuda-cpp SFNN[0m [1;36m[progress][0m  [1;36mepoch 12[0m  [1;33msb 5/108[0m  [33mthis-sb=39,976,960 pos (610 batches x 65,536)[0m  [36mtotal=47,692,513,280 pos[0m  [1;36mtrain_time=16979.2s[0m  [1;32mpos/s=2,808,885[0m
  [2mcuda-cpp SFNN[0m [1;36m[progress][0m  [1;36mepoch 12[0m  [1;33msb 6/108[0m  [33mthis-sb=39,976,960 pos (610 batches x 65,536)[0m  [36mtotal=47,732,490,240 pos[0m  [1;36mtrain_time=16993.3s[0m  [1;32mpos/s=2,808,894[0m
  [2mcuda-cpp SFNN[0m [1;36m[progress][0m  [1;36mepoch 12[0m  [1;33msb 7/108[0m  [33mthis-sb=39,976,960 pos (610 batches x 65,536)[0m  [36mtotal=47,772,467,200 pos[0m  [1;36mtrain_time=17007.5s[0m  [1;32mpos/s=2,808,901[0m
  cuda-cpp HalfKA2 validation forward = gpu: positions=300000, batch_size=8192, elapsed=0.593s
  test: accuracy=69.9750% (209925/300000 decisive; draws=0 excluded; mate=0 filtered), loss=0.076381 (n=300000)
  [2mcuda-cpp HalfKA2[0m [1;33mvalidation detail[0m: positions=300,000, batch_size=8,192, load/cache=0.000s, weight_fold=0.194s, context=0.000s, weight_upload=0.040s, batches=0.593s, metrics=0.005s, total=0.833s
  [2mcuda-cpp SFNN[0m [1;36m[progress][0m  [1;36mepoch 12[0m  [1;33msb 8/108[0m  [33mthis-sb=39,976,960 pos (610 batches x 65,536)[0m  [36mtotal=47,812,444,160 pos[0m  [1;36mtrain_time=17021.7s[0m  [1;32mpos/s=2,808,906[0m
  [2mcuda-cpp SFNN[0m [1;33mvalidation overhead[0m: [35mreadback=0.229s[0m  [33mvalidation=0.856s[0m  [2msave=skipped[0m  [1;32mtotal=1.084s[0m
  [2mcuda-cpp SFNN[0m [33mvalidation[0m: epoch=12, superbatch=8, [35mtest_value_accuracy=0.6997500[0m, [35mtest_value_loss=0.07638133[0m, [1;36melapsed=0.856s[0m
  [2mcuda-cpp SFNN[0m [1;36m[progress][0m  [1;36mepoch 12[0m  [1;33msb 9/108[0m  [33mthis-sb=39,976,960 pos (610 batches x 65,536)[0m  [36mtotal=47,852,421,120 pos[0m  [1;36mtrain_time=17035.9s[0m  [1;32mpos/s=2,808,911[0m
  [2mcuda-cpp SFNN[0m [1;36m[progress][0m  [1;36mepoch 12[0m  [1;33msb 10/108[0m  [33mthis-sb=39,976,960 pos (610 batches x 65,536)[0m  [36mtotal=47,892,398,080 pos[0m  [1;36mtrain_time=17050.1s[0m  [1;32mpos/s=2,808,920[0m
  [2mcuda-cpp SFNN[0m [1;36m[progress][0m  [1;36mepoch 12[0m  [1;33msb 11/108[0m  [33mthis-sb=39,976,960 pos (610 batches x 65,536)[0m  [36mtotal=47,932,375,040 pos[0m  [1;36mtrain_time=17064.3s[0m  [1;32mpos/s=2,808,927[0m
  cuda-cpp HalfKA2 validation forward = gpu: positions=300000, batch_size=8192, elapsed=0.594s
  test: accuracy=70.0023% (210007/300000 decisive; draws=0 excluded; mate=0 filtered), loss=0.076296 (n=300000)
  [2mcuda-cpp HalfKA2[0m [1;33mvalidation detail[0m: positions=300,000, batch_size=8,192, load/cache=0.000s, weight_fold=0.189s, context=0.000s, weight_upload=0.038s, batches=0.594s, metrics=0.005s, total=0.826s
  [2mcuda-cpp SFNN[0m [1;36m[progress][0m  [1;36mepoch 12[0m  [1;33msb 12/108[0m  [33mthis-sb=39,976,960 pos (610 batches x 65,536)[0m  [36mtotal=47,972,352,000 pos[0m  [1;36mtrain_time=17078.5s[0m  [1;32mpos/s=2,808,933[0m
  [2mcuda-cpp SFNN[0m [1;33mvalidation overhead[0m: [35mreadback=0.230s[0m  [33mvalidation=0.848s[0m  [2msave=skipped[0m  [1;32mtotal=1.078s[0m
  [2mcuda-cpp SFNN[0m [33mvalidation[0m: epoch=12, superbatch=12, [35mtest_value_accuracy=0.7000234[0m, [35mtest_value_loss=0.07629567[0m, [1;36melapsed=0.848s[0m
  [2mcuda-cpp SFNN[0m [1;36m[progress][0m  [1;36mepoch 12[0m  [1;33msb 13/108[0m  [33mthis-sb=39,976,960 pos (610 batches x 65,536)[0m  [36mtotal=48,012,328,960 pos[0m  [1;36mtrain_time=17092.7s[0m  [1;32mpos/s=2,808,940[0m
  [2mcuda-cpp SFNN[0m [1;36m[progress][0m  [1;36mepoch 12[0m  [1;33msb 14/108[0m  [33mthis-sb=39,976,960 pos (610 batches x 65,536)[0m  [36mtotal=48,052,305,920 pos[0m  [1;36mtrain_time=17106.9s[0m  [1;32mpos/s=2,808,948[0m
  [2mcuda-cpp SFNN[0m [1;36m[progress][0m  [1;36mepoch 12[0m  [1;33msb 15/108[0m  [33mthis-sb=39,976,960 pos (610 batches x 65,536)[0m  [36mtotal=48,092,282,880 pos[0m  [1;36mtrain_time=17121.1s[0m  [1;32mpos/s=2,808,954[0m
  cuda-cpp HalfKA2 validation forward = gpu: positions=300000, batch_size=8192, elapsed=0.592s
  test: accuracy=70.0867% (210260/300000 decisive; draws=0 excluded; mate=0 filtered), loss=0.075956 (n=300000)
  [2mcuda-cpp HalfKA2[0m [1;33mvalidation detail[0m: positions=300,000, batch_size=8,192, load/cache=0.000s, weight_fold=0.199s, context=0.000s, weight_upload=0.040s, batches=0.592s, metrics=0.005s, total=0.836s
  [2mcuda-cpp SFNN[0m [1;36m[progress][0m  [1;36mepoch 12[0m  [1;33msb 16/108[0m  [33mthis-sb=39,976,960 pos (610 batches x 65,536)[0m  [36mtotal=48,132,259,840 pos[0m  [1;36mtrain_time=17135.3s[0m  [1;32mpos/s=2,808,961[0m
  [2mcuda-cpp SFNN[0m [1;33mvalidation overhead[0m: [35mreadback=0.231s[0m  [33mvalidation=0.860s[0m  [2msave=skipped[0m  [1;32mtotal=1.091s[0m
  [2mcuda-cpp SFNN[0m [33mvalidation[0m: epoch=12, superbatch=16, [35mtest_value_accuracy=0.7008666[0m, [35mtest_value_loss=0.07595613[0m, [1;36melapsed=0.860s[0m
  [2mcuda-cpp SFNN[0m [1;36m[progress][0m  [1;36mepoch 12[0m  [1;33msb 17/108[0m  [33mthis-sb=39,976,960 pos (610 batches x 65,536)[0m  [36mtotal=48,172,236,800 pos[0m  [1;36mtrain_time=17149.5s[0m  [1;32mpos/s=2,808,963[0m
  [2mcuda-cpp SFNN[0m [1;36m[progress][0m  [1;36mepoch 12[0m  [1;33msb 18/108[0m  [33mthis-sb=39,976,960 pos (610 batches x 65,536)[0m  [36mtotal=48,212,213,760 pos[0m  [1;36mtrain_time=17163.7s[0m  [1;32mpos/s=2,808,968[0m
  [2mcuda-cpp SFNN[0m [1;36m[progress][0m  [1;36mepoch 12[0m  [1;33msb 19/108[0m  [33mthis-sb=39,976,960 pos (610 batches x 65,536)[0m  [36mtotal=48,252,190,720 pos[0m  [1;36mtrain_time=17177.9s[0m  [1;32mpos/s=2,808,975[0m
  cuda-cpp HalfKA2 validation forward = gpu: positions=300000, batch_size=8192, elapsed=0.593s
  test: accuracy=69.9913% (209974/300000 decisive; draws=0 excluded; mate=0 filtered), loss=0.076367 (n=300000)
  [2mcuda-cpp HalfKA2[0m [1;33mvalidation detail[0m: positions=300,000, batch_size=8,192, load/cache=0.000s, weight_fold=0.197s, context=0.000s, weight_upload=0.040s, batches=0.593s, metrics=0.005s, total=0.834s
  [2mcuda-cpp SFNN[0m [1;36m[progress][0m  [1;36mepoch 12[0m  [1;33msb 20/108[0m  [33mthis-sb=39,976,960 pos (610 batches x 65,536)[0m  [36mtotal=48,292,167,680 pos[0m  [1;36mtrain_time=17192.1s[0m  [1;32mpos/s=2,808,981[0m
  [2mcuda-cpp SFNN[0m [1;33mvalidation overhead[0m: [35mreadback=0.230s[0m  [33mvalidation=0.857s[0m  [2msave=skipped[0m  [1;32mtotal=1.087s[0m
  [2mcuda-cpp SFNN[0m [33mvalidation[0m: epoch=12, superbatch=20, [35mtest_value_accuracy=0.6999133[0m, [35mtest_value_loss=0.07636737[0m, [1;36melapsed=0.857s[0m
  [2mcuda-cpp SFNN[0m [1;36m[progress][0m  [1;36mepoch 12[0m  [1;33msb 21/108[0m  [33mthis-sb=39,976,960 pos (610 batches x 65,536)[0m  [36mtotal=48,332,144,640 pos[0m  [1;36mtrain_time=17206.3s[0m  [1;32mpos/s=2,808,986[0m
  [2mcuda-cpp SFNN[0m [1;36m[progress][0m  [1;36mepoch 12[0m  [1;33msb 22/108[0m  [33mthis-sb=39,976,960 pos (610 batches x 65,536)[0m  [36mtotal=48,372,121,600 pos[0m  [1;36mtrain_time=17220.4s[0m  [1;32mpos/s=2,808,993[0m
  [2mcuda-cpp SFNN[0m [1;36m[progress][0m  [1;36mepoch 12[0m  [1;33msb 23/108[0m  [33mthis-sb=39,976,960 pos (610 batches x 65,536)[0m  [36mtotal=48,412,098,560 pos[0m  [1;36mtrain_time=17234.7s[0m  [1;32mpos/s=2,808,997[0m
  cuda-cpp HalfKA2 validation forward = gpu: positions=300000, batch_size=8192, elapsed=0.591s
  test: accuracy=70.0763% (210229/300000 decisive; draws=0 excluded; mate=0 filtered), loss=0.076084 (n=300000)
  [2mcuda-cpp HalfKA2[0m [1;33mvalidation detail[0m: positions=300,000, batch_size=8,192, load/cache=0.000s, weight_fold=0.199s, context=0.000s, weight_upload=0.039s, batches=0.591s, metrics=0.005s, total=0.834s
  [2mcuda-cpp SFNN[0m [1;36m[progress][0m  [1;36mepoch 12[0m  [1;33msb 24/108[0m  [33mthis-sb=39,976,960 pos (610 batches x 65,536)[0m  [36mtotal=48,452,075,520 pos[0m  [1;36mtrain_time=17248.8s[0m  [1;32mpos/s=2,809,005[0m
  [2mcuda-cpp SFNN[0m [1;33mvalidation overhead[0m: [35mreadback=0.231s[0m  [33mvalidation=0.857s[0m  [2msave=skipped[0m  [1;32mtotal=1.088s[0m
  [2mcuda-cpp SFNN[0m [33mvalidation[0m: epoch=12, superbatch=24, [35mtest_value_accuracy=0.7007633[0m, [35mtest_value_loss=0.07608353[0m, [1;36melapsed=0.857s[0m
  [2mcuda-cpp SFNN[0m [1;36m[progress][0m  [1;36mepoch 12[0m  [1;33msb 25/108[0m  [33mthis-sb=39,976,960 pos (610 batches x 65,536)[0m  [36mtotal=48,492,052,480 pos[0m  [1;36mtrain_time=17263.0s[0m  [1;32mpos/s=2,809,009[0m
  [2mcuda-cpp SFNN[0m [1;36m[progress][0m  [1;36mepoch 12[0m  [1;33msb 26/108[0m  [33mthis-sb=39,976,960 pos (610 batches x 65,536)[0m  [36mtotal=48,532,029,440 pos[0m  [1;36mtrain_time=17277.2s[0m  [1;32mpos/s=2,809,018[0m
  [2mcuda-cpp SFNN[0m [1;36m[progress][0m  [1;36mepoch 12[0m  [1;33msb 27/108[0m  [33mthis-sb=39,976,960 pos (610 batches x 65,536)[0m  [36mtotal=48,572,006,400 pos[0m  [1;36mtrain_time=17291.4s[0m  [1;32mpos/s=2,809,026[0m
  cuda-cpp HalfKA2 validation forward = gpu: positions=300000, batch_size=8192, elapsed=0.593s
  test: accuracy=70.1083% (210325/300000 decisive; draws=0 excluded; mate=0 filtered), loss=0.076221 (n=300000)
  [2mcuda-cpp HalfKA2[0m [1;33mvalidation detail[0m: positions=300,000, batch_size=8,192, load/cache=0.000s, weight_fold=0.197s, context=0.000s, weight_upload=0.041s, batches=0.593s, metrics=0.005s, total=0.835s
  [2mcuda-cpp SFNN[0m [1;36m[progress][0m  [1;36mepoch 12[0m  [1;33msb 28/108[0m  [33mthis-sb=39,976,960 pos (610 batches x 65,536)[0m  [36mtotal=48,611,983,360 pos[0m  [1;36mtrain_time=17305.6s[0m  [1;32mpos/s=2,809,030[0m
  [2mcuda-cpp SFNN[0m [1;33mvalidation overhead[0m: [35mreadback=0.230s[0m  [33mvalidation=0.858s[0m  [2msave=skipped[0m  [1;32mtotal=1.088s[0m
  [2mcuda-cpp SFNN[0m [33mvalidation[0m: epoch=12, superbatch=28, [35mtest_value_accuracy=0.7010834[0m, [35mtest_value_loss=0.07622052[0m, [1;36melapsed=0.858s[0m
  [2mcuda-cpp SFNN[0m [1;36m[progress][0m  [1;36mepoch 12[0m  [1;33msb 29/108[0m  [33mthis-sb=39,976,960 pos (610 batches x 65,536)[0m  [36mtotal=48,651,960,320 pos[0m  [1;36mtrain_time=17319.8s[0m  [1;32mpos/s=2,809,035[0m
  [2mcuda-cpp SFNN[0m [1;36m[progress][0m  [1;36mepoch 12[0m  [1;33msb 30/108[0m  [33mthis-sb=39,976,960 pos (610 batches x 65,536)[0m  [36mtotal=48,691,937,280 pos[0m  [1;36mtrain_time=17334.0s[0m  [1;32mpos/s=2,809,043[0m
  [2mcuda-cpp SFNN[0m [1;36m[progress][0m  [1;36mepoch 12[0m  [1;33msb 31/108[0m  [33mthis-sb=39,976,960 pos (610 batches x 65,536)[0m  [36mtotal=48,731,914,240 pos[0m  [1;36mtrain_time=17348.2s[0m  [1;32mpos/s=2,809,050[0m
  cuda-cpp HalfKA2 validation forward = gpu: positions=300000, batch_size=8192, elapsed=0.590s
  test: accuracy=70.1753% (210526/300000 decisive; draws=0 excluded; mate=0 filtered), loss=0.075639 (n=300000)
  [2mcuda-cpp HalfKA2[0m [1;33mvalidation detail[0m: positions=300,000, batch_size=8,192, load/cache=0.000s, weight_fold=0.197s, context=0.000s, weight_upload=0.040s, batches=0.590s, metrics=0.005s, total=0.832s
  [2mcuda-cpp SFNN[0m [1;36m[progress][0m  [1;36mepoch 12[0m  [1;33msb 32/108[0m  [33mthis-sb=39,976,960 pos (610 batches x 65,536)[0m  [36mtotal=48,771,891,200 pos[0m  [1;36mtrain_time=17362.4s[0m  [1;32mpos/s=2,809,055[0m
  [2mcuda-cpp SFNN[0m [1;33mvalidation overhead[0m: [35mreadback=0.227s[0m  [33mvalidation=0.855s[0m  [2msave=skipped[0m  [1;32mtotal=1.082s[0m
  [2mcuda-cpp SFNN[0m [33mvalidation[0m: epoch=12, superbatch=32, [35mtest_value_accuracy=0.7017533[0m, [35mtest_value_loss=0.07563864[0m, [1;36melapsed=0.855s[0m
  [2mcuda-cpp SFNN[0m [1;36m[progress][0m  [1;36mepoch 12[0m  [1;33msb 33/108[0m  [33mthis-sb=39,976,960 pos (610 batches x 65,536)[0m  [36mtotal=48,811,868,160 pos[0m  [1;36mtrain_time=17376.6s[0m  [1;32mpos/s=2,809,061[0m
  [2mcuda-cpp SFNN[0m [1;36m[progress][0m  [1;36mepoch 12[0m  [1;33msb 34/108[0m  [33mthis-sb=39,976,960 pos (610 batches x 65,536)[0m  [36mtotal=48,851,845,120 pos[0m  [1;36mtrain_time=17390.8s[0m  [1;32mpos/s=2,809,068[0m
  [2mcuda-cpp SFNN[0m [1;36m[progress][0m  [1;36mepoch 12[0m  [1;33msb 35/108[0m  [33mthis-sb=39,976,960 pos (610 batches x 65,536)[0m  [36mtotal=48,891,822,080 pos[0m  [1;36mtrain_time=17404.9s[0m  [1;32mpos/s=2,809,076[0m
  cuda-cpp HalfKA2 validation forward = gpu: positions=300000, batch_size=8192, elapsed=0.593s
  test: accuracy=70.1753% (210526/300000 decisive; draws=0 excluded; mate=0 filtered), loss=0.075606 (n=300000)
  [2mcuda-cpp HalfKA2[0m [1;33mvalidation detail[0m: positions=300,000, batch_size=8,192, load/cache=0.000s, weight_fold=0.196s, context=0.000s, weight_upload=0.041s, batches=0.593s, metrics=0.005s, total=0.835s
  [2mcuda-cpp SFNN[0m [1;36m[progress][0m  [1;36mepoch 12[0m  [1;33msb 36/108[0m  [33mthis-sb=39,976,960 pos (610 batches x 65,536)[0m  [36mtotal=48,931,799,040 pos[0m  [1;36mtrain_time=17419.1s[0m  [1;32mpos/s=2,809,083[0m
  [2mcuda-cpp SFNN[0m [1;33mvalidation overhead[0m: [35mreadback=0.230s[0m  [33mvalidation=0.857s[0m  [2msave=skipped[0m  [1;32mtotal=1.087s[0m
  [2mcuda-cpp SFNN[0m [33mvalidation[0m: epoch=12, superbatch=36, [35mtest_value_accuracy=0.7017533[0m, [35mtest_value_loss=0.07560559[0m, [1;36melapsed=0.857s[0m
  [2mcuda-cpp SFNN[0m [1;36m[progress][0m  [1;36mepoch 12[0m  [1;33msb 37/108[0m  [33mthis-sb=39,976,960 pos (610 batches x 65,536)[0m  [36mtotal=48,971,776,000 pos[0m  [1;36mtrain_time=17433.3s[0m  [1;32mpos/s=2,809,089[0m
  [2mcuda-cpp SFNN[0m [1;36m[progress][0m  [1;36mepoch 12[0m  [1;33msb 38/108[0m  [33mthis-sb=39,976,960 pos (610 batches x 65,536)[0m  [36mtotal=49,011,752,960 pos[0m  [1;36mtrain_time=17447.5s[0m  [1;32mpos/s=2,809,095[0m
  [2mcuda-cpp SFNN[0m [1;36m[progress][0m  [1;36mepoch 12[0m  [1;33msb 39/108[0m  [33mthis-sb=39,976,960 pos (610 batches x 65,536)[0m  [36mtotal=49,051,729,920 pos[0m  [1;36mtrain_time=17461.7s[0m  [1;32mpos/s=2,809,101[0m
  cuda-cpp HalfKA2 validation forward = gpu: positions=300000, batch_size=8192, elapsed=0.593s
  test: accuracy=70.2243% (210673/300000 decisive; draws=0 excluded; mate=0 filtered), loss=0.076066 (n=300000)
  [2mcuda-cpp HalfKA2[0m [1;33mvalidation detail[0m: positions=300,000, batch_size=8,192, load/cache=0.000s, weight_fold=0.197s, context=0.000s, weight_upload=0.040s, batches=0.593s, metrics=0.005s, total=0.835s
  [2mcuda-cpp SFNN[0m [1;36m[progress][0m  [1;36mepoch 12[0m  [1;33msb 40/108[0m  [33mthis-sb=39,976,960 pos (610 batches x 65,536)[0m  [36mtotal=49,091,706,880 pos[0m  [1;36mtrain_time=17475.9s[0m  [1;32mpos/s=2,809,111[0m
  [2mcuda-cpp SFNN[0m [1;33mvalidation overhead[0m: [35mreadback=0.231s[0m  [33mvalidation=0.862s[0m  [2msave=skipped[0m  [1;32mtotal=1.093s[0m
  [2mcuda-cpp SFNN[0m [33mvalidation[0m: epoch=12, superbatch=40, [35mtest_value_accuracy=0.7022433[0m, [35mtest_value_loss=0.07606631[0m, [1;36melapsed=0.862s[0m
  [2mcuda-cpp SFNN[0m [1;36m[progress][0m  [1;36mepoch 12[0m  [1;33msb 41/108[0m  [33mthis-sb=39,976,960 pos (610 batches x 65,536)[0m  [36mtotal=49,131,683,840 pos[0m  [1;36mtrain_time=17490.1s[0m  [1;32mpos/s=2,809,116[0m
  [2mcuda-cpp SFNN[0m [1;36m[progress][0m  [1;36mepoch 12[0m  [1;33msb 42/108[0m  [33mthis-sb=39,976,960 pos (610 batches x 65,536)[0m  [36mtotal=49,171,660,800 pos[0m  [1;36mtrain_time=17504.3s[0m  [1;32mpos/s=2,809,123[0m
  [2mcuda-cpp SFNN[0m [1;36m[progress][0m  [1;36mepoch 12[0m  [1;33msb 43/108[0m  [33mthis-sb=39,976,960 pos (610 batches x 65,536)[0m  [36mtotal=49,211,637,760 pos[0m  [1;36mtrain_time=17518.5s[0m  [1;32mpos/s=2,809,130[0m
  cuda-cpp HalfKA2 validation forward = gpu: positions=300000, batch_size=8192, elapsed=0.590s
  test: accuracy=70.2383% (210715/300000 decisive; draws=0 excluded; mate=0 filtered), loss=0.075875 (n=300000)
  [2mcuda-cpp HalfKA2[0m [1;33mvalidation detail[0m: positions=300,000, batch_size=8,192, load/cache=0.000s, weight_fold=0.197s, context=0.000s, weight_upload=0.040s, batches=0.590s, metrics=0.005s, total=0.831s
  [2mcuda-cpp SFNN[0m [1;36m[progress][0m  [1;36mepoch 12[0m  [1;33msb 44/108[0m  [33mthis-sb=39,976,960 pos (610 batches x 65,536)[0m  [36mtotal=49,251,614,720 pos[0m  [1;36mtrain_time=17532.7s[0m  [1;32mpos/s=2,809,137[0m
  [2mcuda-cpp SFNN[0m [1;33mvalidation overhead[0m: [35mreadback=0.229s[0m  [33mvalidation=0.854s[0m  [2msave=skipped[0m  [1;32mtotal=1.082s[0m
  [2mcuda-cpp SFNN[0m [33mvalidation[0m: epoch=12, superbatch=44, [35mtest_value_accuracy=0.7023833[0m, [35mtest_value_loss=0.07587533[0m, [1;36melapsed=0.854s[0m
  [2mcuda-cpp SFNN[0m [1;36m[progress][0m  [1;36mepoch 12[0m  [1;33msb 45/108[0m  [33mthis-sb=39,976,960 pos (610 batches x 65,536)[0m  [36mtotal=49,291,591,680 pos[0m  [1;36mtrain_time=17546.8s[0m  [1;32mpos/s=2,809,143[0m
  [2mcuda-cpp SFNN[0m [1;36m[progress][0m  [1;36mepoch 12[0m  [1;33msb 46/108[0m  [33mthis-sb=39,976,960 pos (610 batches x 65,536)[0m  [36mtotal=49,331,568,640 pos[0m  [1;36mtrain_time=17561.0s[0m  [1;32mpos/s=2,809,153[0m
  [2mcuda-cpp SFNN[0m [1;36m[progress][0m  [1;36mepoch 12[0m  [1;33msb 47/108[0m  [33mthis-sb=39,976,960 pos (610 batches x 65,536)[0m  [36mtotal=49,371,545,600 pos[0m  [1;36mtrain_time=17575.2s[0m  [1;32mpos/s=2,809,162[0m
  cuda-cpp HalfKA2 validation forward = gpu: positions=300000, batch_size=8192, elapsed=0.590s
  test: accuracy=70.2033% (210610/300000 decisive; draws=0 excluded; mate=0 filtered), loss=0.075866 (n=300000)
  [2mcuda-cpp HalfKA2[0m [1;33mvalidation detail[0m: positions=300,000, batch_size=8,192, load/cache=0.000s, weight_fold=0.196s, context=0.000s, weight_upload=0.039s, batches=0.590s, metrics=0.005s, total=0.830s
  [2mcuda-cpp SFNN[0m [1;36m[progress][0m  [1;36mepoch 12[0m  [1;33msb 48/108[0m  [33mthis-sb=39,976,960 pos (610 batches x 65,536)[0m  [36mtotal=49,411,522,560 pos[0m  [1;36mtrain_time=17589.4s[0m  [1;32mpos/s=2,809,170[0m
  [2mcuda-cpp SFNN[0m [1;33mvalidation overhead[0m: [35mreadback=0.228s[0m  [33mvalidation=0.853s[0m  [2msave=skipped[0m  [1;32mtotal=1.081s[0m
  [2mcuda-cpp SFNN[0m [33mvalidation[0m: epoch=12, superbatch=48, [35mtest_value_accuracy=0.7020333[0m, [35mtest_value_loss=0.07586640[0m, [1;36melapsed=0.853s[0m
  [2mcuda-cpp SFNN[0m [1;36m[progress][0m  [1;36mepoch 12[0m  [1;33msb 49/108[0m  [33mthis-sb=39,976,960 pos (610 batches x 65,536)[0m  [36mtotal=49,451,499,520 pos[0m  [1;36mtrain_time=17603.6s[0m  [1;32mpos/s=2,809,176[0m
  [2mcuda-cpp SFNN[0m [1;36m[progress][0m  [1;36mepoch 12[0m  [1;33msb 50/108[0m  [33mthis-sb=39,976,960 pos (610 batches x 65,536)[0m  [36mtotal=49,491,476,480 pos[0m  [1;36mtrain_time=17617.7s[0m  [1;32mpos/s=2,809,183[0m
  [2mcuda-cpp SFNN[0m [1;36m[progress][0m  [1;36mepoch 12[0m  [1;33msb 51/108[0m  [33mthis-sb=39,976,960 pos (610 batches x 65,536)[0m  [36mtotal=49,531,453,440 pos[0m  [1;36mtrain_time=17631.9s[0m  [1;32mpos/s=2,809,190[0m
  cuda-cpp HalfKA2 validation forward = gpu: positions=300000, batch_size=8192, elapsed=0.593s
  test: accuracy=70.1937% (210581/300000 decisive; draws=0 excluded; mate=0 filtered), loss=0.075646 (n=300000)
  [2mcuda-cpp HalfKA2[0m [1;33mvalidation detail[0m: positions=300,000, batch_size=8,192, load/cache=0.000s, weight_fold=0.200s, context=0.000s, weight_upload=0.041s, batches=0.593s, metrics=0.005s, total=0.839s
  [2mcuda-cpp SFNN[0m [1;36m[progress][0m  [1;36mepoch 12[0m  [1;33msb 52/108[0m  [33mthis-sb=39,976,960 pos (610 batches x 65,536)[0m  [36mtotal=49,571,430,400 pos[0m  [1;36mtrain_time=17646.1s[0m  [1;32mpos/s=2,809,196[0m
  [2mcuda-cpp SFNN[0m [1;33mvalidation overhead[0m: [35mreadback=0.230s[0m  [33mvalidation=0.862s[0m  [2msave=skipped[0m  [1;32mtotal=1.092s[0m
  [2mcuda-cpp SFNN[0m [33mvalidation[0m: epoch=12, superbatch=52, [35mtest_value_accuracy=0.7019367[0m, [35mtest_value_loss=0.07564611[0m, [1;36melapsed=0.862s[0m
  [2mcuda-cpp SFNN[0m [1;36m[progress][0m  [1;36mepoch 12[0m  [1;33msb 53/108[0m  [33mthis-sb=39,976,960 pos (610 batches x 65,536)[0m  [36mtotal=49,611,407,360 pos[0m  [1;36mtrain_time=17660.4s[0m  [1;32mpos/s=2,809,194[0m
  [2mcuda-cpp SFNN[0m [1;36m[progress][0m  [1;36mepoch 12[0m  [1;33msb 54/108[0m  [33mthis-sb=39,976,960 pos (610 batches x 65,536)[0m  [36mtotal=49,651,384,320 pos[0m  [1;36mtrain_time=17674.6s[0m  [1;32mpos/s=2,809,191[0m
  [2mcuda-cpp SFNN[0m [1;36m[progress][0m  [1;36mepoch 12[0m  [1;33msb 55/108[0m  [33mthis-sb=39,976,960 pos (610 batches x 65,536)[0m  [36mtotal=49,691,361,280 pos[0m  [1;36mtrain_time=17688.8s[0m  [1;32mpos/s=2,809,197[0m
  cuda-cpp HalfKA2 validation forward = gpu: positions=300000, batch_size=8192, elapsed=0.595s
  test: accuracy=70.1893% (210568/300000 decisive; draws=0 excluded; mate=0 filtered), loss=0.075718 (n=300000)
  [2mcuda-cpp HalfKA2[0m [1;33mvalidation detail[0m: positions=300,000, batch_size=8,192, load/cache=0.000s, weight_fold=0.199s, context=0.000s, weight_upload=0.040s, batches=0.595s, metrics=0.005s, total=0.839s
  [2mcuda-cpp SFNN[0m [1;36m[progress][0m  [1;36mepoch 12[0m  [1;33msb 56/108[0m  [33mthis-sb=39,976,960 pos (610 batches x 65,536)[0m  [36mtotal=49,731,338,240 pos[0m  [1;36mtrain_time=17703.0s[0m  [1;32mpos/s=2,809,204[0m
  [2mcuda-cpp SFNN[0m [1;33mvalidation overhead[0m: [35mreadback=0.231s[0m  [33mvalidation=0.862s[0m  [2msave=skipped[0m  [1;32mtotal=1.093s[0m
  [2mcuda-cpp SFNN[0m [33mvalidation[0m: epoch=12, superbatch=56, [35mtest_value_accuracy=0.7018933[0m, [35mtest_value_loss=0.07571836[0m, [1;36melapsed=0.862s[0m
  [2mcuda-cpp SFNN[0m [1;36m[progress][0m  [1;36mepoch 12[0m  [1;33msb 57/108[0m  [33mthis-sb=39,976,960 pos (610 batches x 65,536)[0m  [36mtotal=49,771,315,200 pos[0m  [1;36mtrain_time=17717.2s[0m  [1;32mpos/s=2,809,208[0m
  [2mcuda-cpp SFNN[0m [1;36m[progress][0m  [1;36mepoch 12[0m  [1;33msb 58/108[0m  [33mthis-sb=39,976,960 pos (610 batches x 65,536)[0m  [36mtotal=49,811,292,160 pos[0m  [1;36mtrain_time=17731.4s[0m  [1;32mpos/s=2,809,209[0m
  [2mcuda-cpp SFNN[0m [1;36m[progress][0m  [1;36mepoch 12[0m  [1;33msb 59/108[0m  [33mthis-sb=39,976,960 pos (610 batches x 65,536)[0m  [36mtotal=49,851,269,120 pos[0m  [1;36mtrain_time=17745.6s[0m  [1;32mpos/s=2,809,218[0m
  cuda-cpp HalfKA2 validation forward = gpu: positions=300000, batch_size=8192, elapsed=0.593s
  test: accuracy=70.2127% (210638/300000 decisive; draws=0 excluded; mate=0 filtered), loss=0.075837 (n=300000)
  [2mcuda-cpp HalfKA2[0m [1;33mvalidation detail[0m: positions=300,000, batch_size=8,192, load/cache=0.000s, weight_fold=0.197s, context=0.000s, weight_upload=0.040s, batches=0.593s, metrics=0.005s, total=0.835s
  [2mcuda-cpp SFNN[0m [1;36m[progress][0m  [1;36mepoch 12[0m  [1;33msb 60/108[0m  [33mthis-sb=39,976,960 pos (610 batches x 65,536)[0m  [36mtotal=49,891,246,080 pos[0m  [1;36mtrain_time=17759.8s[0m  [1;32mpos/s=2,809,224[0m
  [2mcuda-cpp SFNN[0m [1;33mvalidation overhead[0m: [35mreadback=0.229s[0m  [33mvalidation=0.858s[0m  [2msave=skipped[0m  [1;32mtotal=1.087s[0m
  [2mcuda-cpp SFNN[0m [33mvalidation[0m: epoch=12, superbatch=60, [35mtest_value_accuracy=0.7021267[0m, [35mtest_value_loss=0.07583672[0m, [1;36melapsed=0.858s[0m
  [2mcuda-cpp SFNN[0m [1;36m[progress][0m  [1;36mepoch 12[0m  [1;33msb 61/108[0m  [33mthis-sb=39,976,960 pos (610 batches x 65,536)[0m  [36mtotal=49,931,223,040 pos[0m  [1;36mtrain_time=17774.0s[0m  [1;32mpos/s=2,809,228[0m
  [2mcuda-cpp SFNN[0m [1;36m[progress][0m  [1;36mepoch 12[0m  [1;33msb 62/108[0m  [33mthis-sb=39,976,960 pos (610 batches x 65,536)[0m  [36mtotal=49,971,200,000 pos[0m  [1;36mtrain_time=17788.2s[0m  [1;32mpos/s=2,809,237[0m
  [2mcuda-cpp SFNN[0m [1;36m[progress][0m  [1;36mepoch 12[0m  [1;33msb 63/108[0m  [33mthis-sb=39,976,960 pos (610 batches x 65,536)[0m  [36mtotal=50,011,176,960 pos[0m  [1;36mtrain_time=17802.4s[0m  [1;32mpos/s=2,809,243[0m
  cuda-cpp HalfKA2 validation forward = gpu: positions=300000, batch_size=8192, elapsed=0.593s
  test: accuracy=70.2380% (210714/300000 decisive; draws=0 excluded; mate=0 filtered), loss=0.075944 (n=300000)
  [2mcuda-cpp HalfKA2[0m [1;33mvalidation detail[0m: positions=300,000, batch_size=8,192, load/cache=0.000s, weight_fold=0.197s, context=0.000s, weight_upload=0.040s, batches=0.593s, metrics=0.005s, total=0.835s
  [2mcuda-cpp SFNN[0m [1;36m[progress][0m  [1;36mepoch 12[0m  [1;33msb 64/108[0m  [33mthis-sb=39,976,960 pos (610 batches x 65,536)[0m  [36mtotal=50,051,153,920 pos[0m  [1;36mtrain_time=17816.6s[0m  [1;32mpos/s=2,809,250[0m
  [2mcuda-cpp SFNN[0m [1;33mvalidation overhead[0m: [35mreadback=0.232s[0m  [33mvalidation=0.858s[0m  [2msave=skipped[0m  [1;32mtotal=1.090s[0m
  [2mcuda-cpp SFNN[0m [33mvalidation[0m: epoch=12, superbatch=64, [35mtest_value_accuracy=0.7023800[0m, [35mtest_value_loss=0.07594406[0m, [1;36melapsed=0.858s[0m
  [2mcuda-cpp SFNN[0m [1;36m[progress][0m  [1;36mepoch 12[0m  [1;33msb 65/108[0m  [33mthis-sb=39,976,960 pos (610 batches x 65,536)[0m  [36mtotal=50,091,130,880 pos[0m  [1;36mtrain_time=17830.7s[0m  [1;32mpos/s=2,809,257[0m
  [2mcuda-cpp SFNN[0m [1;36m[progress][0m  [1;36mepoch 12[0m  [1;33msb 66/108[0m  [33mthis-sb=39,976,960 pos (610 batches x 65,536)[0m  [36mtotal=50,131,107,840 pos[0m  [1;36mtrain_time=17844.9s[0m  [1;32mpos/s=2,809,266[0m
  [2mcuda-cpp SFNN[0m [1;36m[progress][0m  [1;36mepoch 12[0m  [1;33msb 67/108[0m  [33mthis-sb=39,976,960 pos (610 batches x 65,536)[0m  [36mtotal=50,171,084,800 pos[0m  [1;36mtrain_time=17859.1s[0m  [1;32mpos/s=2,809,275[0m
  cuda-cpp HalfKA2 validation forward = gpu: positions=300000, batch_size=8192, elapsed=0.596s
  test: accuracy=70.2633% (210790/300000 decisive; draws=0 excluded; mate=0 filtered), loss=0.075696 (n=300000)
  [2mcuda-cpp HalfKA2[0m [1;33mvalidation detail[0m: positions=300,000, batch_size=8,192, load/cache=0.000s, weight_fold=0.194s, context=0.000s, weight_upload=0.039s, batches=0.596s, metrics=0.005s, total=0.833s
  [2mcuda-cpp SFNN[0m [1;36m[progress][0m  [1;36mepoch 12[0m  [1;33msb 68/108[0m  [33mthis-sb=39,976,960 pos (610 batches x 65,536)[0m  [36mtotal=50,211,061,760 pos[0m  [1;36mtrain_time=17873.3s[0m  [1;32mpos/s=2,809,282[0m
  [2mcuda-cpp SFNN[0m [1;33mvalidation overhead[0m: [35mreadback=0.229s[0m  [33mvalidation=0.858s[0m  [2msave=skipped[0m  [1;32mtotal=1.087s[0m
  [2mcuda-cpp SFNN[0m [33mvalidation[0m: epoch=12, superbatch=68, [35mtest_value_accuracy=0.7026333[0m, [35mtest_value_loss=0.07569620[0m, [1;36melapsed=0.858s[0m
  [2mcuda-cpp SFNN[0m [1;36m[progress][0m  [1;36mepoch 12[0m  [1;33msb 69/108[0m  [33mthis-sb=39,976,960 pos (610 batches x 65,536)[0m  [36mtotal=50,251,038,720 pos[0m  [1;36mtrain_time=17887.5s[0m  [1;32mpos/s=2,809,288[0m
  [2mcuda-cpp SFNN[0m [1;36m[progress][0m  [1;36mepoch 12[0m  [1;33msb 70/108[0m  [33mthis-sb=39,976,960 pos (610 batches x 65,536)[0m  [36mtotal=50,291,015,680 pos[0m  [1;36mtrain_time=17901.6s[0m  [1;32mpos/s=2,809,296[0m
  [2mcuda-cpp SFNN[0m [1;36m[progress][0m  [1;36mepoch 12[0m  [1;33msb 71/108[0m  [33mthis-sb=39,976,960 pos (610 batches x 65,536)[0m  [36mtotal=50,330,992,640 pos[0m  [1;36mtrain_time=17915.8s[0m  [1;32mpos/s=2,809,303[0m
  cuda-cpp HalfKA2 validation forward = gpu: positions=300000, batch_size=8192, elapsed=0.592s
  test: accuracy=70.2223% (210667/300000 decisive; draws=0 excluded; mate=0 filtered), loss=0.075551 (n=300000)
  [2mcuda-cpp HalfKA2[0m [1;33mvalidation detail[0m: positions=300,000, batch_size=8,192, load/cache=0.000s, weight_fold=0.191s, context=0.000s, weight_upload=0.040s, batches=0.592s, metrics=0.005s, total=0.828s
  [2mcuda-cpp SFNN[0m [1;36m[progress][0m  [1;36mepoch 12[0m  [1;33msb 72/108[0m  [33mthis-sb=39,976,960 pos (610 batches x 65,536)[0m  [36mtotal=50,370,969,600 pos[0m  [1;36mtrain_time=17930.0s[0m  [1;32mpos/s=2,809,311[0m
  [2mcuda-cpp SFNN[0m [1;33mvalidation overhead[0m: [35mreadback=0.228s[0m  [33mvalidation=0.848s[0m  [2msave=skipped[0m  [1;32mtotal=1.077s[0m
  [2mcuda-cpp SFNN[0m [33mvalidation[0m: epoch=12, superbatch=72, [35mtest_value_accuracy=0.7022234[0m, [35mtest_value_loss=0.07555097[0m, [1;36melapsed=0.848s[0m
  [2mcuda-cpp SFNN[0m [1;36m[progress][0m  [1;36mepoch 12[0m  [1;33msb 73/108[0m  [33mthis-sb=39,976,960 pos (610 batches x 65,536)[0m  [36mtotal=50,410,946,560 pos[0m  [1;36mtrain_time=17944.2s[0m  [1;32mpos/s=2,809,318[0m
  [2mcuda-cpp SFNN[0m [1;36m[progress][0m  [1;36mepoch 12[0m  [1;33msb 74/108[0m  [33mthis-sb=39,976,960 pos (610 batches x 65,536)[0m  [36mtotal=50,450,923,520 pos[0m  [1;36mtrain_time=17958.4s[0m  [1;32mpos/s=2,809,326[0m
  [2mcuda-cpp SFNN[0m [1;36m[progress][0m  [1;36mepoch 12[0m  [1;33msb 75/108[0m  [33mthis-sb=39,976,960 pos (610 batches x 65,536)[0m  [36mtotal=50,490,900,480 pos[0m  [1;36mtrain_time=17972.6s[0m  [1;32mpos/s=2,809,333[0m
  cuda-cpp HalfKA2 validation forward = gpu: positions=300000, batch_size=8192, elapsed=0.593s
  test: accuracy=70.2600% (210780/300000 decisive; draws=0 excluded; mate=0 filtered), loss=0.075745 (n=300000)
  [2mcuda-cpp HalfKA2[0m [1;33mvalidation detail[0m: positions=300,000, batch_size=8,192, load/cache=0.000s, weight_fold=0.195s, context=0.000s, weight_upload=0.041s, batches=0.593s, metrics=0.005s, total=0.834s
  [2mcuda-cpp SFNN[0m [1;36m[progress][0m  [1;36mepoch 12[0m  [1;33msb 76/108[0m  [33mthis-sb=39,976,960 pos (610 batches x 65,536)[0m  [36mtotal=50,530,877,440 pos[0m  [1;36mtrain_time=17986.8s[0m  [1;32mpos/s=2,809,339[0m
  [2mcuda-cpp SFNN[0m [1;33mvalidation overhead[0m: [35mreadback=0.228s[0m  [33mvalidation=0.857s[0m  [2msave=skipped[0m  [1;32mtotal=1.084s[0m
  [2mcuda-cpp SFNN[0m [33mvalidation[0m: epoch=12, superbatch=76, [35mtest_value_accuracy=0.7026000[0m, [35mtest_value_loss=0.07574543[0m, [1;36melapsed=0.857s[0m
  [2mcuda-cpp SFNN[0m [1;36m[progress][0m  [1;36mepoch 12[0m  [1;33msb 77/108[0m  [33mthis-sb=39,976,960 pos (610 batches x 65,536)[0m  [36mtotal=50,570,854,400 pos[0m  [1;36mtrain_time=18000.9s[0m  [1;32mpos/s=2,809,346[0m
  [2mcuda-cpp SFNN[0m [1;36m[progress][0m  [1;36mepoch 12[0m  [1;33msb 78/108[0m  [33mthis-sb=39,976,960 pos (610 batches x 65,536)[0m  [36mtotal=50,610,831,360 pos[0m  [1;36mtrain_time=18015.1s[0m  [1;32mpos/s=2,809,354[0m
  [2mcuda-cpp SFNN[0m [1;36m[progress][0m  [1;36mepoch 12[0m  [1;33msb 79/108[0m  [33mthis-sb=39,976,960 pos (610 batches x 65,536)[0m  [36mtotal=50,650,808,320 pos[0m  [1;36mtrain_time=18029.3s[0m  [1;32mpos/s=2,809,363[0m
  cuda-cpp HalfKA2 validation forward = gpu: positions=300000, batch_size=8192, elapsed=0.592s
  test: accuracy=70.2900% (210870/300000 decisive; draws=0 excluded; mate=0 filtered), loss=0.075563 (n=300000)
  [2mcuda-cpp HalfKA2[0m [1;33mvalidation detail[0m: positions=300,000, batch_size=8,192, load/cache=0.000s, weight_fold=0.194s, context=0.000s, weight_upload=0.039s, batches=0.592s, metrics=0.005s, total=0.831s
  [2mcuda-cpp SFNN[0m [1;36m[progress][0m  [1;36mepoch 12[0m  [1;33msb 80/108[0m  [33mthis-sb=39,976,960 pos (610 batches x 65,536)[0m  [36mtotal=50,690,785,280 pos[0m  [1;36mtrain_time=18043.5s[0m  [1;32mpos/s=2,809,362[0m
  [2mcuda-cpp SFNN[0m [1;33mvalidation overhead[0m: [35mreadback=0.229s[0m  [33mvalidation=0.853s[0m  [2msave=skipped[0m  [1;32mtotal=1.082s[0m
  [2mcuda-cpp SFNN[0m [33mvalidation[0m: epoch=12, superbatch=80, [35mtest_value_accuracy=0.7029000[0m, [35mtest_value_loss=0.07556258[0m, [1;36melapsed=0.853s[0m
  [2mcuda-cpp SFNN[0m [1;36m[progress][0m  [1;36mepoch 12[0m  [1;33msb 81/108[0m  [33mthis-sb=39,976,960 pos (610 batches x 65,536)[0m  [36mtotal=50,730,762,240 pos[0m  [1;36mtrain_time=18057.7s[0m  [1;32mpos/s=2,809,369[0m
  [2mcuda-cpp SFNN[0m [1;36m[progress][0m  [1;36mepoch 12[0m  [1;33msb 82/108[0m  [33mthis-sb=39,976,960 pos (610 batches x 65,536)[0m  [36mtotal=50,770,739,200 pos[0m  [1;36mtrain_time=18071.9s[0m  [1;32mpos/s=2,809,378[0m
  [2mcuda-cpp SFNN[0m [1;36m[progress][0m  [1;36mepoch 12[0m  [1;33msb 83/108[0m  [33mthis-sb=39,976,960 pos (610 batches x 65,536)[0m  [36mtotal=50,810,716,160 pos[0m  [1;36mtrain_time=18086.1s[0m  [1;32mpos/s=2,809,386[0m
  cuda-cpp HalfKA2 validation forward = gpu: positions=300000, batch_size=8192, elapsed=0.593s
  test: accuracy=70.2657% (210797/300000 decisive; draws=0 excluded; mate=0 filtered), loss=0.075537 (n=300000)
  [2mcuda-cpp HalfKA2[0m [1;33mvalidation detail[0m: positions=300,000, batch_size=8,192, load/cache=0.000s, weight_fold=0.196s, context=0.000s, weight_upload=0.040s, batches=0.593s, metrics=0.005s, total=0.834s
  [2mcuda-cpp SFNN[0m [1;36m[progress][0m  [1;36mepoch 12[0m  [1;33msb 84/108[0m  [33mthis-sb=39,976,960 pos (610 batches x 65,536)[0m  [36mtotal=50,850,693,120 pos[0m  [1;36mtrain_time=18100.3s[0m  [1;32mpos/s=2,809,391[0m
  [2mcuda-cpp SFNN[0m [1;33mvalidation overhead[0m: [35mreadback=0.230s[0m  [33mvalidation=0.861s[0m  [2msave=skipped[0m  [1;32mtotal=1.091s[0m
  [2mcuda-cpp SFNN[0m [33mvalidation[0m: epoch=12, superbatch=84, [35mtest_value_accuracy=0.7026567[0m, [35mtest_value_loss=0.07553715[0m, [1;36melapsed=0.861s[0m
  [2mcuda-cpp SFNN[0m [1;36m[progress][0m  [1;36mepoch 12[0m  [1;33msb 85/108[0m  [33mthis-sb=39,976,960 pos (610 batches x 65,536)[0m  [36mtotal=50,890,670,080 pos[0m  [1;36mtrain_time=18114.5s[0m  [1;32mpos/s=2,809,394[0m
  [2mcuda-cpp SFNN[0m [1;36m[progress][0m  [1;36mepoch 12[0m  [1;33msb 86/108[0m  [33mthis-sb=39,976,960 pos (610 batches x 65,536)[0m  [36mtotal=50,930,647,040 pos[0m  [1;36mtrain_time=18128.6s[0m  [1;32mpos/s=2,809,402[0m
  [2mcuda-cpp SFNN[0m [1;36m[progress][0m  [1;36mepoch 12[0m  [1;33msb 87/108[0m  [33mthis-sb=39,976,960 pos (610 batches x 65,536)[0m  [36mtotal=50,970,624,000 pos[0m  [1;36mtrain_time=18142.8s[0m  [1;32mpos/s=2,809,410[0m
  cuda-cpp HalfKA2 validation forward = gpu: positions=300000, batch_size=8192, elapsed=0.591s
  test: accuracy=70.2897% (210869/300000 decisive; draws=0 excluded; mate=0 filtered), loss=0.075631 (n=300000)
  [2mcuda-cpp HalfKA2[0m [1;33mvalidation detail[0m: positions=300,000, batch_size=8,192, load/cache=0.000s, weight_fold=0.197s, context=0.001s, weight_upload=0.040s, batches=0.591s, metrics=0.005s, total=0.833s
  [2mcuda-cpp SFNN[0m [1;36m[progress][0m  [1;36mepoch 12[0m  [1;33msb 88/108[0m  [33mthis-sb=39,976,960 pos (610 batches x 65,536)[0m  [36mtotal=51,010,600,960 pos[0m  [1;36mtrain_time=18157.0s[0m  [1;32mpos/s=2,809,418[0m
  [2mcuda-cpp SFNN[0m [1;33mvalidation overhead[0m: [35mreadback=0.229s[0m  [33mvalidation=0.860s[0m  [2msave=skipped[0m  [1;32mtotal=1.089s[0m
  [2mcuda-cpp SFNN[0m [33mvalidation[0m: epoch=12, superbatch=88, [35mtest_value_accuracy=0.7028967[0m, [35mtest_value_loss=0.07563107[0m, [1;36melapsed=0.860s[0m
  [2mcuda-cpp SFNN[0m [1;36m[progress][0m  [1;36mepoch 12[0m  [1;33msb 89/108[0m  [33mthis-sb=39,976,960 pos (610 batches x 65,536)[0m  [36mtotal=51,050,577,920 pos[0m  [1;36mtrain_time=18171.2s[0m  [1;32mpos/s=2,809,424[0m
  [2mcuda-cpp SFNN[0m [1;36m[progress][0m  [1;36mepoch 12[0m  [1;33msb 90/108[0m  [33mthis-sb=39,976,960 pos (610 batches x 65,536)[0m  [36mtotal=51,090,554,880 pos[0m  [1;36mtrain_time=18185.4s[0m  [1;32mpos/s=2,809,433[0m
  [2mcuda-cpp SFNN[0m [1;36m[progress][0m  [1;36mepoch 12[0m  [1;33msb 91/108[0m  [33mthis-sb=39,976,960 pos (610 batches x 65,536)[0m  [36mtotal=51,130,531,840 pos[0m  [1;36mtrain_time=18199.5s[0m  [1;32mpos/s=2,809,441[0m
  cuda-cpp HalfKA2 validation forward = gpu: positions=300000, batch_size=8192, elapsed=0.592s
  test: accuracy=70.2773% (210832/300000 decisive; draws=0 excluded; mate=0 filtered), loss=0.075613 (n=300000)
  [2mcuda-cpp HalfKA2[0m [1;33mvalidation detail[0m: positions=300,000, batch_size=8,192, load/cache=0.000s, weight_fold=0.193s, context=0.000s, weight_upload=0.040s, batches=0.592s, metrics=0.005s, total=0.830s
  [2mcuda-cpp SFNN[0m [1;36m[progress][0m  [1;36mepoch 12[0m  [1;33msb 92/108[0m  [33mthis-sb=39,976,960 pos (610 batches x 65,536)[0m  [36mtotal=51,170,508,800 pos[0m  [1;36mtrain_time=18213.7s[0m  [1;32mpos/s=2,809,447[0m
  [2mcuda-cpp SFNN[0m [1;33mvalidation overhead[0m: [35mreadback=0.229s[0m  [33mvalidation=0.855s[0m  [2msave=skipped[0m  [1;32mtotal=1.084s[0m
  [2mcuda-cpp SFNN[0m [33mvalidation[0m: epoch=12, superbatch=92, [35mtest_value_accuracy=0.7027733[0m, [35mtest_value_loss=0.07561337[0m, [1;36melapsed=0.855s[0m
  [2mcuda-cpp SFNN[0m [1;36m[progress][0m  [1;36mepoch 12[0m  [1;33msb 93/108[0m  [33mthis-sb=39,976,960 pos (610 batches x 65,536)[0m  [36mtotal=51,210,485,760 pos[0m  [1;36mtrain_time=18227.9s[0m  [1;32mpos/s=2,809,450[0m
  [2mcuda-cpp SFNN[0m [1;36m[progress][0m  [1;36mepoch 12[0m  [1;33msb 94/108[0m  [33mthis-sb=39,976,960 pos (610 batches x 65,536)[0m  [36mtotal=51,250,462,720 pos[0m  [1;36mtrain_time=18242.1s[0m  [1;32mpos/s=2,809,459[0m
  [2mcuda-cpp SFNN[0m [1;36m[progress][0m  [1;36mepoch 12[0m  [1;33msb 95/108[0m  [33mthis-sb=39,976,960 pos (610 batches x 65,536)[0m  [36mtotal=51,290,439,680 pos[0m  [1;36mtrain_time=18256.3s[0m  [1;32mpos/s=2,809,466[0m
  cuda-cpp HalfKA2 validation forward = gpu: positions=300000, batch_size=8192, elapsed=0.594s
  test: accuracy=70.2840% (210852/300000 decisive; draws=0 excluded; mate=0 filtered), loss=0.075378 (n=300000)
  [2mcuda-cpp HalfKA2[0m [1;33mvalidation detail[0m: positions=300,000, batch_size=8,192, load/cache=0.000s, weight_fold=0.207s, context=0.000s, weight_upload=0.040s, batches=0.594s, metrics=0.005s, total=0.847s
  [2mcuda-cpp SFNN[0m [1;36m[progress][0m  [1;36mepoch 12[0m  [1;33msb 96/108[0m  [33mthis-sb=39,976,960 pos (610 batches x 65,536)[0m  [36mtotal=51,330,416,640 pos[0m  [1;36mtrain_time=18270.5s[0m  [1;32mpos/s=2,809,474[0m
  [2mcuda-cpp SFNN[0m [1;33mvalidation overhead[0m: [35mreadback=0.229s[0m  [33mvalidation=0.871s[0m  [2msave=skipped[0m  [1;32mtotal=1.100s[0m
  [2mcuda-cpp SFNN[0m [33mvalidation[0m: epoch=12, superbatch=96, [35mtest_value_accuracy=0.7028400[0m, [35mtest_value_loss=0.07537773[0m, [1;36melapsed=0.871s[0m
  [2mcuda-cpp SFNN[0m [1;36m[progress][0m  [1;36mepoch 12[0m  [1;33msb 97/108[0m  [33mthis-sb=39,976,960 pos (610 batches x 65,536)[0m  [36mtotal=51,370,393,600 pos[0m  [1;36mtrain_time=18284.7s[0m  [1;32mpos/s=2,809,480[0m
  [2mcuda-cpp SFNN[0m [1;36m[progress][0m  [1;36mepoch 12[0m  [1;33msb 98/108[0m  [33mthis-sb=39,976,960 pos (610 batches x 65,536)[0m  [36mtotal=51,410,370,560 pos[0m  [1;36mtrain_time=18298.8s[0m  [1;32mpos/s=2,809,489[0m
  [2mcuda-cpp SFNN[0m [1;36m[progress][0m  [1;36mepoch 12[0m  [1;33msb 99/108[0m  [33mthis-sb=39,976,960 pos (610 batches x 65,536)[0m  [36mtotal=51,450,347,520 pos[0m  [1;36mtrain_time=18313.0s[0m  [1;32mpos/s=2,809,497[0m
  cuda-cpp HalfKA2 validation forward = gpu: positions=300000, batch_size=8192, elapsed=0.590s
  test: accuracy=70.3110% (210933/300000 decisive; draws=0 excluded; mate=0 filtered), loss=0.075398 (n=300000)
  [2mcuda-cpp HalfKA2[0m [1;33mvalidation detail[0m: positions=300,000, batch_size=8,192, load/cache=0.000s, weight_fold=0.216s, context=0.000s, weight_upload=0.041s, batches=0.590s, metrics=0.005s, total=0.852s
  [2mcuda-cpp SFNN[0m [1;36m[progress][0m  [1;36mepoch 12[0m  [1;33msb 100/108[0m  [33mthis-sb=39,976,960 pos (610 batches x 65,536)[0m  [36mtotal=51,490,324,480 pos[0m  [1;36mtrain_time=18327.2s[0m  [1;32mpos/s=2,809,505[0m
  [2mcuda-cpp SFNN[0m [1;33mvalidation overhead[0m: [35mreadback=0.226s[0m  [33mvalidation=0.878s[0m  [2msave=skipped[0m  [1;32mtotal=1.103s[0m
  [2mcuda-cpp SFNN[0m [33mvalidation[0m: epoch=12, superbatch=100, [35mtest_value_accuracy=0.7031100[0m, [35mtest_value_loss=0.07539782[0m, [1;36melapsed=0.878s[0m
  [2mcuda-cpp SFNN[0m [1;36m[progress][0m  [1;36mepoch 12[0m  [1;33msb 101/108[0m  [33mthis-sb=39,976,960 pos (610 batches x 65,536)[0m  [36mtotal=51,530,301,440 pos[0m  [1;36mtrain_time=18341.4s[0m  [1;32mpos/s=2,809,508[0m
  [2mcuda-cpp SFNN[0m [1;36m[progress][0m  [1;36mepoch 12[0m  [1;33msb 102/108[0m  [33mthis-sb=39,976,960 pos (610 batches x 65,536)[0m  [36mtotal=51,570,278,400 pos[0m  [1;36mtrain_time=18355.6s[0m  [1;32mpos/s=2,809,517[0m
  [2mcuda-cpp SFNN[0m [1;36m[progress][0m  [1;36mepoch 12[0m  [1;33msb 103/108[0m  [33mthis-sb=39,976,960 pos (610 batches x 65,536)[0m  [36mtotal=51,610,255,360 pos[0m  [1;36mtrain_time=18369.8s[0m  [1;32mpos/s=2,809,524[0m
  cuda-cpp HalfKA2 validation forward = gpu: positions=300000, batch_size=8192, elapsed=0.594s
  test: accuracy=70.3190% (210957/300000 decisive; draws=0 excluded; mate=0 filtered), loss=0.075564 (n=300000)
  [2mcuda-cpp HalfKA2[0m [1;33mvalidation detail[0m: positions=300,000, batch_size=8,192, load/cache=0.000s, weight_fold=0.193s, context=0.000s, weight_upload=0.039s, batches=0.594s, metrics=0.005s, total=0.831s
  [2mcuda-cpp SFNN[0m [1;36m[progress][0m  [1;36mepoch 12[0m  [1;33msb 104/108[0m  [33mthis-sb=39,976,960 pos (610 batches x 65,536)[0m  [36mtotal=51,650,232,320 pos[0m  [1;36mtrain_time=18383.9s[0m  [1;32mpos/s=2,809,529[0m
  [2mcuda-cpp SFNN[0m [1;33mvalidation overhead[0m: [35mreadback=0.228s[0m  [33mvalidation=0.852s[0m  [2msave=skipped[0m  [1;32mtotal=1.080s[0m
  [2mcuda-cpp SFNN[0m [33mvalidation[0m: epoch=12, superbatch=104, [35mtest_value_accuracy=0.7031900[0m, [35mtest_value_loss=0.07556407[0m, [1;36melapsed=0.852s[0m
  [2mcuda-cpp SFNN[0m [1;36m[progress][0m  [1;36mepoch 12[0m  [1;33msb 105/108[0m  [33mthis-sb=39,976,960 pos (610 batches x 65,536)[0m  [36mtotal=51,690,209,280 pos[0m  [1;36mtrain_time=18398.1s[0m  [1;32mpos/s=2,809,535[0m
  [2mcuda-cpp SFNN[0m [1;36m[progress][0m  [1;36mepoch 12[0m  [1;33msb 106/108[0m  [33mthis-sb=39,976,960 pos (610 batches x 65,536)[0m  [36mtotal=51,730,186,240 pos[0m  [1;36mtrain_time=18412.3s[0m  [1;32mpos/s=2,809,543[0m
  [2mcuda-cpp SFNN[0m [1;36m[progress][0m  [1;36mepoch 12[0m  [1;33msb 107/108[0m  [33mthis-sb=39,976,960 pos (610 batches x 65,536)[0m  [36mtotal=51,770,163,200 pos[0m  [1;36mtrain_time=18426.5s[0m  [1;32mpos/s=2,809,549[0m
  cuda-cpp HalfKA2 validation forward = gpu: positions=300000, batch_size=8192, elapsed=0.593s
  test: accuracy=70.3110% (210933/300000 decisive; draws=0 excluded; mate=0 filtered), loss=0.075582 (n=300000)
  [2mcuda-cpp HalfKA2[0m [1;33mvalidation detail[0m: positions=300,000, batch_size=8,192, load/cache=0.000s, weight_fold=0.195s, context=0.000s, weight_upload=0.038s, batches=0.593s, metrics=0.005s, total=0.831s
  [2mcuda-cpp SFNN[0m [1;32m[checkpoint][0m  [1;36mepoch 12[0m  [1;33msb 108/108[0m  [33mthis-sb=39,976,960 pos (610 batches x 65,536)[0m  [36mtotal=51,810,140,160 pos[0m  [1;36mtrain_time=18440.7s[0m  [1;32mpos/s=2,809,557[0m
  [2mcuda-cpp SFNN[0m [1;33mcheckpoint overhead[0m: [35mreadback=0.898s[0m  [33mvalidation=0.852s[0m  [36msave=4.420s (state.bin 2.04 GiB, 473 MiB/s)[0m  [1;32mtotal=6.170s[0m
  [2mcuda-cpp SFNN[0m [33mvalidation[0m: epoch=12, superbatch=108, [35mtest_value_accuracy=0.7031100[0m, [35mtest_value_loss=0.07558219[0m, [1;36melapsed=0.852s[0m
  [2mcuda-cpp SFNN[0m [1;36m[progress][0m  [1;36mepoch 13[0m  [1;33msb 1/108[0m  [33mthis-sb=39,976,960 pos (610 batches x 65,536)[0m  [36mtotal=51,850,117,120 pos[0m  [1;36mtrain_time=18454.9s[0m  [1;32mpos/s=2,809,559[0m
  [2mcuda-cpp SFNN[0m [1;36m[progress][0m  [1;36mepoch 13[0m  [1;33msb 2/108[0m  [33mthis-sb=39,976,960 pos (610 batches x 65,536)[0m  [36mtotal=51,890,094,080 pos[0m  [1;36mtrain_time=18469.0s[0m  [1;32mpos/s=2,809,575[0m
  [2mcuda-cpp SFNN[0m [1;36m[progress][0m  [1;36mepoch 13[0m  [1;33msb 3/108[0m  [33mthis-sb=39,976,960 pos (610 batches x 65,536)[0m  [36mtotal=51,930,071,040 pos[0m  [1;36mtrain_time=18483.2s[0m  [1;32mpos/s=2,809,588[0m
  cuda-cpp HalfKA2 validation forward = gpu: positions=300000, batch_size=8192, elapsed=0.590s
  test: accuracy=69.9420% (209826/300000 decisive; draws=0 excluded; mate=0 filtered), loss=0.076254 (n=300000)
  [2mcuda-cpp HalfKA2[0m [1;33mvalidation detail[0m: positions=300,000, batch_size=8,192, load/cache=0.000s, weight_fold=0.193s, context=0.000s, weight_upload=0.039s, batches=0.590s, metrics=0.005s, total=0.828s
  [2mcuda-cpp SFNN[0m [1;36m[progress][0m  [1;36mepoch 13[0m  [1;33msb 4/108[0m  [33mthis-sb=39,976,960 pos (610 batches x 65,536)[0m  [36mtotal=51,970,048,000 pos[0m  [1;36mtrain_time=18497.3s[0m  [1;32mpos/s=2,809,600[0m
  [2mcuda-cpp SFNN[0m [1;33mvalidation overhead[0m: [35mreadback=0.229s[0m  [33mvalidation=0.850s[0m  [2msave=skipped[0m  [1;32mtotal=1.079s[0m
  [2mcuda-cpp SFNN[0m [33mvalidation[0m: epoch=13, superbatch=4, [35mtest_value_accuracy=0.6994200[0m, [35mtest_value_loss=0.07625433[0m, [1;36melapsed=0.850s[0m
  [2mcuda-cpp SFNN[0m [1;36m[progress][0m  [1;36mepoch 13[0m  [1;33msb 5/108[0m  [33mthis-sb=39,976,960 pos (610 batches x 65,536)[0m  [36mtotal=52,010,024,960 pos[0m  [1;36mtrain_time=18511.5s[0m  [1;32mpos/s=2,809,609[0m
  [2mcuda-cpp SFNN[0m [1;36m[progress][0m  [1;36mepoch 13[0m  [1;33msb 6/108[0m  [33mthis-sb=39,976,960 pos (610 batches x 65,536)[0m  [36mtotal=52,050,001,920 pos[0m  [1;36mtrain_time=18525.6s[0m  [1;32mpos/s=2,809,622[0m
  [2mcuda-cpp SFNN[0m [1;36m[progress][0m  [1;36mepoch 13[0m  [1;33msb 7/108[0m  [33mthis-sb=39,976,960 pos (610 batches x 65,536)[0m  [36mtotal=52,089,978,880 pos[0m  [1;36mtrain_time=18539.8s[0m  [1;32mpos/s=2,809,631[0m
  cuda-cpp HalfKA2 validation forward = gpu: positions=300000, batch_size=8192, elapsed=0.593s
  test: accuracy=69.9893% (209968/300000 decisive; draws=0 excluded; mate=0 filtered), loss=0.076678 (n=300000)
  [2mcuda-cpp HalfKA2[0m [1;33mvalidation detail[0m: positions=300,000, batch_size=8,192, load/cache=0.000s, weight_fold=0.197s, context=0.001s, weight_upload=0.042s, batches=0.593s, metrics=0.005s, total=0.837s
  [2mcuda-cpp SFNN[0m [1;36m[progress][0m  [1;36mepoch 13[0m  [1;33msb 8/108[0m  [33mthis-sb=39,976,960 pos (610 batches x 65,536)[0m  [36mtotal=52,129,955,840 pos[0m  [1;36mtrain_time=18554.0s[0m  [1;32mpos/s=2,809,639[0m
  [2mcuda-cpp SFNN[0m [1;33mvalidation overhead[0m: [35mreadback=0.233s[0m  [33mvalidation=0.859s[0m  [2msave=skipped[0m  [1;32mtotal=1.092s[0m
  [2mcuda-cpp SFNN[0m [33mvalidation[0m: epoch=13, superbatch=8, [35mtest_value_accuracy=0.6998934[0m, [35mtest_value_loss=0.07667804[0m, [1;36melapsed=0.859s[0m
  [2mcuda-cpp SFNN[0m [1;36m[progress][0m  [1;36mepoch 13[0m  [1;33msb 9/108[0m  [33mthis-sb=39,976,960 pos (610 batches x 65,536)[0m  [36mtotal=52,169,932,800 pos[0m  [1;36mtrain_time=18568.1s[0m  [1;32mpos/s=2,809,647[0m
  [2mcuda-cpp SFNN[0m [1;36m[progress][0m  [1;36mepoch 13[0m  [1;33msb 10/108[0m  [33mthis-sb=39,976,960 pos (610 batches x 65,536)[0m  [36mtotal=52,209,909,760 pos[0m  [1;36mtrain_time=18582.3s[0m  [1;32mpos/s=2,809,657[0m
  [2mcuda-cpp SFNN[0m [1;36m[progress][0m  [1;36mepoch 13[0m  [1;33msb 11/108[0m  [33mthis-sb=39,976,960 pos (610 batches x 65,536)[0m  [36mtotal=52,249,886,720 pos[0m  [1;36mtrain_time=18596.5s[0m  [1;32mpos/s=2,809,667[0m
  cuda-cpp HalfKA2 validation forward = gpu: positions=300000, batch_size=8192, elapsed=0.597s
  test: accuracy=70.0210% (210063/300000 decisive; draws=0 excluded; mate=0 filtered), loss=0.076323 (n=300000)
  [2mcuda-cpp HalfKA2[0m [1;33mvalidation detail[0m: positions=300,000, batch_size=8,192, load/cache=0.000s, weight_fold=0.195s, context=0.000s, weight_upload=0.041s, batches=0.597s, metrics=0.005s, total=0.838s
  [2mcuda-cpp SFNN[0m [1;36m[progress][0m  [1;36mepoch 13[0m  [1;33msb 12/108[0m  [33mthis-sb=39,976,960 pos (610 batches x 65,536)[0m  [36mtotal=52,289,863,680 pos[0m  [1;36mtrain_time=18610.6s[0m  [1;32mpos/s=2,809,678[0m
  [2mcuda-cpp SFNN[0m [1;33mvalidation overhead[0m: [35mreadback=0.231s[0m  [33mvalidation=0.864s[0m  [2msave=skipped[0m  [1;32mtotal=1.094s[0m
  [2mcuda-cpp SFNN[0m [33mvalidation[0m: epoch=13, superbatch=12, [35mtest_value_accuracy=0.7002100[0m, [35mtest_value_loss=0.07632329[0m, [1;36melapsed=0.864s[0m
  [2mcuda-cpp SFNN[0m [1;36m[progress][0m  [1;36mepoch 13[0m  [1;33msb 13/108[0m  [33mthis-sb=39,976,960 pos (610 batches x 65,536)[0m  [36mtotal=52,329,840,640 pos[0m  [1;36mtrain_time=18624.8s[0m  [1;32mpos/s=2,809,683[0m
  [2mcuda-cpp SFNN[0m [1;36m[progress][0m  [1;36mepoch 13[0m  [1;33msb 14/108[0m  [33mthis-sb=39,976,960 pos (610 batches x 65,536)[0m  [36mtotal=52,369,817,600 pos[0m  [1;36mtrain_time=18639.0s[0m  [1;32mpos/s=2,809,692[0m
  [2mcuda-cpp SFNN[0m [1;36m[progress][0m  [1;36mepoch 13[0m  [1;33msb 15/108[0m  [33mthis-sb=39,976,960 pos (610 batches x 65,536)[0m  [36mtotal=52,409,794,560 pos[0m  [1;36mtrain_time=18653.1s[0m  [1;32mpos/s=2,809,703[0m
  cuda-cpp HalfKA2 validation forward = gpu: positions=300000, batch_size=8192, elapsed=0.592s
  test: accuracy=70.0033% (210010/300000 decisive; draws=0 excluded; mate=0 filtered), loss=0.075799 (n=300000)
  [2mcuda-cpp HalfKA2[0m [1;33mvalidation detail[0m: positions=300,000, batch_size=8,192, load/cache=0.000s, weight_fold=0.195s, context=0.000s, weight_upload=0.040s, batches=0.592s, metrics=0.005s, total=0.832s
  [2mcuda-cpp SFNN[0m [1;36m[progress][0m  [1;36mepoch 13[0m  [1;33msb 16/108[0m  [33mthis-sb=39,976,960 pos (610 batches x 65,536)[0m  [36mtotal=52,449,771,520 pos[0m  [1;36mtrain_time=18667.3s[0m  [1;32mpos/s=2,809,712[0m
  [2mcuda-cpp SFNN[0m [1;33mvalidation overhead[0m: [35mreadback=0.230s[0m  [33mvalidation=0.853s[0m  [2msave=skipped[0m  [1;32mtotal=1.083s[0m
  [2mcuda-cpp SFNN[0m [33mvalidation[0m: epoch=13, superbatch=16, [35mtest_value_accuracy=0.7000333[0m, [35mtest_value_loss=0.07579897[0m, [1;36melapsed=0.853s[0m
  [2mcuda-cpp SFNN[0m [1;36m[progress][0m  [1;36mepoch 13[0m  [1;33msb 17/108[0m  [33mthis-sb=39,976,960 pos (610 batches x 65,536)[0m  [36mtotal=52,489,748,480 pos[0m  [1;36mtrain_time=18681.5s[0m  [1;32mpos/s=2,809,718[0m
  [2mcuda-cpp SFNN[0m [1;36m[progress][0m  [1;36mepoch 13[0m  [1;33msb 18/108[0m  [33mthis-sb=39,976,960 pos (610 batches x 65,536)[0m  [36mtotal=52,529,725,440 pos[0m  [1;36mtrain_time=18695.7s[0m  [1;32mpos/s=2,809,729[0m
  [2mcuda-cpp SFNN[0m [1;36m[progress][0m  [1;36mepoch 13[0m  [1;33msb 19/108[0m  [33mthis-sb=39,976,960 pos (610 batches x 65,536)[0m  [36mtotal=52,569,702,400 pos[0m  [1;36mtrain_time=18709.8s[0m  [1;32mpos/s=2,809,740[0m
  cuda-cpp HalfKA2 validation forward = gpu: positions=300000, batch_size=8192, elapsed=0.593s
  test: accuracy=70.0847% (210254/300000 decisive; draws=0 excluded; mate=0 filtered), loss=0.075553 (n=300000)
  [2mcuda-cpp HalfKA2[0m [1;33mvalidation detail[0m: positions=300,000, batch_size=8,192, load/cache=0.000s, weight_fold=0.194s, context=0.000s, weight_upload=0.040s, batches=0.593s, metrics=0.005s, total=0.833s
  [2mcuda-cpp SFNN[0m [1;36m[progress][0m  [1;36mepoch 13[0m  [1;33msb 20/108[0m  [33mthis-sb=39,976,960 pos (610 batches x 65,536)[0m  [36mtotal=52,609,679,360 pos[0m  [1;36mtrain_time=18724.0s[0m  [1;32mpos/s=2,809,748[0m
  [2mcuda-cpp SFNN[0m [1;33mvalidation overhead[0m: [35mreadback=0.227s[0m  [33mvalidation=0.854s[0m  [2msave=skipped[0m  [1;32mtotal=1.082s[0m
  [2mcuda-cpp SFNN[0m [33mvalidation[0m: epoch=13, superbatch=20, [35mtest_value_accuracy=0.7008467[0m, [35mtest_value_loss=0.07555350[0m, [1;36melapsed=0.854s[0m
  [2mcuda-cpp SFNN[0m [1;36m[progress][0m  [1;36mepoch 13[0m  [1;33msb 21/108[0m  [33mthis-sb=39,976,960 pos (610 batches x 65,536)[0m  [36mtotal=52,649,656,320 pos[0m  [1;36mtrain_time=18738.2s[0m  [1;32mpos/s=2,809,756[0m
  [2mcuda-cpp SFNN[0m [1;36m[progress][0m  [1;36mepoch 13[0m  [1;33msb 22/108[0m  [33mthis-sb=39,976,960 pos (610 batches x 65,536)[0m  [36mtotal=52,689,633,280 pos[0m  [1;36mtrain_time=18752.3s[0m  [1;32mpos/s=2,809,766[0m
  [2mcuda-cpp SFNN[0m [1;36m[progress][0m  [1;36mepoch 13[0m  [1;33msb 23/108[0m  [33mthis-sb=39,976,960 pos (610 batches x 65,536)[0m  [36mtotal=52,729,610,240 pos[0m  [1;36mtrain_time=18766.5s[0m  [1;32mpos/s=2,809,773[0m
  cuda-cpp HalfKA2 validation forward = gpu: positions=300000, batch_size=8192, elapsed=0.593s
  test: accuracy=70.0453% (210136/300000 decisive; draws=0 excluded; mate=0 filtered), loss=0.075864 (n=300000)
  [2mcuda-cpp HalfKA2[0m [1;33mvalidation detail[0m: positions=300,000, batch_size=8,192, load/cache=0.000s, weight_fold=0.198s, context=0.000s, weight_upload=0.041s, batches=0.593s, metrics=0.005s, total=0.837s
  [2mcuda-cpp SFNN[0m [1;36m[progress][0m  [1;36mepoch 13[0m  [1;33msb 24/108[0m  [33mthis-sb=39,976,960 pos (610 batches x 65,536)[0m  [36mtotal=52,769,587,200 pos[0m  [1;36mtrain_time=18780.7s[0m  [1;32mpos/s=2,809,780[0m
  [2mcuda-cpp SFNN[0m [1;33mvalidation overhead[0m: [35mreadback=0.232s[0m  [33mvalidation=0.860s[0m  [2msave=skipped[0m  [1;32mtotal=1.091s[0m
  [2mcuda-cpp SFNN[0m [33mvalidation[0m: epoch=13, superbatch=24, [35mtest_value_accuracy=0.7004533[0m, [35mtest_value_loss=0.07586390[0m, [1;36melapsed=0.860s[0m
  [2mcuda-cpp SFNN[0m [1;36m[progress][0m  [1;36mepoch 13[0m  [1;33msb 25/108[0m  [33mthis-sb=39,976,960 pos (610 batches x 65,536)[0m  [36mtotal=52,809,564,160 pos[0m  [1;36mtrain_time=18794.9s[0m  [1;32mpos/s=2,809,787[0m
  [2mcuda-cpp SFNN[0m [1;36m[progress][0m  [1;36mepoch 13[0m  [1;33msb 26/108[0m  [33mthis-sb=39,976,960 pos (610 batches x 65,536)[0m  [36mtotal=52,849,541,120 pos[0m  [1;36mtrain_time=18809.0s[0m  [1;32mpos/s=2,809,796[0m
  [2mcuda-cpp SFNN[0m [1;36m[progress][0m  [1;36mepoch 13[0m  [1;33msb 27/108[0m  [33mthis-sb=39,976,960 pos (610 batches x 65,536)[0m  [36mtotal=52,889,518,080 pos[0m  [1;36mtrain_time=18823.2s[0m  [1;32mpos/s=2,809,805[0m
  cuda-cpp HalfKA2 validation forward = gpu: positions=300000, batch_size=8192, elapsed=0.593s
  test: accuracy=70.0547% (210164/300000 decisive; draws=0 excluded; mate=0 filtered), loss=0.075655 (n=300000)
  [2mcuda-cpp HalfKA2[0m [1;33mvalidation detail[0m: positions=300,000, batch_size=8,192, load/cache=0.000s, weight_fold=0.199s, context=0.000s, weight_upload=0.039s, batches=0.593s, metrics=0.005s, total=0.836s
  [2mcuda-cpp SFNN[0m [1;36m[progress][0m  [1;36mepoch 13[0m  [1;33msb 28/108[0m  [33mthis-sb=39,976,960 pos (610 batches x 65,536)[0m  [36mtotal=52,929,495,040 pos[0m  [1;36mtrain_time=18837.4s[0m  [1;32mpos/s=2,809,812[0m
  [2mcuda-cpp SFNN[0m [1;33mvalidation overhead[0m: [35mreadback=0.236s[0m  [33mvalidation=0.858s[0m  [2msave=skipped[0m  [1;32mtotal=1.094s[0m
  [2mcuda-cpp SFNN[0m [33mvalidation[0m: epoch=13, superbatch=28, [35mtest_value_accuracy=0.7005467[0m, [35mtest_value_loss=0.07565498[0m, [1;36melapsed=0.858s[0m
  [2mcuda-cpp SFNN[0m [1;36m[progress][0m  [1;36mepoch 13[0m  [1;33msb 29/108[0m  [33mthis-sb=39,976,960 pos (610 batches x 65,536)[0m  [36mtotal=52,969,472,000 pos[0m  [1;36mtrain_time=18851.6s[0m  [1;32mpos/s=2,809,817[0m
  [2mcuda-cpp SFNN[0m [1;36m[progress][0m  [1;36mepoch 13[0m  [1;33msb 30/108[0m  [33mthis-sb=39,976,960 pos (610 batches x 65,536)[0m  [36mtotal=53,009,448,960 pos[0m  [1;36mtrain_time=18865.8s[0m  [1;32mpos/s=2,809,823[0m
  [2mcuda-cpp SFNN[0m [1;36m[progress][0m  [1;36mepoch 13[0m  [1;33msb 31/108[0m  [33mthis-sb=39,976,960 pos (610 batches x 65,536)[0m  [36mtotal=53,049,425,920 pos[0m  [1;36mtrain_time=18879.9s[0m  [1;32mpos/s=2,809,832[0m
  cuda-cpp HalfKA2 validation forward = gpu: positions=300000, batch_size=8192, elapsed=0.594s
  test: accuracy=70.1027% (210308/300000 decisive; draws=0 excluded; mate=0 filtered), loss=0.075587 (n=300000)
  [2mcuda-cpp HalfKA2[0m [1;33mvalidation detail[0m: positions=300,000, batch_size=8,192, load/cache=0.000s, weight_fold=0.197s, context=0.000s, weight_upload=0.041s, batches=0.594s, metrics=0.005s, total=0.836s
  [2mcuda-cpp SFNN[0m [1;36m[progress][0m  [1;36mepoch 13[0m  [1;33msb 32/108[0m  [33mthis-sb=39,976,960 pos (610 batches x 65,536)[0m  [36mtotal=53,089,402,880 pos[0m  [1;36mtrain_time=18894.1s[0m  [1;32mpos/s=2,809,838[0m
  [2mcuda-cpp SFNN[0m [1;33mvalidation overhead[0m: [35mreadback=0.229s[0m  [33mvalidation=0.859s[0m  [2msave=skipped[0m  [1;32mtotal=1.088s[0m
  [2mcuda-cpp SFNN[0m [33mvalidation[0m: epoch=13, superbatch=32, [35mtest_value_accuracy=0.7010267[0m, [35mtest_value_loss=0.07558692[0m, [1;36melapsed=0.859s[0m
  [2mcuda-cpp SFNN[0m [1;36m[progress][0m  [1;36mepoch 13[0m  [1;33msb 33/108[0m  [33mthis-sb=39,976,960 pos (610 batches x 65,536)[0m  [36mtotal=53,129,379,840 pos[0m  [1;36mtrain_time=18908.3s[0m  [1;32mpos/s=2,809,843[0m
  [2mcuda-cpp SFNN[0m [1;36m[progress][0m  [1;36mepoch 13[0m  [1;33msb 34/108[0m  [33mthis-sb=39,976,960 pos (610 batches x 65,536)[0m  [36mtotal=53,169,356,800 pos[0m  [1;36mtrain_time=18922.5s[0m  [1;32mpos/s=2,809,851[0m
  [2mcuda-cpp SFNN[0m [1;36m[progress][0m  [1;36mepoch 13[0m  [1;33msb 35/108[0m  [33mthis-sb=39,976,960 pos (610 batches x 65,536)[0m  [36mtotal=53,209,333,760 pos[0m  [1;36mtrain_time=18936.7s[0m  [1;32mpos/s=2,809,857[0m
  cuda-cpp HalfKA2 validation forward = gpu: positions=300000, batch_size=8192, elapsed=0.595s
  test: accuracy=70.1567% (210470/300000 decisive; draws=0 excluded; mate=0 filtered), loss=0.075964 (n=300000)
  [2mcuda-cpp HalfKA2[0m [1;33mvalidation detail[0m: positions=300,000, batch_size=8,192, load/cache=0.000s, weight_fold=0.201s, context=0.000s, weight_upload=0.041s, batches=0.595s, metrics=0.005s, total=0.841s
  [2mcuda-cpp SFNN[0m [1;36m[progress][0m  [1;36mepoch 13[0m  [1;33msb 36/108[0m  [33mthis-sb=39,976,960 pos (610 batches x 65,536)[0m  [36mtotal=53,249,310,720 pos[0m  [1;36mtrain_time=18950.9s[0m  [1;32mpos/s=2,809,863[0m
  [2mcuda-cpp SFNN[0m [1;33mvalidation overhead[0m: [35mreadback=0.243s[0m  [33mvalidation=0.865s[0m  [2msave=skipped[0m  [1;32mtotal=1.108s[0m
  [2mcuda-cpp SFNN[0m [33mvalidation[0m: epoch=13, superbatch=36, [35mtest_value_accuracy=0.7015667[0m, [35mtest_value_loss=0.07596362[0m, [1;36melapsed=0.865s[0m
  [2mcuda-cpp SFNN[0m [1;36m[progress][0m  [1;36mepoch 13[0m  [1;33msb 37/108[0m  [33mthis-sb=39,976,960 pos (610 batches x 65,536)[0m  [36mtotal=53,289,287,680 pos[0m  [1;36mtrain_time=18965.1s[0m  [1;32mpos/s=2,809,867[0m
  [2mcuda-cpp SFNN[0m [1;36m[progress][0m  [1;36mepoch 13[0m  [1;33msb 38/108[0m  [33mthis-sb=39,976,960 pos (610 batches x 65,536)[0m  [36mtotal=53,329,264,640 pos[0m  [1;36mtrain_time=18979.2s[0m  [1;32mpos/s=2,809,877[0m
  [2mcuda-cpp SFNN[0m [1;36m[progress][0m  [1;36mepoch 13[0m  [1;33msb 39/108[0m  [33mthis-sb=39,976,960 pos (610 batches x 65,536)[0m  [36mtotal=53,369,241,600 pos[0m  [1;36mtrain_time=18993.4s[0m  [1;32mpos/s=2,809,885[0m
  cuda-cpp HalfKA2 validation forward = gpu: positions=300000, batch_size=8192, elapsed=0.593s
  test: accuracy=70.1210% (210363/300000 decisive; draws=0 excluded; mate=0 filtered), loss=0.075795 (n=300000)
  [2mcuda-cpp HalfKA2[0m [1;33mvalidation detail[0m: positions=300,000, batch_size=8,192, load/cache=0.000s, weight_fold=0.198s, context=0.000s, weight_upload=0.040s, batches=0.593s, metrics=0.005s, total=0.835s
  [2mcuda-cpp SFNN[0m [1;36m[progress][0m  [1;36mepoch 13[0m  [1;33msb 40/108[0m  [33mthis-sb=39,976,960 pos (610 batches x 65,536)[0m  [36mtotal=53,409,218,560 pos[0m  [1;36mtrain_time=19007.6s[0m  [1;32mpos/s=2,809,892[0m
  [2mcuda-cpp SFNN[0m [1;33mvalidation overhead[0m: [35mreadback=0.236s[0m  [33mvalidation=0.859s[0m  [2msave=skipped[0m  [1;32mtotal=1.095s[0m
  [2mcuda-cpp SFNN[0m [33mvalidation[0m: epoch=13, superbatch=40, [35mtest_value_accuracy=0.7012100[0m, [35mtest_value_loss=0.07579465[0m, [1;36melapsed=0.859s[0m
  [2mcuda-cpp SFNN[0m [1;36m[progress][0m  [1;36mepoch 13[0m  [1;33msb 41/108[0m  [33mthis-sb=39,976,960 pos (610 batches x 65,536)[0m  [36mtotal=53,449,195,520 pos[0m  [1;36mtrain_time=19021.8s[0m  [1;32mpos/s=2,809,897[0m
  [2mcuda-cpp SFNN[0m [1;36m[progress][0m  [1;36mepoch 13[0m  [1;33msb 42/108[0m  [33mthis-sb=39,976,960 pos (610 batches x 65,536)[0m  [36mtotal=53,489,172,480 pos[0m  [1;36mtrain_time=19035.9s[0m  [1;32mpos/s=2,809,905[0m
  [2mcuda-cpp SFNN[0m [1;36m[progress][0m  [1;36mepoch 13[0m  [1;33msb 43/108[0m  [33mthis-sb=39,976,960 pos (610 batches x 65,536)[0m  [36mtotal=53,529,149,440 pos[0m  [1;36mtrain_time=19050.1s[0m  [1;32mpos/s=2,809,913[0m
  cuda-cpp HalfKA2 validation forward = gpu: positions=300000, batch_size=8192, elapsed=0.593s
  test: accuracy=70.1783% (210535/300000 decisive; draws=0 excluded; mate=0 filtered), loss=0.075693 (n=300000)
  [2mcuda-cpp HalfKA2[0m [1;33mvalidation detail[0m: positions=300,000, batch_size=8,192, load/cache=0.000s, weight_fold=0.198s, context=0.000s, weight_upload=0.039s, batches=0.593s, metrics=0.005s, total=0.834s
  [2mcuda-cpp SFNN[0m [1;36m[progress][0m  [1;36mepoch 13[0m  [1;33msb 44/108[0m  [33mthis-sb=39,976,960 pos (610 batches x 65,536)[0m  [36mtotal=53,569,126,400 pos[0m  [1;36mtrain_time=19064.3s[0m  [1;32mpos/s=2,809,921[0m
  [2mcuda-cpp SFNN[0m [1;33mvalidation overhead[0m: [35mreadback=0.232s[0m  [33mvalidation=0.857s[0m  [2msave=skipped[0m  [1;32mtotal=1.088s[0m
  [2mcuda-cpp SFNN[0m [33mvalidation[0m: epoch=13, superbatch=44, [35mtest_value_accuracy=0.7017834[0m, [35mtest_value_loss=0.07569327[0m, [1;36melapsed=0.857s[0m
  [2mcuda-cpp SFNN[0m [1;36m[progress][0m  [1;36mepoch 13[0m  [1;33msb 45/108[0m  [33mthis-sb=39,976,960 pos (610 batches x 65,536)[0m  [36mtotal=53,609,103,360 pos[0m  [1;36mtrain_time=19078.5s[0m  [1;32mpos/s=2,809,927[0m
  [2mcuda-cpp SFNN[0m [1;36m[progress][0m  [1;36mepoch 13[0m  [1;33msb 46/108[0m  [33mthis-sb=39,976,960 pos (610 batches x 65,536)[0m  [36mtotal=53,649,080,320 pos[0m  [1;36mtrain_time=19092.6s[0m  [1;32mpos/s=2,809,934[0m
  [2mcuda-cpp SFNN[0m [1;36m[progress][0m  [1;36mepoch 13[0m  [1;33msb 47/108[0m  [33mthis-sb=39,976,960 pos (610 batches x 65,536)[0m  [36mtotal=53,689,057,280 pos[0m  [1;36mtrain_time=19106.8s[0m  [1;32mpos/s=2,809,942[0m
  cuda-cpp HalfKA2 validation forward = gpu: positions=300000, batch_size=8192, elapsed=0.594s
  test: accuracy=70.1983% (210595/300000 decisive; draws=0 excluded; mate=0 filtered), loss=0.075948 (n=300000)
  [2mcuda-cpp HalfKA2[0m [1;33mvalidation detail[0m: positions=300,000, batch_size=8,192, load/cache=0.000s, weight_fold=0.201s, context=0.000s, weight_upload=0.040s, batches=0.594s, metrics=0.005s, total=0.840s
  [2mcuda-cpp SFNN[0m [1;36m[progress][0m  [1;36mepoch 13[0m  [1;33msb 48/108[0m  [33mthis-sb=39,976,960 pos (610 batches x 65,536)[0m  [36mtotal=53,729,034,240 pos[0m  [1;36mtrain_time=19121.0s[0m  [1;32mpos/s=2,809,949[0m
  [2mcuda-cpp SFNN[0m [1;33mvalidation overhead[0m: [35mreadback=0.235s[0m  [33mvalidation=0.864s[0m  [2msave=skipped[0m  [1;32mtotal=1.099s[0m
  [2mcuda-cpp SFNN[0m [33mvalidation[0m: epoch=13, superbatch=48, [35mtest_value_accuracy=0.7019833[0m, [35mtest_value_loss=0.07594753[0m, [1;36melapsed=0.864s[0m
  [2mcuda-cpp SFNN[0m [1;36m[progress][0m  [1;36mepoch 13[0m  [1;33msb 49/108[0m  [33mthis-sb=39,976,960 pos (610 batches x 65,536)[0m  [36mtotal=53,769,011,200 pos[0m  [1;36mtrain_time=19135.2s[0m  [1;32mpos/s=2,809,953[0m
  [2mcuda-cpp SFNN[0m [1;36m[progress][0m  [1;36mepoch 13[0m  [1;33msb 50/108[0m  [33mthis-sb=39,976,960 pos (610 batches x 65,536)[0m  [36mtotal=53,808,988,160 pos[0m  [1;36mtrain_time=19149.4s[0m  [1;32mpos/s=2,809,961[0m
  [2mcuda-cpp SFNN[0m [1;36m[progress][0m  [1;36mepoch 13[0m  [1;33msb 51/108[0m  [33mthis-sb=39,976,960 pos (610 batches x 65,536)[0m  [36mtotal=53,848,965,120 pos[0m  [1;36mtrain_time=19163.6s[0m  [1;32mpos/s=2,809,967[0m
  cuda-cpp HalfKA2 validation forward = gpu: positions=300000, batch_size=8192, elapsed=0.597s
  test: accuracy=70.2130% (210639/300000 decisive; draws=0 excluded; mate=0 filtered), loss=0.076043 (n=300000)
  [2mcuda-cpp HalfKA2[0m [1;33mvalidation detail[0m: positions=300,000, batch_size=8,192, load/cache=0.000s, weight_fold=0.198s, context=0.000s, weight_upload=0.039s, batches=0.597s, metrics=0.005s, total=0.840s
  [2mcuda-cpp SFNN[0m [1;36m[progress][0m  [1;36mepoch 13[0m  [1;33msb 52/108[0m  [33mthis-sb=39,976,960 pos (610 batches x 65,536)[0m  [36mtotal=53,888,942,080 pos[0m  [1;36mtrain_time=19177.8s[0m  [1;32mpos/s=2,809,969[0m
  [2mcuda-cpp SFNN[0m [1;33mvalidation overhead[0m: [35mreadback=0.245s[0m  [33mvalidation=0.864s[0m  [2msave=skipped[0m  [1;32mtotal=1.109s[0m
  [2mcuda-cpp SFNN[0m [33mvalidation[0m: epoch=13, superbatch=52, [35mtest_value_accuracy=0.7021300[0m, [35mtest_value_loss=0.07604281[0m, [1;36melapsed=0.864s[0m
  [2mcuda-cpp SFNN[0m [1;36m[progress][0m  [1;36mepoch 13[0m  [1;33msb 53/108[0m  [33mthis-sb=39,976,960 pos (610 batches x 65,536)[0m  [36mtotal=53,928,919,040 pos[0m  [1;36mtrain_time=19192.0s[0m  [1;32mpos/s=2,809,975[0m
  [2mcuda-cpp SFNN[0m [1;36m[progress][0m  [1;36mepoch 13[0m  [1;33msb 54/108[0m  [33mthis-sb=39,976,960 pos (610 batches x 65,536)[0m  [36mtotal=53,968,896,000 pos[0m  [1;36mtrain_time=19206.1s[0m  [1;32mpos/s=2,809,981[0m
  [2mcuda-cpp SFNN[0m [1;36m[progress][0m  [1;36mepoch 13[0m  [1;33msb 55/108[0m  [33mthis-sb=39,976,960 pos (610 batches x 65,536)[0m  [36mtotal=54,008,872,960 pos[0m  [1;36mtrain_time=19220.3s[0m  [1;32mpos/s=2,809,987[0m
  cuda-cpp HalfKA2 validation forward = gpu: positions=300000, batch_size=8192, elapsed=0.593s
  test: accuracy=70.2307% (210692/300000 decisive; draws=0 excluded; mate=0 filtered), loss=0.075486 (n=300000)
  [2mcuda-cpp HalfKA2[0m [1;33mvalidation detail[0m: positions=300,000, batch_size=8,192, load/cache=0.000s, weight_fold=0.197s, context=0.000s, weight_upload=0.040s, batches=0.593s, metrics=0.005s, total=0.835s
  [2mcuda-cpp SFNN[0m [1;36m[progress][0m  [1;36mepoch 13[0m  [1;33msb 56/108[0m  [33mthis-sb=39,976,960 pos (610 batches x 65,536)[0m  [36mtotal=54,048,849,920 pos[0m  [1;36mtrain_time=19234.5s[0m  [1;32mpos/s=2,809,995[0m
  [2mcuda-cpp SFNN[0m [1;33mvalidation overhead[0m: [35mreadback=0.233s[0m  [33mvalidation=0.859s[0m  [2msave=skipped[0m  [1;32mtotal=1.092s[0m
  [2mcuda-cpp SFNN[0m [33mvalidation[0m: epoch=13, superbatch=56, [35mtest_value_accuracy=0.7023067[0m, [35mtest_value_loss=0.07548551[0m, [1;36melapsed=0.859s[0m
  [2mcuda-cpp SFNN[0m [1;36m[progress][0m  [1;36mepoch 13[0m  [1;33msb 57/108[0m  [33mthis-sb=39,976,960 pos (610 batches x 65,536)[0m  [36mtotal=54,088,826,880 pos[0m  [1;36mtrain_time=19248.7s[0m  [1;32mpos/s=2,810,001[0m
  [2mcuda-cpp SFNN[0m [1;36m[progress][0m  [1;36mepoch 13[0m  [1;33msb 58/108[0m  [33mthis-sb=39,976,960 pos (610 batches x 65,536)[0m  [36mtotal=54,128,803,840 pos[0m  [1;36mtrain_time=19262.9s[0m  [1;32mpos/s=2,810,009[0m
  [2mcuda-cpp SFNN[0m [1;36m[progress][0m  [1;36mepoch 13[0m  [1;33msb 59/108[0m  [33mthis-sb=39,976,960 pos (610 batches x 65,536)[0m  [36mtotal=54,168,780,800 pos[0m  [1;36mtrain_time=19277.0s[0m  [1;32mpos/s=2,810,016[0m
  cuda-cpp HalfKA2 validation forward = gpu: positions=300000, batch_size=8192, elapsed=0.593s
  test: accuracy=70.3050% (210915/300000 decisive; draws=0 excluded; mate=0 filtered), loss=0.075506 (n=300000)
  [2mcuda-cpp HalfKA2[0m [1;33mvalidation detail[0m: positions=300,000, batch_size=8,192, load/cache=0.000s, weight_fold=0.199s, context=0.000s, weight_upload=0.040s, batches=0.593s, metrics=0.005s, total=0.837s
  [2mcuda-cpp SFNN[0m [1;36m[progress][0m  [1;36mepoch 13[0m  [1;33msb 60/108[0m  [33mthis-sb=39,976,960 pos (610 batches x 65,536)[0m  [36mtotal=54,208,757,760 pos[0m  [1;36mtrain_time=19291.2s[0m  [1;32mpos/s=2,810,025[0m
  [2mcuda-cpp SFNN[0m [1;33mvalidation overhead[0m: [35mreadback=0.229s[0m  [33mvalidation=0.860s[0m  [2msave=skipped[0m  [1;32mtotal=1.089s[0m
  [2mcuda-cpp SFNN[0m [33mvalidation[0m: epoch=13, superbatch=60, [35mtest_value_accuracy=0.7030500[0m, [35mtest_value_loss=0.07550584[0m, [1;36melapsed=0.860s[0m
  [2mcuda-cpp SFNN[0m [1;36m[progress][0m  [1;36mepoch 13[0m  [1;33msb 61/108[0m  [33mthis-sb=39,976,960 pos (610 batches x 65,536)[0m  [36mtotal=54,248,734,720 pos[0m  [1;36mtrain_time=19305.4s[0m  [1;32mpos/s=2,810,030[0m
  [2mcuda-cpp SFNN[0m [1;36m[progress][0m  [1;36mepoch 13[0m  [1;33msb 62/108[0m  [33mthis-sb=39,976,960 pos (610 batches x 65,536)[0m  [36mtotal=54,288,711,680 pos[0m  [1;36mtrain_time=19319.6s[0m  [1;32mpos/s=2,810,038[0m
  [2mcuda-cpp SFNN[0m [1;36m[progress][0m  [1;36mepoch 13[0m  [1;33msb 63/108[0m  [33mthis-sb=39,976,960 pos (610 batches x 65,536)[0m  [36mtotal=54,328,688,640 pos[0m  [1;36mtrain_time=19333.7s[0m  [1;32mpos/s=2,810,046[0m
  cuda-cpp HalfKA2 validation forward = gpu: positions=300000, batch_size=8192, elapsed=0.593s
  test: accuracy=70.2170% (210651/300000 decisive; draws=0 excluded; mate=0 filtered), loss=0.075618 (n=300000)
  [2mcuda-cpp HalfKA2[0m [1;33mvalidation detail[0m: positions=300,000, batch_size=8,192, load/cache=0.000s, weight_fold=0.197s, context=0.000s, weight_upload=0.038s, batches=0.593s, metrics=0.005s, total=0.833s
  [2mcuda-cpp SFNN[0m [1;36m[progress][0m  [1;36mepoch 13[0m  [1;33msb 64/108[0m  [33mthis-sb=39,976,960 pos (610 batches x 65,536)[0m  [36mtotal=54,368,665,600 pos[0m  [1;36mtrain_time=19347.9s[0m  [1;32mpos/s=2,810,053[0m
  [2mcuda-cpp SFNN[0m [1;33mvalidation overhead[0m: [35mreadback=0.229s[0m  [33mvalidation=0.856s[0m  [2msave=skipped[0m  [1;32mtotal=1.085s[0m
  [2mcuda-cpp SFNN[0m [33mvalidation[0m: epoch=13, superbatch=64, [35mtest_value_accuracy=0.7021700[0m, [35mtest_value_loss=0.07561810[0m, [1;36melapsed=0.856s[0m
  [2mcuda-cpp SFNN[0m [1;36m[progress][0m  [1;36mepoch 13[0m  [1;33msb 65/108[0m  [33mthis-sb=39,976,960 pos (610 batches x 65,536)[0m  [36mtotal=54,408,642,560 pos[0m  [1;36mtrain_time=19362.1s[0m  [1;32mpos/s=2,810,059[0m
  [2mcuda-cpp SFNN[0m [1;36m[progress][0m  [1;36mepoch 13[0m  [1;33msb 66/108[0m  [33mthis-sb=39,976,960 pos (610 batches x 65,536)[0m  [36mtotal=54,448,619,520 pos[0m  [1;36mtrain_time=19376.3s[0m  [1;32mpos/s=2,810,067[0m
  [2mcuda-cpp SFNN[0m [1;36m[progress][0m  [1;36mepoch 13[0m  [1;33msb 67/108[0m  [33mthis-sb=39,976,960 pos (610 batches x 65,536)[0m  [36mtotal=54,488,596,480 pos[0m  [1;36mtrain_time=19390.5s[0m  [1;32mpos/s=2,810,074[0m
  cuda-cpp HalfKA2 validation forward = gpu: positions=300000, batch_size=8192, elapsed=0.594s
  test: accuracy=70.2503% (210751/300000 decisive; draws=0 excluded; mate=0 filtered), loss=0.075312 (n=300000)
  [2mcuda-cpp HalfKA2[0m [1;33mvalidation detail[0m: positions=300,000, batch_size=8,192, load/cache=0.000s, weight_fold=0.198s, context=0.000s, weight_upload=0.040s, batches=0.594s, metrics=0.005s, total=0.837s
  [2mcuda-cpp SFNN[0m [1;36m[progress][0m  [1;36mepoch 13[0m  [1;33msb 68/108[0m  [33mthis-sb=39,976,960 pos (610 batches x 65,536)[0m  [36mtotal=54,528,573,440 pos[0m  [1;36mtrain_time=19404.6s[0m  [1;32mpos/s=2,810,079[0m
  [2mcuda-cpp SFNN[0m [1;33mvalidation overhead[0m: [35mreadback=0.229s[0m  [33mvalidation=0.860s[0m  [2msave=skipped[0m  [1;32mtotal=1.089s[0m
  [2mcuda-cpp SFNN[0m [33mvalidation[0m: epoch=13, superbatch=68, [35mtest_value_accuracy=0.7025033[0m, [35mtest_value_loss=0.07531208[0m, [1;36melapsed=0.860s[0m
  [2mcuda-cpp SFNN[0m [1;36m[progress][0m  [1;36mepoch 13[0m  [1;33msb 69/108[0m  [33mthis-sb=39,976,960 pos (610 batches x 65,536)[0m  [36mtotal=54,568,550,400 pos[0m  [1;36mtrain_time=19418.8s[0m  [1;32mpos/s=2,810,082[0m
  [2mcuda-cpp SFNN[0m [1;36m[progress][0m  [1;36mepoch 13[0m  [1;33msb 70/108[0m  [33mthis-sb=39,976,960 pos (610 batches x 65,536)[0m  [36mtotal=54,608,527,360 pos[0m  [1;36mtrain_time=19433.0s[0m  [1;32mpos/s=2,810,090[0m
  [2mcuda-cpp SFNN[0m [1;36m[progress][0m  [1;36mepoch 13[0m  [1;33msb 71/108[0m  [33mthis-sb=39,976,960 pos (610 batches x 65,536)[0m  [36mtotal=54,648,504,320 pos[0m  [1;36mtrain_time=19447.2s[0m  [1;32mpos/s=2,810,095[0m
  cuda-cpp HalfKA2 validation forward = gpu: positions=300000, batch_size=8192, elapsed=0.593s
  test: accuracy=70.2723% (210817/300000 decisive; draws=0 excluded; mate=0 filtered), loss=0.075400 (n=300000)
  [2mcuda-cpp HalfKA2[0m [1;33mvalidation detail[0m: positions=300,000, batch_size=8,192, load/cache=0.000s, weight_fold=0.200s, context=0.000s, weight_upload=0.041s, batches=0.593s, metrics=0.005s, total=0.839s
  [2mcuda-cpp SFNN[0m [1;36m[progress][0m  [1;36mepoch 13[0m  [1;33msb 72/108[0m  [33mthis-sb=39,976,960 pos (610 batches x 65,536)[0m  [36mtotal=54,688,481,280 pos[0m  [1;36mtrain_time=19461.4s[0m  [1;32mpos/s=2,810,101[0m
  [2mcuda-cpp SFNN[0m [1;33mvalidation overhead[0m: [35mreadback=0.230s[0m  [33mvalidation=0.862s[0m  [2msave=skipped[0m  [1;32mtotal=1.091s[0m
  [2mcuda-cpp SFNN[0m [33mvalidation[0m: epoch=13, superbatch=72, [35mtest_value_accuracy=0.7027233[0m, [35mtest_value_loss=0.07539966[0m, [1;36melapsed=0.862s[0m
  [2mcuda-cpp SFNN[0m [1;36m[progress][0m  [1;36mepoch 13[0m  [1;33msb 73/108[0m  [33mthis-sb=39,976,960 pos (610 batches x 65,536)[0m  [36mtotal=54,728,458,240 pos[0m  [1;36mtrain_time=19475.6s[0m  [1;32mpos/s=2,810,106[0m
  [2mcuda-cpp SFNN[0m [1;36m[progress][0m  [1;36mepoch 13[0m  [1;33msb 74/108[0m  [33mthis-sb=39,976,960 pos (610 batches x 65,536)[0m  [36mtotal=54,768,435,200 pos[0m  [1;36mtrain_time=19489.7s[0m  [1;32mpos/s=2,810,116[0m
  [2mcuda-cpp SFNN[0m [1;36m[progress][0m  [1;36mepoch 13[0m  [1;33msb 75/108[0m  [33mthis-sb=39,976,960 pos (610 batches x 65,536)[0m  [36mtotal=54,808,412,160 pos[0m  [1;36mtrain_time=19503.9s[0m  [1;32mpos/s=2,810,122[0m
  cuda-cpp HalfKA2 validation forward = gpu: positions=300000, batch_size=8192, elapsed=0.593s
  test: accuracy=70.2947% (210884/300000 decisive; draws=0 excluded; mate=0 filtered), loss=0.075423 (n=300000)
  [2mcuda-cpp HalfKA2[0m [1;33mvalidation detail[0m: positions=300,000, batch_size=8,192, load/cache=0.000s, weight_fold=0.197s, context=0.001s, weight_upload=0.040s, batches=0.593s, metrics=0.005s, total=0.835s
  [2mcuda-cpp SFNN[0m [1;36m[progress][0m  [1;36mepoch 13[0m  [1;33msb 76/108[0m  [33mthis-sb=39,976,960 pos (610 batches x 65,536)[0m  [36mtotal=54,848,389,120 pos[0m  [1;36mtrain_time=19518.1s[0m  [1;32mpos/s=2,810,130[0m
  [2mcuda-cpp SFNN[0m [1;33mvalidation overhead[0m: [35mreadback=0.229s[0m  [33mvalidation=0.858s[0m  [2msave=skipped[0m  [1;32mtotal=1.087s[0m
  [2mcuda-cpp SFNN[0m [33mvalidation[0m: epoch=13, superbatch=76, [35mtest_value_accuracy=0.7029467[0m, [35mtest_value_loss=0.07542291[0m, [1;36melapsed=0.858s[0m
  [2mcuda-cpp SFNN[0m [1;36m[progress][0m  [1;36mepoch 13[0m  [1;33msb 77/108[0m  [33mthis-sb=39,976,960 pos (610 batches x 65,536)[0m  [36mtotal=54,888,366,080 pos[0m  [1;36mtrain_time=19532.3s[0m  [1;32mpos/s=2,810,137[0m
  [2mcuda-cpp SFNN[0m [1;36m[progress][0m  [1;36mepoch 13[0m  [1;33msb 78/108[0m  [33mthis-sb=39,976,960 pos (610 batches x 65,536)[0m  [36mtotal=54,928,343,040 pos[0m  [1;36mtrain_time=19546.4s[0m  [1;32mpos/s=2,810,146[0m
  [2mcuda-cpp SFNN[0m [1;36m[progress][0m  [1;36mepoch 13[0m  [1;33msb 79/108[0m  [33mthis-sb=39,976,960 pos (610 batches x 65,536)[0m  [36mtotal=54,968,320,000 pos[0m  [1;36mtrain_time=19560.6s[0m  [1;32mpos/s=2,810,154[0m
  cuda-cpp HalfKA2 validation forward = gpu: positions=300000, batch_size=8192, elapsed=0.594s
  test: accuracy=70.2980% (210894/300000 decisive; draws=0 excluded; mate=0 filtered), loss=0.075431 (n=300000)
  [2mcuda-cpp HalfKA2[0m [1;33mvalidation detail[0m: positions=300,000, batch_size=8,192, load/cache=0.000s, weight_fold=0.199s, context=0.000s, weight_upload=0.041s, batches=0.594s, metrics=0.005s, total=0.839s
  [2mcuda-cpp SFNN[0m [1;36m[progress][0m  [1;36mepoch 13[0m  [1;33msb 80/108[0m  [33mthis-sb=39,976,960 pos (610 batches x 65,536)[0m  [36mtotal=55,008,296,960 pos[0m  [1;36mtrain_time=19574.8s[0m  [1;32mpos/s=2,810,159[0m
  [2mcuda-cpp SFNN[0m [1;33mvalidation overhead[0m: [35mreadback=0.230s[0m  [33mvalidation=0.863s[0m  [2msave=skipped[0m  [1;32mtotal=1.093s[0m
  [2mcuda-cpp SFNN[0m [33mvalidation[0m: epoch=13, superbatch=80, [35mtest_value_accuracy=0.7029800[0m, [35mtest_value_loss=0.07543121[0m, [1;36melapsed=0.863s[0m
  [2mcuda-cpp SFNN[0m [1;36m[progress][0m  [1;36mepoch 13[0m  [1;33msb 81/108[0m  [33mthis-sb=39,976,960 pos (610 batches x 65,536)[0m  [36mtotal=55,048,273,920 pos[0m  [1;36mtrain_time=19589.0s[0m  [1;32mpos/s=2,810,162[0m
  [2mcuda-cpp SFNN[0m [1;36m[progress][0m  [1;36mepoch 13[0m  [1;33msb 82/108[0m  [33mthis-sb=39,976,960 pos (610 batches x 65,536)[0m  [36mtotal=55,088,250,880 pos[0m  [1;36mtrain_time=19603.2s[0m  [1;32mpos/s=2,810,170[0m
  [2mcuda-cpp SFNN[0m [1;36m[progress][0m  [1;36mepoch 13[0m  [1;33msb 83/108[0m  [33mthis-sb=39,976,960 pos (610 batches x 65,536)[0m  [36mtotal=55,128,227,840 pos[0m  [1;36mtrain_time=19617.4s[0m  [1;32mpos/s=2,810,177[0m
  cuda-cpp HalfKA2 validation forward = gpu: positions=300000, batch_size=8192, elapsed=0.592s
  test: accuracy=70.3073% (210922/300000 decisive; draws=0 excluded; mate=0 filtered), loss=0.075508 (n=300000)
  [2mcuda-cpp HalfKA2[0m [1;33mvalidation detail[0m: positions=300,000, batch_size=8,192, load/cache=0.000s, weight_fold=0.197s, context=0.000s, weight_upload=0.041s, batches=0.592s, metrics=0.005s, total=0.835s
  [2mcuda-cpp SFNN[0m [1;36m[progress][0m  [1;36mepoch 13[0m  [1;33msb 84/108[0m  [33mthis-sb=39,976,960 pos (610 batches x 65,536)[0m  [36mtotal=55,168,204,800 pos[0m  [1;36mtrain_time=19631.5s[0m  [1;32mpos/s=2,810,184[0m
  [2mcuda-cpp SFNN[0m [1;33mvalidation overhead[0m: [35mreadback=0.236s[0m  [33mvalidation=0.865s[0m  [2msave=skipped[0m  [1;32mtotal=1.101s[0m
  [2mcuda-cpp SFNN[0m [33mvalidation[0m: epoch=13, superbatch=84, [35mtest_value_accuracy=0.7030733[0m, [35mtest_value_loss=0.07550820[0m, [1;36melapsed=0.865s[0m
  [2mcuda-cpp SFNN[0m [1;36m[progress][0m  [1;36mepoch 13[0m  [1;33msb 85/108[0m  [33mthis-sb=39,976,960 pos (610 batches x 65,536)[0m  [36mtotal=55,208,181,760 pos[0m  [1;36mtrain_time=19645.7s[0m  [1;32mpos/s=2,810,187[0m
  [2mcuda-cpp SFNN[0m [1;36m[progress][0m  [1;36mepoch 13[0m  [1;33msb 86/108[0m  [33mthis-sb=39,976,960 pos (610 batches x 65,536)[0m  [36mtotal=55,248,158,720 pos[0m  [1;36mtrain_time=19659.9s[0m  [1;32mpos/s=2,810,194[0m
  [2mcuda-cpp SFNN[0m [1;36m[progress][0m  [1;36mepoch 13[0m  [1;33msb 87/108[0m  [33mthis-sb=39,976,960 pos (610 batches x 65,536)[0m  [36mtotal=55,288,135,680 pos[0m  [1;36mtrain_time=19674.1s[0m  [1;32mpos/s=2,810,202[0m
  cuda-cpp HalfKA2 validation forward = gpu: positions=300000, batch_size=8192, elapsed=0.594s
  test: accuracy=70.2877% (210863/300000 decisive; draws=0 excluded; mate=0 filtered), loss=0.075302 (n=300000)
  [2mcuda-cpp HalfKA2[0m [1;33mvalidation detail[0m: positions=300,000, batch_size=8,192, load/cache=0.000s, weight_fold=0.197s, context=0.000s, weight_upload=0.043s, batches=0.594s, metrics=0.005s, total=0.839s
  [2mcuda-cpp SFNN[0m [1;36m[progress][0m  [1;36mepoch 13[0m  [1;33msb 88/108[0m  [33mthis-sb=39,976,960 pos (610 batches x 65,536)[0m  [36mtotal=55,328,112,640 pos[0m  [1;36mtrain_time=19688.3s[0m  [1;32mpos/s=2,810,209[0m
  [2mcuda-cpp SFNN[0m [1;33mvalidation overhead[0m: [35mreadback=0.232s[0m  [33mvalidation=0.867s[0m  [2msave=skipped[0m  [1;32mtotal=1.099s[0m
  [2mcuda-cpp SFNN[0m [33mvalidation[0m: epoch=13, superbatch=88, [35mtest_value_accuracy=0.7028767[0m, [35mtest_value_loss=0.07530242[0m, [1;36melapsed=0.867s[0m
  [2mcuda-cpp SFNN[0m [1;36m[progress][0m  [1;36mepoch 13[0m  [1;33msb 89/108[0m  [33mthis-sb=39,976,960 pos (610 batches x 65,536)[0m  [36mtotal=55,368,089,600 pos[0m  [1;36mtrain_time=19702.5s[0m  [1;32mpos/s=2,810,213[0m
  [2mcuda-cpp SFNN[0m [1;36m[progress][0m  [1;36mepoch 13[0m  [1;33msb 90/108[0m  [33mthis-sb=39,976,960 pos (610 batches x 65,536)[0m  [36mtotal=55,408,066,560 pos[0m  [1;36mtrain_time=19716.6s[0m  [1;32mpos/s=2,810,220[0m
  [2mcuda-cpp SFNN[0m [1;36m[progress][0m  [1;36mepoch 13[0m  [1;33msb 91/108[0m  [33mthis-sb=39,976,960 pos (610 batches x 65,536)[0m  [36mtotal=55,448,043,520 pos[0m  [1;36mtrain_time=19730.8s[0m  [1;32mpos/s=2,810,226[0m
  cuda-cpp HalfKA2 validation forward = gpu: positions=300000, batch_size=8192, elapsed=0.593s
  test: accuracy=70.3020% (210906/300000 decisive; draws=0 excluded; mate=0 filtered), loss=0.075472 (n=300000)
  [2mcuda-cpp HalfKA2[0m [1;33mvalidation detail[0m: positions=300,000, batch_size=8,192, load/cache=0.000s, weight_fold=0.197s, context=0.000s, weight_upload=0.040s, batches=0.593s, metrics=0.005s, total=0.835s
  [2mcuda-cpp SFNN[0m [1;36m[progress][0m  [1;36mepoch 13[0m  [1;33msb 92/108[0m  [33mthis-sb=39,976,960 pos (610 batches x 65,536)[0m  [36mtotal=55,488,020,480 pos[0m  [1;36mtrain_time=19745.0s[0m  [1;32mpos/s=2,810,235[0m
  [2mcuda-cpp SFNN[0m [1;33mvalidation overhead[0m: [35mreadback=0.235s[0m  [33mvalidation=0.858s[0m  [2msave=skipped[0m  [1;32mtotal=1.092s[0m
  [2mcuda-cpp SFNN[0m [33mvalidation[0m: epoch=13, superbatch=92, [35mtest_value_accuracy=0.7030200[0m, [35mtest_value_loss=0.07547203[0m, [1;36melapsed=0.858s[0m
  [2mcuda-cpp SFNN[0m [1;36m[progress][0m  [1;36mepoch 13[0m  [1;33msb 93/108[0m  [33mthis-sb=39,976,960 pos (610 batches x 65,536)[0m  [36mtotal=55,527,997,440 pos[0m  [1;36mtrain_time=19759.2s[0m  [1;32mpos/s=2,810,240[0m
  [2mcuda-cpp SFNN[0m [1;36m[progress][0m  [1;36mepoch 13[0m  [1;33msb 94/108[0m  [33mthis-sb=39,976,960 pos (610 batches x 65,536)[0m  [36mtotal=55,567,974,400 pos[0m  [1;36mtrain_time=19773.3s[0m  [1;32mpos/s=2,810,250[0m
  [2mcuda-cpp SFNN[0m [1;36m[progress][0m  [1;36mepoch 13[0m  [1;33msb 95/108[0m  [33mthis-sb=39,976,960 pos (610 batches x 65,536)[0m  [36mtotal=55,607,951,360 pos[0m  [1;36mtrain_time=19787.5s[0m  [1;32mpos/s=2,810,258[0m
  cuda-cpp HalfKA2 validation forward = gpu: positions=300000, batch_size=8192, elapsed=0.593s
  test: accuracy=70.2680% (210804/300000 decisive; draws=0 excluded; mate=0 filtered), loss=0.075447 (n=300000)
  [2mcuda-cpp HalfKA2[0m [1;33mvalidation detail[0m: positions=300,000, batch_size=8,192, load/cache=0.000s, weight_fold=0.199s, context=0.000s, weight_upload=0.041s, batches=0.593s, metrics=0.005s, total=0.838s
  [2mcuda-cpp SFNN[0m [1;36m[progress][0m  [1;36mepoch 13[0m  [1;33msb 96/108[0m  [33mthis-sb=39,976,960 pos (610 batches x 65,536)[0m  [36mtotal=55,647,928,320 pos[0m  [1;36mtrain_time=19801.7s[0m  [1;32mpos/s=2,810,266[0m
  [2mcuda-cpp SFNN[0m [1;33mvalidation overhead[0m: [35mreadback=0.236s[0m  [33mvalidation=0.860s[0m  [2msave=skipped[0m  [1;32mtotal=1.096s[0m
  [2mcuda-cpp SFNN[0m [33mvalidation[0m: epoch=13, superbatch=96, [35mtest_value_accuracy=0.7026800[0m, [35mtest_value_loss=0.07544710[0m, [1;36melapsed=0.860s[0m
  [2mcuda-cpp SFNN[0m [1;36m[progress][0m  [1;36mepoch 13[0m  [1;33msb 97/108[0m  [33mthis-sb=39,976,960 pos (610 batches x 65,536)[0m  [36mtotal=55,687,905,280 pos[0m  [1;36mtrain_time=19815.9s[0m  [1;32mpos/s=2,810,269[0m
  [2mcuda-cpp SFNN[0m [1;36m[progress][0m  [1;36mepoch 13[0m  [1;33msb 98/108[0m  [33mthis-sb=39,976,960 pos (610 batches x 65,536)[0m  [36mtotal=55,727,882,240 pos[0m  [1;36mtrain_time=19830.0s[0m  [1;32mpos/s=2,810,277[0m
  [2mcuda-cpp SFNN[0m [1;36m[progress][0m  [1;36mepoch 13[0m  [1;33msb 99/108[0m  [33mthis-sb=39,976,960 pos (610 batches x 65,536)[0m  [36mtotal=55,767,859,200 pos[0m  [1;36mtrain_time=19844.2s[0m  [1;32mpos/s=2,810,282[0m
  cuda-cpp HalfKA2 validation forward = gpu: positions=300000, batch_size=8192, elapsed=0.598s
  test: accuracy=70.3023% (210907/300000 decisive; draws=0 excluded; mate=0 filtered), loss=0.075534 (n=300000)
  [2mcuda-cpp HalfKA2[0m [1;33mvalidation detail[0m: positions=300,000, batch_size=8,192, load/cache=0.000s, weight_fold=0.198s, context=0.000s, weight_upload=0.040s, batches=0.598s, metrics=0.005s, total=0.842s
  [2mcuda-cpp SFNN[0m [1;36m[progress][0m  [1;36mepoch 13[0m  [1;33msb 100/108[0m  [33mthis-sb=39,976,960 pos (610 batches x 65,536)[0m  [36mtotal=55,807,836,160 pos[0m  [1;36mtrain_time=19858.4s[0m  [1;32mpos/s=2,810,290[0m
  [2mcuda-cpp SFNN[0m [1;33mvalidation overhead[0m: [35mreadback=0.230s[0m  [33mvalidation=0.869s[0m  [2msave=skipped[0m  [1;32mtotal=1.098s[0m
  [2mcuda-cpp SFNN[0m [33mvalidation[0m: epoch=13, superbatch=100, [35mtest_value_accuracy=0.7030233[0m, [35mtest_value_loss=0.07553384[0m, [1;36melapsed=0.869s[0m
  [2mcuda-cpp SFNN[0m [1;36m[progress][0m  [1;36mepoch 13[0m  [1;33msb 101/108[0m  [33mthis-sb=39,976,960 pos (610 batches x 65,536)[0m  [36mtotal=55,847,813,120 pos[0m  [1;36mtrain_time=19872.6s[0m  [1;32mpos/s=2,810,294[0m
  [2mcuda-cpp SFNN[0m [1;36m[progress][0m  [1;36mepoch 13[0m  [1;33msb 102/108[0m  [33mthis-sb=39,976,960 pos (610 batches x 65,536)[0m  [36mtotal=55,887,790,080 pos[0m  [1;36mtrain_time=19886.8s[0m  [1;32mpos/s=2,810,302[0m
  [2mcuda-cpp SFNN[0m [1;36m[progress][0m  [1;36mepoch 13[0m  [1;33msb 103/108[0m  [33mthis-sb=39,976,960 pos (610 batches x 65,536)[0m  [36mtotal=55,927,767,040 pos[0m  [1;36mtrain_time=19900.9s[0m  [1;32mpos/s=2,810,310[0m
  cuda-cpp HalfKA2 validation forward = gpu: positions=300000, batch_size=8192, elapsed=0.592s
  test: accuracy=70.3090% (210927/300000 decisive; draws=0 excluded; mate=0 filtered), loss=0.075295 (n=300000)
  [2mcuda-cpp HalfKA2[0m [1;33mvalidation detail[0m: positions=300,000, batch_size=8,192, load/cache=0.000s, weight_fold=0.203s, context=0.000s, weight_upload=0.039s, batches=0.592s, metrics=0.005s, total=0.839s
  [2mcuda-cpp SFNN[0m [1;36m[progress][0m  [1;36mepoch 13[0m  [1;33msb 104/108[0m  [33mthis-sb=39,976,960 pos (610 batches x 65,536)[0m  [36mtotal=55,967,744,000 pos[0m  [1;36mtrain_time=19915.1s[0m  [1;32mpos/s=2,810,316[0m
  [2mcuda-cpp SFNN[0m [1;33mvalidation overhead[0m: [35mreadback=0.232s[0m  [33mvalidation=0.862s[0m  [2msave=skipped[0m  [1;32mtotal=1.094s[0m
  [2mcuda-cpp SFNN[0m [33mvalidation[0m: epoch=13, superbatch=104, [35mtest_value_accuracy=0.7030900[0m, [35mtest_value_loss=0.07529489[0m, [1;36melapsed=0.862s[0m
  [2mcuda-cpp SFNN[0m [1;36m[progress][0m  [1;36mepoch 13[0m  [1;33msb 105/108[0m  [33mthis-sb=39,976,960 pos (610 batches x 65,536)[0m  [36mtotal=56,007,720,960 pos[0m  [1;36mtrain_time=19929.3s[0m  [1;32mpos/s=2,810,319[0m
  [2mcuda-cpp SFNN[0m [1;36m[progress][0m  [1;36mepoch 13[0m  [1;33msb 106/108[0m  [33mthis-sb=39,976,960 pos (610 batches x 65,536)[0m  [36mtotal=56,047,697,920 pos[0m  [1;36mtrain_time=19943.5s[0m  [1;32mpos/s=2,810,325[0m
  [2mcuda-cpp SFNN[0m [1;36m[progress][0m  [1;36mepoch 13[0m  [1;33msb 107/108[0m  [33mthis-sb=39,976,960 pos (610 batches x 65,536)[0m  [36mtotal=56,087,674,880 pos[0m  [1;36mtrain_time=19957.7s[0m  [1;32mpos/s=2,810,331[0m
  cuda-cpp HalfKA2 validation forward = gpu: positions=300000, batch_size=8192, elapsed=0.593s
  test: accuracy=70.2857% (210857/300000 decisive; draws=0 excluded; mate=0 filtered), loss=0.075418 (n=300000)
  [2mcuda-cpp HalfKA2[0m [1;33mvalidation detail[0m: positions=300,000, batch_size=8,192, load/cache=0.000s, weight_fold=0.196s, context=0.000s, weight_upload=0.039s, batches=0.593s, metrics=0.005s, total=0.833s
  [2mcuda-cpp SFNN[0m [1;32m[checkpoint][0m  [1;36mepoch 13[0m  [1;33msb 108/108[0m  [33mthis-sb=39,976,960 pos (610 batches x 65,536)[0m  [36mtotal=56,127,651,840 pos[0m  [1;36mtrain_time=19971.9s[0m  [1;32mpos/s=2,810,336[0m
  [2mcuda-cpp SFNN[0m [1;33mcheckpoint overhead[0m: [35mreadback=0.910s[0m  [33mvalidation=0.855s[0m  [36msave=4.533s (state.bin 2.04 GiB, 461 MiB/s)[0m  [1;32mtotal=6.298s[0m
  [2mcuda-cpp SFNN[0m [33mvalidation[0m: epoch=13, superbatch=108, [35mtest_value_accuracy=0.7028567[0m, [35mtest_value_loss=0.07541795[0m, [1;36melapsed=0.855s[0m
  [2mcuda-cpp SFNN[0m [1;36m[progress][0m  [1;36mepoch 14[0m  [1;33msb 1/108[0m  [33mthis-sb=39,976,960 pos (610 batches x 65,536)[0m  [36mtotal=56,167,628,800 pos[0m  [1;36mtrain_time=19986.1s[0m  [1;32mpos/s=2,810,335[0m
  [2mcuda-cpp SFNN[0m [1;36m[progress][0m  [1;36mepoch 14[0m  [1;33msb 2/108[0m  [33mthis-sb=39,976,960 pos (610 batches x 65,536)[0m  [36mtotal=56,207,605,760 pos[0m  [1;36mtrain_time=20000.2s[0m  [1;32mpos/s=2,810,346[0m
  [2mcuda-cpp SFNN[0m [1;36m[progress][0m  [1;36mepoch 14[0m  [1;33msb 3/108[0m  [33mthis-sb=39,976,960 pos (610 batches x 65,536)[0m  [36mtotal=56,247,582,720 pos[0m  [1;36mtrain_time=20014.4s[0m  [1;32mpos/s=2,810,355[0m
  cuda-cpp HalfKA2 validation forward = gpu: positions=300000, batch_size=8192, elapsed=0.594s
  test: accuracy=69.8870% (209661/300000 decisive; draws=0 excluded; mate=0 filtered), loss=0.076018 (n=300000)
  [2mcuda-cpp HalfKA2[0m [1;33mvalidation detail[0m: positions=300,000, batch_size=8,192, load/cache=0.000s, weight_fold=0.197s, context=0.000s, weight_upload=0.040s, batches=0.594s, metrics=0.005s, total=0.835s
  [2mcuda-cpp SFNN[0m [1;36m[progress][0m  [1;36mepoch 14[0m  [1;33msb 4/108[0m  [33mthis-sb=39,976,960 pos (610 batches x 65,536)[0m  [36mtotal=56,287,559,680 pos[0m  [1;36mtrain_time=20028.6s[0m  [1;32mpos/s=2,810,363[0m
  [2mcuda-cpp SFNN[0m [1;33mvalidation overhead[0m: [35mreadback=0.229s[0m  [33mvalidation=0.858s[0m  [2msave=skipped[0m  [1;32mtotal=1.087s[0m
  [2mcuda-cpp SFNN[0m [33mvalidation[0m: epoch=14, superbatch=4, [35mtest_value_accuracy=0.6988700[0m, [35mtest_value_loss=0.07601842[0m, [1;36melapsed=0.858s[0m
  [2mcuda-cpp SFNN[0m [1;36m[progress][0m  [1;36mepoch 14[0m  [1;33msb 5/108[0m  [33mthis-sb=39,976,960 pos (610 batches x 65,536)[0m  [36mtotal=56,327,536,640 pos[0m  [1;36mtrain_time=20042.8s[0m  [1;32mpos/s=2,810,369[0m
  [2mcuda-cpp SFNN[0m [1;36m[progress][0m  [1;36mepoch 14[0m  [1;33msb 6/108[0m  [33mthis-sb=39,976,960 pos (610 batches x 65,536)[0m  [36mtotal=56,367,513,600 pos[0m  [1;36mtrain_time=20056.9s[0m  [1;32mpos/s=2,810,376[0m
  [2mcuda-cpp SFNN[0m [1;36m[progress][0m  [1;36mepoch 14[0m  [1;33msb 7/108[0m  [33mthis-sb=39,976,960 pos (610 batches x 65,536)[0m  [36mtotal=56,407,490,560 pos[0m  [1;36mtrain_time=20071.1s[0m  [1;32mpos/s=2,810,385[0m
  cuda-cpp HalfKA2 validation forward = gpu: positions=300000, batch_size=8192, elapsed=0.592s
  test: accuracy=69.9787% (209936/300000 decisive; draws=0 excluded; mate=0 filtered), loss=0.075599 (n=300000)
  [2mcuda-cpp HalfKA2[0m [1;33mvalidation detail[0m: positions=300,000, batch_size=8,192, load/cache=0.000s, weight_fold=0.199s, context=0.000s, weight_upload=0.041s, batches=0.592s, metrics=0.005s, total=0.837s
  [2mcuda-cpp SFNN[0m [1;36m[progress][0m  [1;36mepoch 14[0m  [1;33msb 8/108[0m  [33mthis-sb=39,976,960 pos (610 batches x 65,536)[0m  [36mtotal=56,447,467,520 pos[0m  [1;36mtrain_time=20085.3s[0m  [1;32mpos/s=2,810,391[0m
  [2mcuda-cpp SFNN[0m [1;33mvalidation overhead[0m: [35mreadback=0.227s[0m  [33mvalidation=0.860s[0m  [2msave=skipped[0m  [1;32mtotal=1.087s[0m
  [2mcuda-cpp SFNN[0m [33mvalidation[0m: epoch=14, superbatch=8, [35mtest_value_accuracy=0.6997867[0m, [35mtest_value_loss=0.07559893[0m, [1;36melapsed=0.860s[0m
  [2mcuda-cpp SFNN[0m [1;36m[progress][0m  [1;36mepoch 14[0m  [1;33msb 9/108[0m  [33mthis-sb=39,976,960 pos (610 batches x 65,536)[0m  [36mtotal=56,487,444,480 pos[0m  [1;36mtrain_time=20099.5s[0m  [1;32mpos/s=2,810,395[0m
  [2mcuda-cpp SFNN[0m [1;36m[progress][0m  [1;36mepoch 14[0m  [1;33msb 10/108[0m  [33mthis-sb=39,976,960 pos (610 batches x 65,536)[0m  [36mtotal=56,527,421,440 pos[0m  [1;36mtrain_time=20113.6s[0m  [1;32mpos/s=2,810,401[0m
  [2mcuda-cpp SFNN[0m [1;36m[progress][0m  [1;36mepoch 14[0m  [1;33msb 11/108[0m  [33mthis-sb=39,976,960 pos (610 batches x 65,536)[0m  [36mtotal=56,567,398,400 pos[0m  [1;36mtrain_time=20127.8s[0m  [1;32mpos/s=2,810,408[0m
  cuda-cpp HalfKA2 validation forward = gpu: positions=300000, batch_size=8192, elapsed=0.592s
  test: accuracy=69.9690% (209907/300000 decisive; draws=0 excluded; mate=0 filtered), loss=0.075911 (n=300000)
  [2mcuda-cpp HalfKA2[0m [1;33mvalidation detail[0m: positions=300,000, batch_size=8,192, load/cache=0.000s, weight_fold=0.197s, context=0.000s, weight_upload=0.038s, batches=0.592s, metrics=0.005s, total=0.832s
  [2mcuda-cpp SFNN[0m [1;36m[progress][0m  [1;36mepoch 14[0m  [1;33msb 12/108[0m  [33mthis-sb=39,976,960 pos (610 batches x 65,536)[0m  [36mtotal=56,607,375,360 pos[0m  [1;36mtrain_time=20142.0s[0m  [1;32mpos/s=2,810,415[0m
  [2mcuda-cpp SFNN[0m [1;33mvalidation overhead[0m: [35mreadback=0.235s[0m  [33mvalidation=0.854s[0m  [2msave=skipped[0m  [1;32mtotal=1.089s[0m
  [2mcuda-cpp SFNN[0m [33mvalidation[0m: epoch=14, superbatch=12, [35mtest_value_accuracy=0.6996900[0m, [35mtest_value_loss=0.07591099[0m, [1;36melapsed=0.854s[0m
  [2mcuda-cpp SFNN[0m [1;36m[progress][0m  [1;36mepoch 14[0m  [1;33msb 13/108[0m  [33mthis-sb=39,976,960 pos (610 batches x 65,536)[0m  [36mtotal=56,647,352,320 pos[0m  [1;36mtrain_time=20156.2s[0m  [1;32mpos/s=2,810,421[0m
  [2mcuda-cpp SFNN[0m [1;36m[progress][0m  [1;36mepoch 14[0m  [1;33msb 14/108[0m  [33mthis-sb=39,976,960 pos (610 batches x 65,536)[0m  [36mtotal=56,687,329,280 pos[0m  [1;36mtrain_time=20170.4s[0m  [1;32mpos/s=2,810,428[0m
  [2mcuda-cpp SFNN[0m [1;36m[progress][0m  [1;36mepoch 14[0m  [1;33msb 15/108[0m  [33mthis-sb=39,976,960 pos (610 batches x 65,536)[0m  [36mtotal=56,727,306,240 pos[0m  [1;36mtrain_time=20184.5s[0m  [1;32mpos/s=2,810,434[0m
  cuda-cpp HalfKA2 validation forward = gpu: positions=300000, batch_size=8192, elapsed=0.591s
  test: accuracy=70.0587% (210176/300000 decisive; draws=0 excluded; mate=0 filtered), loss=0.075591 (n=300000)
  [2mcuda-cpp HalfKA2[0m [1;33mvalidation detail[0m: positions=300,000, batch_size=8,192, load/cache=0.000s, weight_fold=0.198s, context=0.000s, weight_upload=0.039s, batches=0.591s, metrics=0.005s, total=0.833s
  [2mcuda-cpp SFNN[0m [1;36m[progress][0m  [1;36mepoch 14[0m  [1;33msb 16/108[0m  [33mthis-sb=39,976,960 pos (610 batches x 65,536)[0m  [36mtotal=56,767,283,200 pos[0m  [1;36mtrain_time=20198.7s[0m  [1;32mpos/s=2,810,439[0m
  [2mcuda-cpp SFNN[0m [1;33mvalidation overhead[0m: [35mreadback=0.230s[0m  [33mvalidation=0.856s[0m  [2msave=skipped[0m  [1;32mtotal=1.087s[0m
  [2mcuda-cpp SFNN[0m [33mvalidation[0m: epoch=14, superbatch=16, [35mtest_value_accuracy=0.7005867[0m, [35mtest_value_loss=0.07559051[0m, [1;36melapsed=0.856s[0m
  [2mcuda-cpp SFNN[0m [1;36m[progress][0m  [1;36mepoch 14[0m  [1;33msb 17/108[0m  [33mthis-sb=39,976,960 pos (610 batches x 65,536)[0m  [36mtotal=56,807,260,160 pos[0m  [1;36mtrain_time=20212.9s[0m  [1;32mpos/s=2,810,444[0m
  [2mcuda-cpp SFNN[0m [1;36m[progress][0m  [1;36mepoch 14[0m  [1;33msb 18/108[0m  [33mthis-sb=39,976,960 pos (610 batches x 65,536)[0m  [36mtotal=56,847,237,120 pos[0m  [1;36mtrain_time=20227.1s[0m  [1;32mpos/s=2,810,452[0m
  [2mcuda-cpp SFNN[0m [1;36m[progress][0m  [1;36mepoch 14[0m  [1;33msb 19/108[0m  [33mthis-sb=39,976,960 pos (610 batches x 65,536)[0m  [36mtotal=56,887,214,080 pos[0m  [1;36mtrain_time=20241.3s[0m  [1;32mpos/s=2,810,458[0m
  cuda-cpp HalfKA2 validation forward = gpu: positions=300000, batch_size=8192, elapsed=0.594s
  test: accuracy=70.0693% (210208/300000 decisive; draws=0 excluded; mate=0 filtered), loss=0.075828 (n=300000)
  [2mcuda-cpp HalfKA2[0m [1;33mvalidation detail[0m: positions=300,000, batch_size=8,192, load/cache=0.000s, weight_fold=0.198s, context=0.000s, weight_upload=0.040s, batches=0.594s, metrics=0.005s, total=0.836s
  [2mcuda-cpp SFNN[0m [1;36m[progress][0m  [1;36mepoch 14[0m  [1;33msb 20/108[0m  [33mthis-sb=39,976,960 pos (610 batches x 65,536)[0m  [36mtotal=56,927,191,040 pos[0m  [1;36mtrain_time=20255.4s[0m  [1;32mpos/s=2,810,465[0m
  [2mcuda-cpp SFNN[0m [1;33mvalidation overhead[0m: [35mreadback=0.230s[0m  [33mvalidation=0.859s[0m  [2msave=skipped[0m  [1;32mtotal=1.089s[0m
  [2mcuda-cpp SFNN[0m [33mvalidation[0m: epoch=14, superbatch=20, [35mtest_value_accuracy=0.7006933[0m, [35mtest_value_loss=0.07582753[0m, [1;36melapsed=0.859s[0m
  [2mcuda-cpp SFNN[0m [1;36m[progress][0m  [1;36mepoch 14[0m  [1;33msb 21/108[0m  [33mthis-sb=39,976,960 pos (610 batches x 65,536)[0m  [36mtotal=56,967,168,000 pos[0m  [1;36mtrain_time=20269.6s[0m  [1;32mpos/s=2,810,471[0m
  [2mcuda-cpp SFNN[0m [1;36m[progress][0m  [1;36mepoch 14[0m  [1;33msb 22/108[0m  [33mthis-sb=39,976,960 pos (610 batches x 65,536)[0m  [36mtotal=57,007,144,960 pos[0m  [1;36mtrain_time=20283.8s[0m  [1;32mpos/s=2,810,479[0m
  [2mcuda-cpp SFNN[0m [1;36m[progress][0m  [1;36mepoch 14[0m  [1;33msb 23/108[0m  [33mthis-sb=39,976,960 pos (610 batches x 65,536)[0m  [36mtotal=57,047,121,920 pos[0m  [1;36mtrain_time=20298.0s[0m  [1;32mpos/s=2,810,485[0m
  cuda-cpp HalfKA2 validation forward = gpu: positions=300000, batch_size=8192, elapsed=0.592s
  test: accuracy=70.1397% (210419/300000 decisive; draws=0 excluded; mate=0 filtered), loss=0.075769 (n=300000)
  [2mcuda-cpp HalfKA2[0m [1;33mvalidation detail[0m: positions=300,000, batch_size=8,192, load/cache=0.000s, weight_fold=0.198s, context=0.000s, weight_upload=0.041s, batches=0.592s, metrics=0.005s, total=0.836s
  [2mcuda-cpp SFNN[0m [1;36m[progress][0m  [1;36mepoch 14[0m  [1;33msb 24/108[0m  [33mthis-sb=39,976,960 pos (610 batches x 65,536)[0m  [36mtotal=57,087,098,880 pos[0m  [1;36mtrain_time=20312.1s[0m  [1;32mpos/s=2,810,494[0m
  [2mcuda-cpp SFNN[0m [1;33mvalidation overhead[0m: [35mreadback=0.232s[0m  [33mvalidation=0.859s[0m  [2msave=skipped[0m  [1;32mtotal=1.092s[0m
  [2mcuda-cpp SFNN[0m [33mvalidation[0m: epoch=14, superbatch=24, [35mtest_value_accuracy=0.7013966[0m, [35mtest_value_loss=0.07576928[0m, [1;36melapsed=0.859s[0m
  [2mcuda-cpp SFNN[0m [1;36m[progress][0m  [1;36mepoch 14[0m  [1;33msb 25/108[0m  [33mthis-sb=39,976,960 pos (610 batches x 65,536)[0m  [36mtotal=57,127,075,840 pos[0m  [1;36mtrain_time=20326.3s[0m  [1;32mpos/s=2,810,501[0m
  [2mcuda-cpp SFNN[0m [1;36m[progress][0m  [1;36mepoch 14[0m  [1;33msb 26/108[0m  [33mthis-sb=39,976,960 pos (610 batches x 65,536)[0m  [36mtotal=57,167,052,800 pos[0m  [1;36mtrain_time=20340.4s[0m  [1;32mpos/s=2,810,511[0m
  [2mcuda-cpp SFNN[0m [1;36m[progress][0m  [1;36mepoch 14[0m  [1;33msb 27/108[0m  [33mthis-sb=39,976,960 pos (610 batches x 65,536)[0m  [36mtotal=57,207,029,760 pos[0m  [1;36mtrain_time=20354.6s[0m  [1;32mpos/s=2,810,521[0m
  cuda-cpp HalfKA2 validation forward = gpu: positions=300000, batch_size=8192, elapsed=0.594s
  test: accuracy=70.0807% (210242/300000 decisive; draws=0 excluded; mate=0 filtered), loss=0.076037 (n=300000)
  [2mcuda-cpp HalfKA2[0m [1;33mvalidation detail[0m: positions=300,000, batch_size=8,192, load/cache=0.000s, weight_fold=0.197s, context=0.000s, weight_upload=0.043s, batches=0.594s, metrics=0.005s, total=0.839s
  [2mcuda-cpp SFNN[0m [1;36m[progress][0m  [1;36mepoch 14[0m  [1;33msb 28/108[0m  [33mthis-sb=39,976,960 pos (610 batches x 65,536)[0m  [36mtotal=57,247,006,720 pos[0m  [1;36mtrain_time=20368.8s[0m  [1;32mpos/s=2,810,527[0m
  [2mcuda-cpp SFNN[0m [1;33mvalidation overhead[0m: [35mreadback=0.233s[0m  [33mvalidation=0.863s[0m  [2msave=skipped[0m  [1;32mtotal=1.096s[0m
  [2mcuda-cpp SFNN[0m [33mvalidation[0m: epoch=14, superbatch=28, [35mtest_value_accuracy=0.7008067[0m, [35mtest_value_loss=0.07603715[0m, [1;36melapsed=0.863s[0m
  [2mcuda-cpp SFNN[0m [1;36m[progress][0m  [1;36mepoch 14[0m  [1;33msb 29/108[0m  [33mthis-sb=39,976,960 pos (610 batches x 65,536)[0m  [36mtotal=57,286,983,680 pos[0m  [1;36mtrain_time=20383.0s[0m  [1;32mpos/s=2,810,533[0m
  [2mcuda-cpp SFNN[0m [1;36m[progress][0m  [1;36mepoch 14[0m  [1;33msb 30/108[0m  [33mthis-sb=39,976,960 pos (610 batches x 65,536)[0m  [36mtotal=57,326,960,640 pos[0m  [1;36mtrain_time=20397.1s[0m  [1;32mpos/s=2,810,540[0m
  [2mcuda-cpp SFNN[0m [1;36m[progress][0m  [1;36mepoch 14[0m  [1;33msb 31/108[0m  [33mthis-sb=39,976,960 pos (610 batches x 65,536)[0m  [36mtotal=57,366,937,600 pos[0m  [1;36mtrain_time=20411.3s[0m  [1;32mpos/s=2,810,548[0m
  cuda-cpp HalfKA2 validation forward = gpu: positions=300000, batch_size=8192, elapsed=0.592s
  test: accuracy=70.1123% (210337/300000 decisive; draws=0 excluded; mate=0 filtered), loss=0.075400 (n=300000)
  [2mcuda-cpp HalfKA2[0m [1;33mvalidation detail[0m: positions=300,000, batch_size=8,192, load/cache=0.000s, weight_fold=0.198s, context=0.000s, weight_upload=0.040s, batches=0.592s, metrics=0.005s, total=0.835s
  [2mcuda-cpp SFNN[0m [1;36m[progress][0m  [1;36mepoch 14[0m  [1;33msb 32/108[0m  [33mthis-sb=39,976,960 pos (610 batches x 65,536)[0m  [36mtotal=57,406,914,560 pos[0m  [1;36mtrain_time=20425.5s[0m  [1;32mpos/s=2,810,554[0m
  [2mcuda-cpp SFNN[0m [1;33mvalidation overhead[0m: [35mreadback=0.236s[0m  [33mvalidation=0.858s[0m  [2msave=skipped[0m  [1;32mtotal=1.094s[0m
  [2mcuda-cpp SFNN[0m [33mvalidation[0m: epoch=14, superbatch=32, [35mtest_value_accuracy=0.7011234[0m, [35mtest_value_loss=0.07539981[0m, [1;36melapsed=0.858s[0m
  [2mcuda-cpp SFNN[0m [1;36m[progress][0m  [1;36mepoch 14[0m  [1;33msb 33/108[0m  [33mthis-sb=39,976,960 pos (610 batches x 65,536)[0m  [36mtotal=57,446,891,520 pos[0m  [1;36mtrain_time=20439.7s[0m  [1;32mpos/s=2,810,558[0m
  [2mcuda-cpp SFNN[0m [1;36m[progress][0m  [1;36mepoch 14[0m  [1;33msb 34/108[0m  [33mthis-sb=39,976,960 pos (610 batches x 65,536)[0m  [36mtotal=57,486,868,480 pos[0m  [1;36mtrain_time=20453.8s[0m  [1;32mpos/s=2,810,565[0m
  [2mcuda-cpp SFNN[0m [1;36m[progress][0m  [1;36mepoch 14[0m  [1;33msb 35/108[0m  [33mthis-sb=39,976,960 pos (610 batches x 65,536)[0m  [36mtotal=57,526,845,440 pos[0m  [1;36mtrain_time=20468.0s[0m  [1;32mpos/s=2,810,572[0m
  cuda-cpp HalfKA2 validation forward = gpu: positions=300000, batch_size=8192, elapsed=0.592s
  test: accuracy=70.1977% (210593/300000 decisive; draws=0 excluded; mate=0 filtered), loss=0.075566 (n=300000)
  [2mcuda-cpp HalfKA2[0m [1;33mvalidation detail[0m: positions=300,000, batch_size=8,192, load/cache=0.000s, weight_fold=0.198s, context=0.000s, weight_upload=0.039s, batches=0.592s, metrics=0.005s, total=0.834s
  [2mcuda-cpp SFNN[0m [1;36m[progress][0m  [1;36mepoch 14[0m  [1;33msb 36/108[0m  [33mthis-sb=39,976,960 pos (610 batches x 65,536)[0m  [36mtotal=57,566,822,400 pos[0m  [1;36mtrain_time=20482.2s[0m  [1;32mpos/s=2,810,576[0m
  [2mcuda-cpp SFNN[0m [1;33mvalidation overhead[0m: [35mreadback=0.229s[0m  [33mvalidation=0.857s[0m  [2msave=skipped[0m  [1;32mtotal=1.086s[0m
  [2mcuda-cpp SFNN[0m [33mvalidation[0m: epoch=14, superbatch=36, [35mtest_value_accuracy=0.7019767[0m, [35mtest_value_loss=0.07556573[0m, [1;36melapsed=0.857s[0m
  [2mcuda-cpp SFNN[0m [1;36m[progress][0m  [1;36mepoch 14[0m  [1;33msb 37/108[0m  [33mthis-sb=39,976,960 pos (610 batches x 65,536)[0m  [36mtotal=57,606,799,360 pos[0m  [1;36mtrain_time=20496.4s[0m  [1;32mpos/s=2,810,578[0m
  [2mcuda-cpp SFNN[0m [1;36m[progress][0m  [1;36mepoch 14[0m  [1;33msb 38/108[0m  [33mthis-sb=39,976,960 pos (610 batches x 65,536)[0m  [36mtotal=57,646,776,320 pos[0m  [1;36mtrain_time=20510.6s[0m  [1;32mpos/s=2,810,583[0m
  [2mcuda-cpp SFNN[0m [1;36m[progress][0m  [1;36mepoch 14[0m  [1;33msb 39/108[0m  [33mthis-sb=39,976,960 pos (610 batches x 65,536)[0m  [36mtotal=57,686,753,280 pos[0m  [1;36mtrain_time=20524.8s[0m  [1;32mpos/s=2,810,588[0m
  cuda-cpp HalfKA2 validation forward = gpu: positions=300000, batch_size=8192, elapsed=0.593s
  test: accuracy=70.1603% (210481/300000 decisive; draws=0 excluded; mate=0 filtered), loss=0.075579 (n=300000)
  [2mcuda-cpp HalfKA2[0m [1;33mvalidation detail[0m: positions=300,000, batch_size=8,192, load/cache=0.000s, weight_fold=0.198s, context=0.000s, weight_upload=0.040s, batches=0.593s, metrics=0.005s, total=0.837s
  [2mcuda-cpp SFNN[0m [1;36m[progress][0m  [1;36mepoch 14[0m  [1;33msb 40/108[0m  [33mthis-sb=39,976,960 pos (610 batches x 65,536)[0m  [36mtotal=57,726,730,240 pos[0m  [1;36mtrain_time=20539.0s[0m  [1;32mpos/s=2,810,595[0m
  [2mcuda-cpp SFNN[0m [1;33mvalidation overhead[0m: [35mreadback=0.231s[0m  [33mvalidation=0.860s[0m  [2msave=skipped[0m  [1;32mtotal=1.091s[0m
  [2mcuda-cpp SFNN[0m [33mvalidation[0m: epoch=14, superbatch=40, [35mtest_value_accuracy=0.7016034[0m, [35mtest_value_loss=0.07557869[0m, [1;36melapsed=0.860s[0m
  [2mcuda-cpp SFNN[0m [1;36m[progress][0m  [1;36mepoch 14[0m  [1;33msb 41/108[0m  [33mthis-sb=39,976,960 pos (610 batches x 65,536)[0m  [36mtotal=57,766,707,200 pos[0m  [1;36mtrain_time=20553.2s[0m  [1;32mpos/s=2,810,597[0m
  [2mcuda-cpp SFNN[0m [1;36m[progress][0m  [1;36mepoch 14[0m  [1;33msb 42/108[0m  [33mthis-sb=39,976,960 pos (610 batches x 65,536)[0m  [36mtotal=57,806,684,160 pos[0m  [1;36mtrain_time=20567.4s[0m  [1;32mpos/s=2,810,603[0m
  [2mcuda-cpp SFNN[0m [1;36m[progress][0m  [1;36mepoch 14[0m  [1;33msb 43/108[0m  [33mthis-sb=39,976,960 pos (610 batches x 65,536)[0m  [36mtotal=57,846,661,120 pos[0m  [1;36mtrain_time=20581.5s[0m  [1;32mpos/s=2,810,608[0m
  cuda-cpp HalfKA2 validation forward = gpu: positions=300000, batch_size=8192, elapsed=0.595s
  test: accuracy=70.1963% (210589/300000 decisive; draws=0 excluded; mate=0 filtered), loss=0.075709 (n=300000)
  [2mcuda-cpp HalfKA2[0m [1;33mvalidation detail[0m: positions=300,000, batch_size=8,192, load/cache=0.000s, weight_fold=0.196s, context=0.000s, weight_upload=0.041s, batches=0.595s, metrics=0.005s, total=0.837s
  [2mcuda-cpp SFNN[0m [1;36m[progress][0m  [1;36mepoch 14[0m  [1;33msb 44/108[0m  [33mthis-sb=39,976,960 pos (610 batches x 65,536)[0m  [36mtotal=57,886,638,080 pos[0m  [1;36mtrain_time=20595.7s[0m  [1;32mpos/s=2,810,613[0m
  [2mcuda-cpp SFNN[0m [1;33mvalidation overhead[0m: [35mreadback=0.229s[0m  [33mvalidation=0.860s[0m  [2msave=skipped[0m  [1;32mtotal=1.089s[0m
  [2mcuda-cpp SFNN[0m [33mvalidation[0m: epoch=14, superbatch=44, [35mtest_value_accuracy=0.7019633[0m, [35mtest_value_loss=0.07570923[0m, [1;36melapsed=0.860s[0m
  [2mcuda-cpp SFNN[0m [1;36m[progress][0m  [1;36mepoch 14[0m  [1;33msb 45/108[0m  [33mthis-sb=39,976,960 pos (610 batches x 65,536)[0m  [36mtotal=57,926,615,040 pos[0m  [1;36mtrain_time=20609.9s[0m  [1;32mpos/s=2,810,619[0m
  [2mcuda-cpp SFNN[0m [1;36m[progress][0m  [1;36mepoch 14[0m  [1;33msb 46/108[0m  [33mthis-sb=39,976,960 pos (610 batches x 65,536)[0m  [36mtotal=57,966,592,000 pos[0m  [1;36mtrain_time=20624.1s[0m  [1;32mpos/s=2,810,626[0m
  [2mcuda-cpp SFNN[0m [1;36m[progress][0m  [1;36mepoch 14[0m  [1;33msb 47/108[0m  [33mthis-sb=39,976,960 pos (610 batches x 65,536)[0m  [36mtotal=58,006,568,960 pos[0m  [1;36mtrain_time=20638.3s[0m  [1;32mpos/s=2,810,630[0m
  cuda-cpp HalfKA2 validation forward = gpu: positions=300000, batch_size=8192, elapsed=0.595s
  test: accuracy=70.2187% (210656/300000 decisive; draws=0 excluded; mate=0 filtered), loss=0.075748 (n=300000)
  [2mcuda-cpp HalfKA2[0m [1;33mvalidation detail[0m: positions=300,000, batch_size=8,192, load/cache=0.000s, weight_fold=0.199s, context=0.001s, weight_upload=0.041s, batches=0.595s, metrics=0.005s, total=0.840s
  [2mcuda-cpp SFNN[0m [1;36m[progress][0m  [1;36mepoch 14[0m  [1;33msb 48/108[0m  [33mthis-sb=39,976,960 pos (610 batches x 65,536)[0m  [36mtotal=58,046,545,920 pos[0m  [1;36mtrain_time=20652.5s[0m  [1;32mpos/s=2,810,635[0m
  [2mcuda-cpp SFNN[0m [1;33mvalidation overhead[0m: [35mreadback=0.229s[0m  [33mvalidation=0.863s[0m  [2msave=skipped[0m  [1;32mtotal=1.092s[0m
  [2mcuda-cpp SFNN[0m [33mvalidation[0m: epoch=14, superbatch=48, [35mtest_value_accuracy=0.7021866[0m, [35mtest_value_loss=0.07574762[0m, [1;36melapsed=0.863s[0m
  [2mcuda-cpp SFNN[0m [1;36m[progress][0m  [1;36mepoch 14[0m  [1;33msb 49/108[0m  [33mthis-sb=39,976,960 pos (610 batches x 65,536)[0m  [36mtotal=58,086,522,880 pos[0m  [1;36mtrain_time=20666.7s[0m  [1;32mpos/s=2,810,639[0m
  [2mcuda-cpp SFNN[0m [1;36m[progress][0m  [1;36mepoch 14[0m  [1;33msb 50/108[0m  [33mthis-sb=39,976,960 pos (610 batches x 65,536)[0m  [36mtotal=58,126,499,840 pos[0m  [1;36mtrain_time=20680.8s[0m  [1;32mpos/s=2,810,647[0m
  [2mcuda-cpp SFNN[0m [1;36m[progress][0m  [1;36mepoch 14[0m  [1;33msb 51/108[0m  [33mthis-sb=39,976,960 pos (610 batches x 65,536)[0m  [36mtotal=58,166,476,800 pos[0m  [1;36mtrain_time=20695.0s[0m  [1;32mpos/s=2,810,653[0m
  cuda-cpp HalfKA2 validation forward = gpu: positions=300000, batch_size=8192, elapsed=0.590s
  test: accuracy=70.1973% (210592/300000 decisive; draws=0 excluded; mate=0 filtered), loss=0.075568 (n=300000)
  [2mcuda-cpp HalfKA2[0m [1;33mvalidation detail[0m: positions=300,000, batch_size=8,192, load/cache=0.000s, weight_fold=0.195s, context=0.000s, weight_upload=0.039s, batches=0.590s, metrics=0.005s, total=0.830s
  [2mcuda-cpp SFNN[0m [1;36m[progress][0m  [1;36mepoch 14[0m  [1;33msb 52/108[0m  [33mthis-sb=39,976,960 pos (610 batches x 65,536)[0m  [36mtotal=58,206,453,760 pos[0m  [1;36mtrain_time=20709.2s[0m  [1;32mpos/s=2,810,657[0m
  [2mcuda-cpp SFNN[0m [1;33mvalidation overhead[0m: [35mreadback=0.228s[0m  [33mvalidation=0.856s[0m  [2msave=skipped[0m  [1;32mtotal=1.084s[0m
  [2mcuda-cpp SFNN[0m [33mvalidation[0m: epoch=14, superbatch=52, [35mtest_value_accuracy=0.7019733[0m, [35mtest_value_loss=0.07556791[0m, [1;36melapsed=0.856s[0m
  [2mcuda-cpp SFNN[0m [1;36m[progress][0m  [1;36mepoch 14[0m  [1;33msb 53/108[0m  [33mthis-sb=39,976,960 pos (610 batches x 65,536)[0m  [36mtotal=58,246,430,720 pos[0m  [1;36mtrain_time=20723.4s[0m  [1;32mpos/s=2,810,659[0m
  [2mcuda-cpp SFNN[0m [1;36m[progress][0m  [1;36mepoch 14[0m  [1;33msb 54/108[0m  [33mthis-sb=39,976,960 pos (610 batches x 65,536)[0m  [36mtotal=58,286,407,680 pos[0m  [1;36mtrain_time=20737.6s[0m  [1;32mpos/s=2,810,665[0m
  [2mcuda-cpp SFNN[0m [1;36m[progress][0m  [1;36mepoch 14[0m  [1;33msb 55/108[0m  [33mthis-sb=39,976,960 pos (610 batches x 65,536)[0m  [36mtotal=58,326,384,640 pos[0m  [1;36mtrain_time=20751.8s[0m  [1;32mpos/s=2,810,668[0m
  cuda-cpp HalfKA2 validation forward = gpu: positions=300000, batch_size=8192, elapsed=0.591s
  test: accuracy=70.2010% (210603/300000 decisive; draws=0 excluded; mate=0 filtered), loss=0.075322 (n=300000)
  [2mcuda-cpp HalfKA2[0m [1;33mvalidation detail[0m: positions=300,000, batch_size=8,192, load/cache=0.000s, weight_fold=0.193s, context=0.000s, weight_upload=0.041s, batches=0.591s, metrics=0.005s, total=0.830s
  [2mcuda-cpp SFNN[0m [1;36m[progress][0m  [1;36mepoch 14[0m  [1;33msb 56/108[0m  [33mthis-sb=39,976,960 pos (610 batches x 65,536)[0m  [36mtotal=58,366,361,600 pos[0m  [1;36mtrain_time=20766.0s[0m  [1;32mpos/s=2,810,670[0m
  [2mcuda-cpp SFNN[0m [1;33mvalidation overhead[0m: [35mreadback=0.225s[0m  [33mvalidation=0.851s[0m  [2msave=skipped[0m  [1;32mtotal=1.076s[0m
  [2mcuda-cpp SFNN[0m [33mvalidation[0m: epoch=14, superbatch=56, [35mtest_value_accuracy=0.7020100[0m, [35mtest_value_loss=0.07532227[0m, [1;36melapsed=0.851s[0m
  [2mcuda-cpp SFNN[0m [1;36m[progress][0m  [1;36mepoch 14[0m  [1;33msb 57/108[0m  [33mthis-sb=39,976,960 pos (610 batches x 65,536)[0m  [36mtotal=58,406,338,560 pos[0m  [1;36mtrain_time=20780.2s[0m  [1;32mpos/s=2,810,669[0m
  [2mcuda-cpp SFNN[0m [1;36m[progress][0m  [1;36mepoch 14[0m  [1;33msb 58/108[0m  [33mthis-sb=39,976,960 pos (610 batches x 65,536)[0m  [36mtotal=58,446,315,520 pos[0m  [1;36mtrain_time=20794.4s[0m  [1;32mpos/s=2,810,673[0m
  [2mcuda-cpp SFNN[0m [1;36m[progress][0m  [1;36mepoch 14[0m  [1;33msb 59/108[0m  [33mthis-sb=39,976,960 pos (610 batches x 65,536)[0m  [36mtotal=58,486,292,480 pos[0m  [1;36mtrain_time=20808.6s[0m  [1;32mpos/s=2,810,677[0m
  cuda-cpp HalfKA2 validation forward = gpu: positions=300000, batch_size=8192, elapsed=0.595s
  test: accuracy=70.2420% (210726/300000 decisive; draws=0 excluded; mate=0 filtered), loss=0.075580 (n=300000)
  [2mcuda-cpp HalfKA2[0m [1;33mvalidation detail[0m: positions=300,000, batch_size=8,192, load/cache=0.000s, weight_fold=0.194s, context=0.000s, weight_upload=0.040s, batches=0.595s, metrics=0.005s, total=0.834s
  [2mcuda-cpp SFNN[0m [1;36m[progress][0m  [1;36mepoch 14[0m  [1;33msb 60/108[0m  [33mthis-sb=39,976,960 pos (610 batches x 65,536)[0m  [36mtotal=58,526,269,440 pos[0m  [1;36mtrain_time=20822.8s[0m  [1;32mpos/s=2,810,679[0m
  [2mcuda-cpp SFNN[0m [1;33mvalidation overhead[0m: [35mreadback=0.224s[0m  [33mvalidation=0.858s[0m  [2msave=skipped[0m  [1;32mtotal=1.082s[0m
  [2mcuda-cpp SFNN[0m [33mvalidation[0m: epoch=14, superbatch=60, [35mtest_value_accuracy=0.7024200[0m, [35mtest_value_loss=0.07558020[0m, [1;36melapsed=0.858s[0m
  [2mcuda-cpp SFNN[0m [1;36m[progress][0m  [1;36mepoch 14[0m  [1;33msb 61/108[0m  [33mthis-sb=39,976,960 pos (610 batches x 65,536)[0m  [36mtotal=58,566,246,400 pos[0m  [1;36mtrain_time=20837.0s[0m  [1;32mpos/s=2,810,682[0m
  [2mcuda-cpp SFNN[0m [1;36m[progress][0m  [1;36mepoch 14[0m  [1;33msb 62/108[0m  [33mthis-sb=39,976,960 pos (610 batches x 65,536)[0m  [36mtotal=58,606,223,360 pos[0m  [1;36mtrain_time=20851.2s[0m  [1;32mpos/s=2,810,687[0m
  [2mcuda-cpp SFNN[0m [1;36m[progress][0m  [1;36mepoch 14[0m  [1;33msb 63/108[0m  [33mthis-sb=39,976,960 pos (610 batches x 65,536)[0m  [36mtotal=58,646,200,320 pos[0m  [1;36mtrain_time=20865.4s[0m  [1;32mpos/s=2,810,692[0m
  cuda-cpp HalfKA2 validation forward = gpu: positions=300000, batch_size=8192, elapsed=0.590s
  test: accuracy=70.2337% (210701/300000 decisive; draws=0 excluded; mate=0 filtered), loss=0.075567 (n=300000)
  [2mcuda-cpp HalfKA2[0m [1;33mvalidation detail[0m: positions=300,000, batch_size=8,192, load/cache=0.000s, weight_fold=0.240s, context=0.001s, weight_upload=0.041s, batches=0.590s, metrics=0.005s, total=0.876s
  [2mcuda-cpp SFNN[0m [1;36m[progress][0m  [1;36mepoch 14[0m  [1;33msb 64/108[0m  [33mthis-sb=39,976,960 pos (610 batches x 65,536)[0m  [36mtotal=58,686,177,280 pos[0m  [1;36mtrain_time=20879.6s[0m  [1;32mpos/s=2,810,694[0m
  [2mcuda-cpp SFNN[0m [1;33mvalidation overhead[0m: [35mreadback=0.223s[0m  [33mvalidation=0.908s[0m  [2msave=skipped[0m  [1;32mtotal=1.131s[0m
  [2mcuda-cpp SFNN[0m [33mvalidation[0m: epoch=14, superbatch=64, [35mtest_value_accuracy=0.7023367[0m, [35mtest_value_loss=0.07556675[0m, [1;36melapsed=0.908s[0m
  [2mcuda-cpp SFNN[0m [1;36m[progress][0m  [1;36mepoch 14[0m  [1;33msb 65/108[0m  [33mthis-sb=39,976,960 pos (610 batches x 65,536)[0m  [36mtotal=58,726,154,240 pos[0m  [1;36mtrain_time=20893.8s[0m  [1;32mpos/s=2,810,697[0m
  [2mcuda-cpp SFNN[0m [1;36m[progress][0m  [1;36mepoch 14[0m  [1;33msb 66/108[0m  [33mthis-sb=39,976,960 pos (610 batches x 65,536)[0m  [36mtotal=58,766,131,200 pos[0m  [1;36mtrain_time=20908.0s[0m  [1;32mpos/s=2,810,703[0m
  [2mcuda-cpp SFNN[0m [1;36m[progress][0m  [1;36mepoch 14[0m  [1;33msb 67/108[0m  [33mthis-sb=39,976,960 pos (610 batches x 65,536)[0m  [36mtotal=58,806,108,160 pos[0m  [1;36mtrain_time=20922.2s[0m  [1;32mpos/s=2,810,709[0m
  cuda-cpp HalfKA2 validation forward = gpu: positions=300000, batch_size=8192, elapsed=0.593s
  test: accuracy=70.2527% (210758/300000 decisive; draws=0 excluded; mate=0 filtered), loss=0.075467 (n=300000)
  [2mcuda-cpp HalfKA2[0m [1;33mvalidation detail[0m: positions=300,000, batch_size=8,192, load/cache=0.000s, weight_fold=0.191s, context=0.000s, weight_upload=0.041s, batches=0.593s, metrics=0.005s, total=0.830s
  [2mcuda-cpp SFNN[0m [1;36m[progress][0m  [1;36mepoch 14[0m  [1;33msb 68/108[0m  [33mthis-sb=39,976,960 pos (610 batches x 65,536)[0m  [36mtotal=58,846,085,120 pos[0m  [1;36mtrain_time=20936.4s[0m  [1;32mpos/s=2,810,713[0m
  [2mcuda-cpp SFNN[0m [1;33mvalidation overhead[0m: [35mreadback=0.228s[0m  [33mvalidation=0.851s[0m  [2msave=skipped[0m  [1;32mtotal=1.078s[0m
  [2mcuda-cpp SFNN[0m [33mvalidation[0m: epoch=14, superbatch=68, [35mtest_value_accuracy=0.7025267[0m, [35mtest_value_loss=0.07546702[0m, [1;36melapsed=0.851s[0m
  [2mcuda-cpp SFNN[0m [1;36m[progress][0m  [1;36mepoch 14[0m  [1;33msb 69/108[0m  [33mthis-sb=39,976,960 pos (610 batches x 65,536)[0m  [36mtotal=58,886,062,080 pos[0m  [1;36mtrain_time=20950.6s[0m  [1;32mpos/s=2,810,717[0m
  [2mcuda-cpp SFNN[0m [1;36m[progress][0m  [1;36mepoch 14[0m  [1;33msb 70/108[0m  [33mthis-sb=39,976,960 pos (610 batches x 65,536)[0m  [36mtotal=58,926,039,040 pos[0m  [1;36mtrain_time=20964.7s[0m  [1;32mpos/s=2,810,722[0m
  [2mcuda-cpp SFNN[0m [1;36m[progress][0m  [1;36mepoch 14[0m  [1;33msb 71/108[0m  [33mthis-sb=39,976,960 pos (610 batches x 65,536)[0m  [36mtotal=58,966,016,000 pos[0m  [1;36mtrain_time=20978.9s[0m  [1;32mpos/s=2,810,729[0m
  cuda-cpp HalfKA2 validation forward = gpu: positions=300000, batch_size=8192, elapsed=0.590s
  test: accuracy=70.2573% (210772/300000 decisive; draws=0 excluded; mate=0 filtered), loss=0.075618 (n=300000)
  [2mcuda-cpp HalfKA2[0m [1;33mvalidation detail[0m: positions=300,000, batch_size=8,192, load/cache=0.000s, weight_fold=0.190s, context=0.001s, weight_upload=0.040s, batches=0.590s, metrics=0.005s, total=0.825s
  [2mcuda-cpp SFNN[0m [1;36m[progress][0m  [1;36mepoch 14[0m  [1;33msb 72/108[0m  [33mthis-sb=39,976,960 pos (610 batches x 65,536)[0m  [36mtotal=59,005,992,960 pos[0m  [1;36mtrain_time=20993.1s[0m  [1;32mpos/s=2,810,734[0m
  [2mcuda-cpp SFNN[0m [1;33mvalidation overhead[0m: [35mreadback=0.228s[0m  [33mvalidation=0.846s[0m  [2msave=skipped[0m  [1;32mtotal=1.074s[0m
  [2mcuda-cpp SFNN[0m [33mvalidation[0m: epoch=14, superbatch=72, [35mtest_value_accuracy=0.7025734[0m, [35mtest_value_loss=0.07561793[0m, [1;36melapsed=0.846s[0m
  [2mcuda-cpp SFNN[0m [1;36m[progress][0m  [1;36mepoch 14[0m  [1;33msb 73/108[0m  [33mthis-sb=39,976,960 pos (610 batches x 65,536)[0m  [36mtotal=59,045,969,920 pos[0m  [1;36mtrain_time=21007.3s[0m  [1;32mpos/s=2,810,737[0m
  [2mcuda-cpp SFNN[0m [1;36m[progress][0m  [1;36mepoch 14[0m  [1;33msb 74/108[0m  [33mthis-sb=39,976,960 pos (610 batches x 65,536)[0m  [36mtotal=59,085,946,880 pos[0m  [1;36mtrain_time=21021.5s[0m  [1;32mpos/s=2,810,742[0m
  [2mcuda-cpp SFNN[0m [1;36m[progress][0m  [1;36mepoch 14[0m  [1;33msb 75/108[0m  [33mthis-sb=39,976,960 pos (610 batches x 65,536)[0m  [36mtotal=59,125,923,840 pos[0m  [1;36mtrain_time=21035.7s[0m  [1;32mpos/s=2,810,747[0m
  cuda-cpp HalfKA2 validation forward = gpu: positions=300000, batch_size=8192, elapsed=0.593s
  test: accuracy=70.2670% (210801/300000 decisive; draws=0 excluded; mate=0 filtered), loss=0.075418 (n=300000)
  [2mcuda-cpp HalfKA2[0m [1;33mvalidation detail[0m: positions=300,000, batch_size=8,192, load/cache=0.000s, weight_fold=0.189s, context=0.000s, weight_upload=0.038s, batches=0.593s, metrics=0.005s, total=0.825s
  [2mcuda-cpp SFNN[0m [1;36m[progress][0m  [1;36mepoch 14[0m  [1;33msb 76/108[0m  [33mthis-sb=39,976,960 pos (610 batches x 65,536)[0m  [36mtotal=59,165,900,800 pos[0m  [1;36mtrain_time=21049.9s[0m  [1;32mpos/s=2,810,751[0m
  [2mcuda-cpp SFNN[0m [1;33mvalidation overhead[0m: [35mreadback=0.224s[0m  [33mvalidation=0.845s[0m  [2msave=skipped[0m  [1;32mtotal=1.069s[0m
  [2mcuda-cpp SFNN[0m [33mvalidation[0m: epoch=14, superbatch=76, [35mtest_value_accuracy=0.7026700[0m, [35mtest_value_loss=0.07541827[0m, [1;36melapsed=0.845s[0m
  [2mcuda-cpp SFNN[0m [1;36m[progress][0m  [1;36mepoch 14[0m  [1;33msb 77/108[0m  [33mthis-sb=39,976,960 pos (610 batches x 65,536)[0m  [36mtotal=59,205,877,760 pos[0m  [1;36mtrain_time=21064.1s[0m  [1;32mpos/s=2,810,753[0m
  [2mcuda-cpp SFNN[0m [1;36m[progress][0m  [1;36mepoch 14[0m  [1;33msb 78/108[0m  [33mthis-sb=39,976,960 pos (610 batches x 65,536)[0m  [36mtotal=59,245,854,720 pos[0m  [1;36mtrain_time=21078.3s[0m  [1;32mpos/s=2,810,754[0m
  [2mcuda-cpp SFNN[0m [1;36m[progress][0m  [1;36mepoch 14[0m  [1;33msb 79/108[0m  [33mthis-sb=39,976,960 pos (610 batches x 65,536)[0m  [36mtotal=59,285,831,680 pos[0m  [1;36mtrain_time=21092.5s[0m  [1;32mpos/s=2,810,755[0m
  cuda-cpp HalfKA2 validation forward = gpu: positions=300000, batch_size=8192, elapsed=0.593s
  test: accuracy=70.2763% (210829/300000 decisive; draws=0 excluded; mate=0 filtered), loss=0.075284 (n=300000)
  [2mcuda-cpp HalfKA2[0m [1;33mvalidation detail[0m: positions=300,000, batch_size=8,192, load/cache=0.000s, weight_fold=0.192s, context=0.000s, weight_upload=0.040s, batches=0.593s, metrics=0.005s, total=0.831s
  [2mcuda-cpp SFNN[0m [1;36m[progress][0m  [1;36mepoch 14[0m  [1;33msb 80/108[0m  [33mthis-sb=39,976,960 pos (610 batches x 65,536)[0m  [36mtotal=59,325,808,640 pos[0m  [1;36mtrain_time=21107.0s[0m  [1;32mpos/s=2,810,720[0m
  [2mcuda-cpp SFNN[0m [1;33mvalidation overhead[0m: [35mreadback=0.229s[0m  [33mvalidation=0.852s[0m  [2msave=skipped[0m  [1;32mtotal=1.081s[0m
  [2mcuda-cpp SFNN[0m [33mvalidation[0m: epoch=14, superbatch=80, [35mtest_value_accuracy=0.7027633[0m, [35mtest_value_loss=0.07528418[0m, [1;36melapsed=0.852s[0m
  [2mcuda-cpp SFNN[0m [1;36m[progress][0m  [1;36mepoch 14[0m  [1;33msb 81/108[0m  [33mthis-sb=39,976,960 pos (610 batches x 65,536)[0m  [36mtotal=59,365,785,600 pos[0m  [1;36mtrain_time=21121.6s[0m  [1;32mpos/s=2,810,666[0m
  [2mcuda-cpp SFNN[0m [1;36m[progress][0m  [1;36mepoch 14[0m  [1;33msb 82/108[0m  [33mthis-sb=39,976,960 pos (610 batches x 65,536)[0m  [36mtotal=59,405,762,560 pos[0m  [1;36mtrain_time=21135.8s[0m  [1;32mpos/s=2,810,672[0m
  [2mcuda-cpp SFNN[0m [1;36m[progress][0m  [1;36mepoch 14[0m  [1;33msb 83/108[0m  [33mthis-sb=39,976,960 pos (610 batches x 65,536)[0m  [36mtotal=59,445,739,520 pos[0m  [1;36mtrain_time=21150.0s[0m  [1;32mpos/s=2,810,679[0m
  cuda-cpp HalfKA2 validation forward = gpu: positions=300000, batch_size=8192, elapsed=0.593s
  test: accuracy=70.2973% (210892/300000 decisive; draws=0 excluded; mate=0 filtered), loss=0.075337 (n=300000)
  [2mcuda-cpp HalfKA2[0m [1;33mvalidation detail[0m: positions=300,000, batch_size=8,192, load/cache=0.000s, weight_fold=0.194s, context=0.001s, weight_upload=0.040s, batches=0.593s, metrics=0.005s, total=0.832s
  [2mcuda-cpp SFNN[0m [1;36m[progress][0m  [1;36mepoch 14[0m  [1;33msb 84/108[0m  [33mthis-sb=39,976,960 pos (610 batches x 65,536)[0m  [36mtotal=59,485,716,480 pos[0m  [1;36mtrain_time=21164.2s[0m  [1;32mpos/s=2,810,675[0m
  [2mcuda-cpp SFNN[0m [1;33mvalidation overhead[0m: [35mreadback=0.229s[0m  [33mvalidation=0.853s[0m  [2msave=skipped[0m  [1;32mtotal=1.082s[0m
  [2mcuda-cpp SFNN[0m [33mvalidation[0m: epoch=14, superbatch=84, [35mtest_value_accuracy=0.7029733[0m, [35mtest_value_loss=0.07533670[0m, [1;36melapsed=0.853s[0m
  [2mcuda-cpp SFNN[0m [1;36m[progress][0m  [1;36mepoch 14[0m  [1;33msb 85/108[0m  [33mthis-sb=39,976,960 pos (610 batches x 65,536)[0m  [36mtotal=59,525,693,440 pos[0m  [1;36mtrain_time=21178.4s[0m  [1;32mpos/s=2,810,679[0m
  [2mcuda-cpp SFNN[0m [1;36m[progress][0m  [1;36mepoch 14[0m  [1;33msb 86/108[0m  [33mthis-sb=39,976,960 pos (610 batches x 65,536)[0m  [36mtotal=59,565,670,400 pos[0m  [1;36mtrain_time=21192.8s[0m  [1;32mpos/s=2,810,658[0m
  [2mcuda-cpp SFNN[0m [1;36m[progress][0m  [1;36mepoch 14[0m  [1;33msb 87/108[0m  [33mthis-sb=39,976,960 pos (610 batches x 65,536)[0m  [36mtotal=59,605,647,360 pos[0m  [1;36mtrain_time=21207.0s[0m  [1;32mpos/s=2,810,665[0m
  cuda-cpp HalfKA2 validation forward = gpu: positions=300000, batch_size=8192, elapsed=0.592s
  test: accuracy=70.2900% (210870/300000 decisive; draws=0 excluded; mate=0 filtered), loss=0.075460 (n=300000)
  [2mcuda-cpp HalfKA2[0m [1;33mvalidation detail[0m: positions=300,000, batch_size=8,192, load/cache=0.000s, weight_fold=0.195s, context=0.000s, weight_upload=0.039s, batches=0.592s, metrics=0.005s, total=0.831s
  [2mcuda-cpp SFNN[0m [1;36m[progress][0m  [1;36mepoch 14[0m  [1;33msb 88/108[0m  [33mthis-sb=39,976,960 pos (610 batches x 65,536)[0m  [36mtotal=59,645,624,320 pos[0m  [1;36mtrain_time=21221.1s[0m  [1;32mpos/s=2,810,671[0m
  [2mcuda-cpp SFNN[0m [1;33mvalidation overhead[0m: [35mreadback=0.228s[0m  [33mvalidation=0.852s[0m  [2msave=skipped[0m  [1;32mtotal=1.080s[0m
  [2mcuda-cpp SFNN[0m [33mvalidation[0m: epoch=14, superbatch=88, [35mtest_value_accuracy=0.7029000[0m, [35mtest_value_loss=0.07546002[0m, [1;36melapsed=0.852s[0m
  [2mcuda-cpp SFNN[0m [1;36m[progress][0m  [1;36mepoch 14[0m  [1;33msb 89/108[0m  [33mthis-sb=39,976,960 pos (610 batches x 65,536)[0m  [36mtotal=59,685,601,280 pos[0m  [1;36mtrain_time=21235.3s[0m  [1;32mpos/s=2,810,675[0m
  [2mcuda-cpp SFNN[0m [1;36m[progress][0m  [1;36mepoch 14[0m  [1;33msb 90/108[0m  [33mthis-sb=39,976,960 pos (610 batches x 65,536)[0m  [36mtotal=59,725,578,240 pos[0m  [1;36mtrain_time=21249.5s[0m  [1;32mpos/s=2,810,680[0m
  [2mcuda-cpp SFNN[0m [1;36m[progress][0m  [1;36mepoch 14[0m  [1;33msb 91/108[0m  [33mthis-sb=39,976,960 pos (610 batches x 65,536)[0m  [36mtotal=59,765,555,200 pos[0m  [1;36mtrain_time=21263.7s[0m  [1;32mpos/s=2,810,685[0m
  cuda-cpp HalfKA2 validation forward = gpu: positions=300000, batch_size=8192, elapsed=0.593s
  test: accuracy=70.2680% (210804/300000 decisive; draws=0 excluded; mate=0 filtered), loss=0.075382 (n=300000)
  [2mcuda-cpp HalfKA2[0m [1;33mvalidation detail[0m: positions=300,000, batch_size=8,192, load/cache=0.000s, weight_fold=0.194s, context=0.000s, weight_upload=0.042s, batches=0.593s, metrics=0.005s, total=0.834s
  [2mcuda-cpp SFNN[0m [1;36m[progress][0m  [1;36mepoch 14[0m  [1;33msb 92/108[0m  [33mthis-sb=39,976,960 pos (610 batches x 65,536)[0m  [36mtotal=59,805,532,160 pos[0m  [1;36mtrain_time=21277.9s[0m  [1;32mpos/s=2,810,687[0m
  [2mcuda-cpp SFNN[0m [1;33mvalidation overhead[0m: [35mreadback=0.226s[0m  [33mvalidation=0.855s[0m  [2msave=skipped[0m  [1;32mtotal=1.082s[0m
  [2mcuda-cpp SFNN[0m [33mvalidation[0m: epoch=14, superbatch=92, [35mtest_value_accuracy=0.7026800[0m, [35mtest_value_loss=0.07538163[0m, [1;36melapsed=0.855s[0m
  [2mcuda-cpp SFNN[0m [1;36m[progress][0m  [1;36mepoch 14[0m  [1;33msb 93/108[0m  [33mthis-sb=39,976,960 pos (610 batches x 65,536)[0m  [36mtotal=59,845,509,120 pos[0m  [1;36mtrain_time=21292.1s[0m  [1;32mpos/s=2,810,691[0m
  [2mcuda-cpp SFNN[0m [1;36m[progress][0m  [1;36mepoch 14[0m  [1;33msb 94/108[0m  [33mthis-sb=39,976,960 pos (610 batches x 65,536)[0m  [36mtotal=59,885,486,080 pos[0m  [1;36mtrain_time=21306.3s[0m  [1;32mpos/s=2,810,695[0m
  [2mcuda-cpp SFNN[0m [1;36m[progress][0m  [1;36mepoch 14[0m  [1;33msb 95/108[0m  [33mthis-sb=39,976,960 pos (610 batches x 65,536)[0m  [36mtotal=59,925,463,040 pos[0m  [1;36mtrain_time=21320.5s[0m  [1;32mpos/s=2,810,702[0m
  cuda-cpp HalfKA2 validation forward = gpu: positions=300000, batch_size=8192, elapsed=0.593s
  test: accuracy=70.2670% (210801/300000 decisive; draws=0 excluded; mate=0 filtered), loss=0.075488 (n=300000)
  [2mcuda-cpp HalfKA2[0m [1;33mvalidation detail[0m: positions=300,000, batch_size=8,192, load/cache=0.000s, weight_fold=0.195s, context=0.000s, weight_upload=0.041s, batches=0.593s, metrics=0.005s, total=0.834s
  [2mcuda-cpp SFNN[0m [1;36m[progress][0m  [1;36mepoch 14[0m  [1;33msb 96/108[0m  [33mthis-sb=39,976,960 pos (610 batches x 65,536)[0m  [36mtotal=59,965,440,000 pos[0m  [1;36mtrain_time=21334.8s[0m  [1;32mpos/s=2,810,687[0m
  [2mcuda-cpp SFNN[0m [1;33mvalidation overhead[0m: [35mreadback=0.229s[0m  [33mvalidation=0.856s[0m  [2msave=skipped[0m  [1;32mtotal=1.085s[0m
  [2mcuda-cpp SFNN[0m [33mvalidation[0m: epoch=14, superbatch=96, [35mtest_value_accuracy=0.7026700[0m, [35mtest_value_loss=0.07548849[0m, [1;36melapsed=0.856s[0m
  [2mcuda-cpp SFNN[0m [1;36m[progress][0m  [1;36mepoch 14[0m  [1;33msb 97/108[0m  [33mthis-sb=39,976,960 pos (610 batches x 65,536)[0m  [36mtotal=60,005,416,960 pos[0m  [1;36mtrain_time=21349.0s[0m  [1;32mpos/s=2,810,690[0m
  [2mcuda-cpp SFNN[0m [1;36m[progress][0m  [1;36mepoch 14[0m  [1;33msb 98/108[0m  [33mthis-sb=39,976,960 pos (610 batches x 65,536)[0m  [36mtotal=60,045,393,920 pos[0m  [1;36mtrain_time=21363.2s[0m  [1;32mpos/s=2,810,694[0m
  [2mcuda-cpp SFNN[0m [1;36m[progress][0m  [1;36mepoch 14[0m  [1;33msb 99/108[0m  [33mthis-sb=39,976,960 pos (610 batches x 65,536)[0m  [36mtotal=60,085,370,880 pos[0m  [1;36mtrain_time=21377.4s[0m  [1;32mpos/s=2,810,698[0m
  cuda-cpp HalfKA2 validation forward = gpu: positions=300000, batch_size=8192, elapsed=0.593s
  test: accuracy=70.2967% (210890/300000 decisive; draws=0 excluded; mate=0 filtered), loss=0.075419 (n=300000)
  [2mcuda-cpp HalfKA2[0m [1;33mvalidation detail[0m: positions=300,000, batch_size=8,192, load/cache=0.000s, weight_fold=0.197s, context=0.000s, weight_upload=0.041s, batches=0.593s, metrics=0.005s, total=0.836s
  [2mcuda-cpp SFNN[0m [1;36m[progress][0m  [1;36mepoch 14[0m  [1;33msb 100/108[0m  [33mthis-sb=39,976,960 pos (610 batches x 65,536)[0m  [36mtotal=60,125,347,840 pos[0m  [1;36mtrain_time=21391.6s[0m  [1;32mpos/s=2,810,701[0m
  [2mcuda-cpp SFNN[0m [1;33mvalidation overhead[0m: [35mreadback=0.229s[0m  [33mvalidation=0.859s[0m  [2msave=skipped[0m  [1;32mtotal=1.088s[0m
  [2mcuda-cpp SFNN[0m [33mvalidation[0m: epoch=14, superbatch=100, [35mtest_value_accuracy=0.7029667[0m, [35mtest_value_loss=0.07541931[0m, [1;36melapsed=0.859s[0m
  [2mcuda-cpp SFNN[0m [1;36m[progress][0m  [1;36mepoch 14[0m  [1;33msb 101/108[0m  [33mthis-sb=39,976,960 pos (610 batches x 65,536)[0m  [36mtotal=60,165,324,800 pos[0m  [1;36mtrain_time=21405.8s[0m  [1;32mpos/s=2,810,703[0m
  [2mcuda-cpp SFNN[0m [1;36m[progress][0m  [1;36mepoch 14[0m  [1;33msb 102/108[0m  [33mthis-sb=39,976,960 pos (610 batches x 65,536)[0m  [36mtotal=60,205,301,760 pos[0m  [1;36mtrain_time=21420.0s[0m  [1;32mpos/s=2,810,708[0m
  [2mcuda-cpp SFNN[0m [1;36m[progress][0m  [1;36mepoch 14[0m  [1;33msb 103/108[0m  [33mthis-sb=39,976,960 pos (610 batches x 65,536)[0m  [36mtotal=60,245,278,720 pos[0m  [1;36mtrain_time=21434.2s[0m  [1;32mpos/s=2,810,713[0m
  cuda-cpp HalfKA2 validation forward = gpu: positions=300000, batch_size=8192, elapsed=0.593s
  test: accuracy=70.2923% (210877/300000 decisive; draws=0 excluded; mate=0 filtered), loss=0.075267 (n=300000)
  [2mcuda-cpp HalfKA2[0m [1;33mvalidation detail[0m: positions=300,000, batch_size=8,192, load/cache=0.000s, weight_fold=0.195s, context=0.001s, weight_upload=0.040s, batches=0.593s, metrics=0.005s, total=0.833s
  [2mcuda-cpp SFNN[0m [1;36m[progress][0m  [1;36mepoch 14[0m  [1;33msb 104/108[0m  [33mthis-sb=39,976,960 pos (610 batches x 65,536)[0m  [36mtotal=60,285,255,680 pos[0m  [1;36mtrain_time=21448.4s[0m  [1;32mpos/s=2,810,717[0m
  [2mcuda-cpp SFNN[0m [1;33mvalidation overhead[0m: [35mreadback=0.229s[0m  [33mvalidation=0.854s[0m  [2msave=skipped[0m  [1;32mtotal=1.084s[0m
  [2mcuda-cpp SFNN[0m [33mvalidation[0m: epoch=14, superbatch=104, [35mtest_value_accuracy=0.7029234[0m, [35mtest_value_loss=0.07526739[0m, [1;36melapsed=0.854s[0m
  [2mcuda-cpp SFNN[0m [1;36m[progress][0m  [1;36mepoch 14[0m  [1;33msb 105/108[0m  [33mthis-sb=39,976,960 pos (610 batches x 65,536)[0m  [36mtotal=60,325,232,640 pos[0m  [1;36mtrain_time=21462.6s[0m  [1;32mpos/s=2,810,719[0m
  [2mcuda-cpp SFNN[0m [1;36m[progress][0m  [1;36mepoch 14[0m  [1;33msb 106/108[0m  [33mthis-sb=39,976,960 pos (610 batches x 65,536)[0m  [36mtotal=60,365,209,600 pos[0m  [1;36mtrain_time=21476.8s[0m  [1;32mpos/s=2,810,723[0m
  [2mcuda-cpp SFNN[0m [1;36m[progress][0m  [1;36mepoch 14[0m  [1;33msb 107/108[0m  [33mthis-sb=39,976,960 pos (610 batches x 65,536)[0m  [36mtotal=60,405,186,560 pos[0m  [1;36mtrain_time=21491.0s[0m  [1;32mpos/s=2,810,726[0m
  cuda-cpp HalfKA2 validation forward = gpu: positions=300000, batch_size=8192, elapsed=0.593s
  test: accuracy=70.3103% (210931/300000 decisive; draws=0 excluded; mate=0 filtered), loss=0.075356 (n=300000)
  [2mcuda-cpp HalfKA2[0m [1;33mvalidation detail[0m: positions=300,000, batch_size=8,192, load/cache=0.000s, weight_fold=0.195s, context=0.000s, weight_upload=0.040s, batches=0.593s, metrics=0.005s, total=0.833s
  [2mcuda-cpp SFNN[0m [1;32m[checkpoint][0m  [1;36mepoch 14[0m  [1;33msb 108/108[0m  [33mthis-sb=39,976,960 pos (610 batches x 65,536)[0m  [36mtotal=60,445,163,520 pos[0m  [1;36mtrain_time=21505.1s[0m  [1;32mpos/s=2,810,730[0m
  [2mcuda-cpp SFNN[0m [1;33mcheckpoint overhead[0m: [35mreadback=0.913s[0m  [33mvalidation=0.861s[0m  [36msave=4.574s (state.bin 2.04 GiB, 457 MiB/s)[0m  [1;32mtotal=6.348s[0m
  [2mcuda-cpp SFNN[0m [33mvalidation[0m: epoch=14, superbatch=108, [35mtest_value_accuracy=0.7031033[0m, [35mtest_value_loss=0.07535593[0m, [1;36melapsed=0.861s[0m
  [2mcuda-cpp SFNN[0m [1;36m[progress][0m  [1;36mepoch 15[0m  [1;33msb 1/108[0m  [33mthis-sb=39,976,960 pos (610 batches x 65,536)[0m  [36mtotal=60,485,140,480 pos[0m  [1;36mtrain_time=21519.4s[0m  [1;32mpos/s=2,810,730[0m
  [2mcuda-cpp SFNN[0m [1;36m[progress][0m  [1;36mepoch 15[0m  [1;33msb 2/108[0m  [33mthis-sb=39,976,960 pos (610 batches x 65,536)[0m  [36mtotal=60,525,117,440 pos[0m  [1;36mtrain_time=21533.5s[0m  [1;32mpos/s=2,810,739[0m
  [2mcuda-cpp SFNN[0m [1;36m[progress][0m  [1;36mepoch 15[0m  [1;33msb 3/108[0m  [33mthis-sb=39,976,960 pos (610 batches x 65,536)[0m  [36mtotal=60,565,094,400 pos[0m  [1;36mtrain_time=21547.7s[0m  [1;32mpos/s=2,810,748[0m
  cuda-cpp HalfKA2 validation forward = gpu: positions=300000, batch_size=8192, elapsed=0.591s
  test: accuracy=70.0123% (210037/300000 decisive; draws=0 excluded; mate=0 filtered), loss=0.075868 (n=300000)
  [2mcuda-cpp HalfKA2[0m [1;33mvalidation detail[0m: positions=300,000, batch_size=8,192, load/cache=0.000s, weight_fold=0.196s, context=0.001s, weight_upload=0.040s, batches=0.591s, metrics=0.005s, total=0.831s
  [2mcuda-cpp SFNN[0m [1;36m[progress][0m  [1;36mepoch 15[0m  [1;33msb 4/108[0m  [33mthis-sb=39,976,960 pos (610 batches x 65,536)[0m  [36mtotal=60,605,071,360 pos[0m  [1;36mtrain_time=21561.8s[0m  [1;32mpos/s=2,810,757[0m
  [2mcuda-cpp SFNN[0m [1;33mvalidation overhead[0m: [35mreadback=0.234s[0m  [33mvalidation=0.854s[0m  [2msave=skipped[0m  [1;32mtotal=1.088s[0m
  [2mcuda-cpp SFNN[0m [33mvalidation[0m: epoch=15, superbatch=4, [35mtest_value_accuracy=0.7001233[0m, [35mtest_value_loss=0.07586827[0m, [1;36melapsed=0.854s[0m
  [2mcuda-cpp SFNN[0m [1;36m[progress][0m  [1;36mepoch 15[0m  [1;33msb 5/108[0m  [33mthis-sb=39,976,960 pos (610 batches x 65,536)[0m  [36mtotal=60,645,048,320 pos[0m  [1;36mtrain_time=21576.0s[0m  [1;32mpos/s=2,810,763[0m
  [2mcuda-cpp SFNN[0m [1;36m[progress][0m  [1;36mepoch 15[0m  [1;33msb 6/108[0m  [33mthis-sb=39,976,960 pos (610 batches x 65,536)[0m  [36mtotal=60,685,025,280 pos[0m  [1;36mtrain_time=21590.2s[0m  [1;32mpos/s=2,810,772[0m
  [2mcuda-cpp SFNN[0m [1;36m[progress][0m  [1;36mepoch 15[0m  [1;33msb 7/108[0m  [33mthis-sb=39,976,960 pos (610 batches x 65,536)[0m  [36mtotal=60,725,002,240 pos[0m  [1;36mtrain_time=21604.3s[0m  [1;32mpos/s=2,810,780[0m
  cuda-cpp HalfKA2 validation forward = gpu: positions=300000, batch_size=8192, elapsed=0.596s
  test: accuracy=69.9763% (209929/300000 decisive; draws=0 excluded; mate=0 filtered), loss=0.075941 (n=300000)
  [2mcuda-cpp HalfKA2[0m [1;33mvalidation detail[0m: positions=300,000, batch_size=8,192, load/cache=0.000s, weight_fold=0.193s, context=0.000s, weight_upload=0.040s, batches=0.596s, metrics=0.005s, total=0.835s
  [2mcuda-cpp SFNN[0m [1;36m[progress][0m  [1;36mepoch 15[0m  [1;33msb 8/108[0m  [33mthis-sb=39,976,960 pos (610 batches x 65,536)[0m  [36mtotal=60,764,979,200 pos[0m  [1;36mtrain_time=21618.5s[0m  [1;32mpos/s=2,810,787[0m
  [2mcuda-cpp SFNN[0m [1;33mvalidation overhead[0m: [35mreadback=0.230s[0m  [33mvalidation=0.861s[0m  [2msave=skipped[0m  [1;32mtotal=1.090s[0m
  [2mcuda-cpp SFNN[0m [33mvalidation[0m: epoch=15, superbatch=8, [35mtest_value_accuracy=0.6997634[0m, [35mtest_value_loss=0.07594121[0m, [1;36melapsed=0.861s[0m
  [2mcuda-cpp SFNN[0m [1;36m[progress][0m  [1;36mepoch 15[0m  [1;33msb 9/108[0m  [33mthis-sb=39,976,960 pos (610 batches x 65,536)[0m  [36mtotal=60,804,956,160 pos[0m  [1;36mtrain_time=21632.7s[0m  [1;32mpos/s=2,810,793[0m
  [2mcuda-cpp SFNN[0m [1;36m[progress][0m  [1;36mepoch 15[0m  [1;33msb 10/108[0m  [33mthis-sb=39,976,960 pos (610 batches x 65,536)[0m  [36mtotal=60,844,933,120 pos[0m  [1;36mtrain_time=21646.8s[0m  [1;32mpos/s=2,810,800[0m
  [2mcuda-cpp SFNN[0m [1;36m[progress][0m  [1;36mepoch 15[0m  [1;33msb 11/108[0m  [33mthis-sb=39,976,960 pos (610 batches x 65,536)[0m  [36mtotal=60,884,910,080 pos[0m  [1;36mtrain_time=21661.0s[0m  [1;32mpos/s=2,810,806[0m
  cuda-cpp HalfKA2 validation forward = gpu: positions=300000, batch_size=8192, elapsed=0.595s
  test: accuracy=70.0477% (210143/300000 decisive; draws=0 excluded; mate=0 filtered), loss=0.075914 (n=300000)
  [2mcuda-cpp HalfKA2[0m [1;33mvalidation detail[0m: positions=300,000, batch_size=8,192, load/cache=0.000s, weight_fold=0.195s, context=0.000s, weight_upload=0.039s, batches=0.595s, metrics=0.005s, total=0.834s
  [2mcuda-cpp SFNN[0m [1;36m[progress][0m  [1;36mepoch 15[0m  [1;33msb 12/108[0m  [33mthis-sb=39,976,960 pos (610 batches x 65,536)[0m  [36mtotal=60,924,887,040 pos[0m  [1;36mtrain_time=21675.2s[0m  [1;32mpos/s=2,810,811[0m
  [2mcuda-cpp SFNN[0m [1;33mvalidation overhead[0m: [35mreadback=0.228s[0m  [33mvalidation=0.856s[0m  [2msave=skipped[0m  [1;32mtotal=1.084s[0m
  [2mcuda-cpp SFNN[0m [33mvalidation[0m: epoch=15, superbatch=12, [35mtest_value_accuracy=0.7004766[0m, [35mtest_value_loss=0.07591427[0m, [1;36melapsed=0.856s[0m
  [2mcuda-cpp SFNN[0m [1;36m[progress][0m  [1;36mepoch 15[0m  [1;33msb 13/108[0m  [33mthis-sb=39,976,960 pos (610 batches x 65,536)[0m  [36mtotal=60,964,864,000 pos[0m  [1;36mtrain_time=21689.4s[0m  [1;32mpos/s=2,810,816[0m
  [2mcuda-cpp SFNN[0m [1;36m[progress][0m  [1;36mepoch 15[0m  [1;33msb 14/108[0m  [33mthis-sb=39,976,960 pos (610 batches x 65,536)[0m  [36mtotal=61,004,840,960 pos[0m  [1;36mtrain_time=21703.5s[0m  [1;32mpos/s=2,810,824[0m
  [2mcuda-cpp SFNN[0m [1;36m[progress][0m  [1;36mepoch 15[0m  [1;33msb 15/108[0m  [33mthis-sb=39,976,960 pos (610 batches x 65,536)[0m  [36mtotal=61,044,817,920 pos[0m  [1;36mtrain_time=21717.7s[0m  [1;32mpos/s=2,810,829[0m
  cuda-cpp HalfKA2 validation forward = gpu: positions=300000, batch_size=8192, elapsed=0.592s
  test: accuracy=70.0063% (210019/300000 decisive; draws=0 excluded; mate=0 filtered), loss=0.076193 (n=300000)
  [2mcuda-cpp HalfKA2[0m [1;33mvalidation detail[0m: positions=300,000, batch_size=8,192, load/cache=0.000s, weight_fold=0.196s, context=0.001s, weight_upload=0.040s, batches=0.592s, metrics=0.005s, total=0.834s
  [2mcuda-cpp SFNN[0m [1;36m[progress][0m  [1;36mepoch 15[0m  [1;33msb 16/108[0m  [33mthis-sb=39,976,960 pos (610 batches x 65,536)[0m  [36mtotal=61,084,794,880 pos[0m  [1;36mtrain_time=21731.9s[0m  [1;32mpos/s=2,810,835[0m
  [2mcuda-cpp SFNN[0m [1;33mvalidation overhead[0m: [35mreadback=0.237s[0m  [33mvalidation=0.857s[0m  [2msave=skipped[0m  [1;32mtotal=1.093s[0m
  [2mcuda-cpp SFNN[0m [33mvalidation[0m: epoch=15, superbatch=16, [35mtest_value_accuracy=0.7000633[0m, [35mtest_value_loss=0.07619344[0m, [1;36melapsed=0.857s[0m
  [2mcuda-cpp SFNN[0m [1;36m[progress][0m  [1;36mepoch 15[0m  [1;33msb 17/108[0m  [33mthis-sb=39,976,960 pos (610 batches x 65,536)[0m  [36mtotal=61,124,771,840 pos[0m  [1;36mtrain_time=21746.1s[0m  [1;32mpos/s=2,810,839[0m
  [2mcuda-cpp SFNN[0m [1;36m[progress][0m  [1;36mepoch 15[0m  [1;33msb 18/108[0m  [33mthis-sb=39,976,960 pos (610 batches x 65,536)[0m  [36mtotal=61,164,748,800 pos[0m  [1;36mtrain_time=21760.3s[0m  [1;32mpos/s=2,810,846[0m
  [2mcuda-cpp SFNN[0m [1;36m[progress][0m  [1;36mepoch 15[0m  [1;33msb 19/108[0m  [33mthis-sb=39,976,960 pos (610 batches x 65,536)[0m  [36mtotal=61,204,725,760 pos[0m  [1;36mtrain_time=21774.5s[0m  [1;32mpos/s=2,810,850[0m
  cuda-cpp HalfKA2 validation forward = gpu: positions=300000, batch_size=8192, elapsed=0.595s
  test: accuracy=70.1093% (210328/300000 decisive; draws=0 excluded; mate=0 filtered), loss=0.075707 (n=300000)
  [2mcuda-cpp HalfKA2[0m [1;33mvalidation detail[0m: positions=300,000, batch_size=8,192, load/cache=0.000s, weight_fold=0.211s, context=0.001s, weight_upload=0.045s, batches=0.595s, metrics=0.005s, total=0.856s
  [2mcuda-cpp SFNN[0m [1;36m[progress][0m  [1;36mepoch 15[0m  [1;33msb 20/108[0m  [33mthis-sb=39,976,960 pos (610 batches x 65,536)[0m  [36mtotal=61,244,702,720 pos[0m  [1;36mtrain_time=21788.6s[0m  [1;32mpos/s=2,810,854[0m
  [2mcuda-cpp SFNN[0m [1;33mvalidation overhead[0m: [35mreadback=0.229s[0m  [33mvalidation=0.879s[0m  [2msave=skipped[0m  [1;32mtotal=1.108s[0m
  [2mcuda-cpp SFNN[0m [33mvalidation[0m: epoch=15, superbatch=20, [35mtest_value_accuracy=0.7010933[0m, [35mtest_value_loss=0.07570709[0m, [1;36melapsed=0.879s[0m
  [2mcuda-cpp SFNN[0m [1;36m[progress][0m  [1;36mepoch 15[0m  [1;33msb 21/108[0m  [33mthis-sb=39,976,960 pos (610 batches x 65,536)[0m  [36mtotal=61,284,679,680 pos[0m  [1;36mtrain_time=21802.8s[0m  [1;32mpos/s=2,810,859[0m
  [2mcuda-cpp SFNN[0m [1;36m[progress][0m  [1;36mepoch 15[0m  [1;33msb 22/108[0m  [33mthis-sb=39,976,960 pos (610 batches x 65,536)[0m  [36mtotal=61,324,656,640 pos[0m  [1;36mtrain_time=21817.0s[0m  [1;32mpos/s=2,810,864[0m
  [2mcuda-cpp SFNN[0m [1;36m[progress][0m  [1;36mepoch 15[0m  [1;33msb 23/108[0m  [33mthis-sb=39,976,960 pos (610 batches x 65,536)[0m  [36mtotal=61,364,633,600 pos[0m  [1;36mtrain_time=21831.2s[0m  [1;32mpos/s=2,810,870[0m
  cuda-cpp HalfKA2 validation forward = gpu: positions=300000, batch_size=8192, elapsed=0.592s
  test: accuracy=70.1107% (210332/300000 decisive; draws=0 excluded; mate=0 filtered), loss=0.075980 (n=300000)
  [2mcuda-cpp HalfKA2[0m [1;33mvalidation detail[0m: positions=300,000, batch_size=8,192, load/cache=0.000s, weight_fold=0.195s, context=0.000s, weight_upload=0.040s, batches=0.592s, metrics=0.005s, total=0.832s
  [2mcuda-cpp SFNN[0m [1;36m[progress][0m  [1;36mepoch 15[0m  [1;33msb 24/108[0m  [33mthis-sb=39,976,960 pos (610 batches x 65,536)[0m  [36mtotal=61,404,610,560 pos[0m  [1;36mtrain_time=21845.4s[0m  [1;32mpos/s=2,810,877[0m
  [2mcuda-cpp SFNN[0m [1;33mvalidation overhead[0m: [35mreadback=0.232s[0m  [33mvalidation=0.855s[0m  [2msave=skipped[0m  [1;32mtotal=1.087s[0m
  [2mcuda-cpp SFNN[0m [33mvalidation[0m: epoch=15, superbatch=24, [35mtest_value_accuracy=0.7011067[0m, [35mtest_value_loss=0.07598044[0m, [1;36melapsed=0.855s[0m
  [2mcuda-cpp SFNN[0m [1;36m[progress][0m  [1;36mepoch 15[0m  [1;33msb 25/108[0m  [33mthis-sb=39,976,960 pos (610 batches x 65,536)[0m  [36mtotal=61,444,587,520 pos[0m  [1;36mtrain_time=21859.5s[0m  [1;32mpos/s=2,810,883[0m
  [2mcuda-cpp SFNN[0m [1;36m[progress][0m  [1;36mepoch 15[0m  [1;33msb 26/108[0m  [33mthis-sb=39,976,960 pos (610 batches x 65,536)[0m  [36mtotal=61,484,564,480 pos[0m  [1;36mtrain_time=21873.7s[0m  [1;32mpos/s=2,810,892[0m
  [2mcuda-cpp SFNN[0m [1;36m[progress][0m  [1;36mepoch 15[0m  [1;33msb 27/108[0m  [33mthis-sb=39,976,960 pos (610 batches x 65,536)[0m  [36mtotal=61,524,541,440 pos[0m  [1;36mtrain_time=21887.8s[0m  [1;32mpos/s=2,810,900[0m
  cuda-cpp HalfKA2 validation forward = gpu: positions=300000, batch_size=8192, elapsed=0.592s
  test: accuracy=70.1033% (210310/300000 decisive; draws=0 excluded; mate=0 filtered), loss=0.075652 (n=300000)
  [2mcuda-cpp HalfKA2[0m [1;33mvalidation detail[0m: positions=300,000, batch_size=8,192, load/cache=0.000s, weight_fold=0.193s, context=0.000s, weight_upload=0.040s, batches=0.592s, metrics=0.005s, total=0.831s
  [2mcuda-cpp SFNN[0m [1;36m[progress][0m  [1;36mepoch 15[0m  [1;33msb 28/108[0m  [33mthis-sb=39,976,960 pos (610 batches x 65,536)[0m  [36mtotal=61,564,518,400 pos[0m  [1;36mtrain_time=21902.0s[0m  [1;32mpos/s=2,810,907[0m
  [2mcuda-cpp SFNN[0m [1;33mvalidation overhead[0m: [35mreadback=0.230s[0m  [33mvalidation=0.853s[0m  [2msave=skipped[0m  [1;32mtotal=1.083s[0m
  [2mcuda-cpp SFNN[0m [33mvalidation[0m: epoch=15, superbatch=28, [35mtest_value_accuracy=0.7010334[0m, [35mtest_value_loss=0.07565195[0m, [1;36melapsed=0.853s[0m
  [2mcuda-cpp SFNN[0m [1;36m[progress][0m  [1;36mepoch 15[0m  [1;33msb 29/108[0m  [33mthis-sb=39,976,960 pos (610 batches x 65,536)[0m  [36mtotal=61,604,495,360 pos[0m  [1;36mtrain_time=21916.2s[0m  [1;32mpos/s=2,810,911[0m
  [2mcuda-cpp SFNN[0m [1;36m[progress][0m  [1;36mepoch 15[0m  [1;33msb 30/108[0m  [33mthis-sb=39,976,960 pos (610 batches x 65,536)[0m  [36mtotal=61,644,472,320 pos[0m  [1;36mtrain_time=21930.4s[0m  [1;32mpos/s=2,810,920[0m
  [2mcuda-cpp SFNN[0m [1;36m[progress][0m  [1;36mepoch 15[0m  [1;33msb 31/108[0m  [33mthis-sb=39,976,960 pos (610 batches x 65,536)[0m  [36mtotal=61,684,449,280 pos[0m  [1;36mtrain_time=21944.5s[0m  [1;32mpos/s=2,810,928[0m
  cuda-cpp HalfKA2 validation forward = gpu: positions=300000, batch_size=8192, elapsed=0.594s
  test: accuracy=70.2170% (210651/300000 decisive; draws=0 excluded; mate=0 filtered), loss=0.075709 (n=300000)
  [2mcuda-cpp HalfKA2[0m [1;33mvalidation detail[0m: positions=300,000, batch_size=8,192, load/cache=0.000s, weight_fold=0.194s, context=0.000s, weight_upload=0.040s, batches=0.594s, metrics=0.005s, total=0.832s
  [2mcuda-cpp SFNN[0m [1;36m[progress][0m  [1;36mepoch 15[0m  [1;33msb 32/108[0m  [33mthis-sb=39,976,960 pos (610 batches x 65,536)[0m  [36mtotal=61,724,426,240 pos[0m  [1;36mtrain_time=21958.7s[0m  [1;32mpos/s=2,810,936[0m
  [2mcuda-cpp SFNN[0m [1;33mvalidation overhead[0m: [35mreadback=0.231s[0m  [33mvalidation=0.854s[0m  [2msave=skipped[0m  [1;32mtotal=1.085s[0m
  [2mcuda-cpp SFNN[0m [33mvalidation[0m: epoch=15, superbatch=32, [35mtest_value_accuracy=0.7021700[0m, [35mtest_value_loss=0.07570875[0m, [1;36melapsed=0.854s[0m
  [2mcuda-cpp SFNN[0m [1;36m[progress][0m  [1;36mepoch 15[0m  [1;33msb 33/108[0m  [33mthis-sb=39,976,960 pos (610 batches x 65,536)[0m  [36mtotal=61,764,403,200 pos[0m  [1;36mtrain_time=21972.8s[0m  [1;32mpos/s=2,810,942[0m
  [2mcuda-cpp SFNN[0m [1;36m[progress][0m  [1;36mepoch 15[0m  [1;33msb 34/108[0m  [33mthis-sb=39,976,960 pos (610 batches x 65,536)[0m  [36mtotal=61,804,380,160 pos[0m  [1;36mtrain_time=21987.0s[0m  [1;32mpos/s=2,810,952[0m
  [2mcuda-cpp SFNN[0m [1;36m[progress][0m  [1;36mepoch 15[0m  [1;33msb 35/108[0m  [33mthis-sb=39,976,960 pos (610 batches x 65,536)[0m  [36mtotal=61,844,357,120 pos[0m  [1;36mtrain_time=22001.2s[0m  [1;32mpos/s=2,810,959[0m
  cuda-cpp HalfKA2 validation forward = gpu: positions=300000, batch_size=8192, elapsed=0.601s
  test: accuracy=70.2247% (210674/300000 decisive; draws=0 excluded; mate=0 filtered), loss=0.075708 (n=300000)
  [2mcuda-cpp HalfKA2[0m [1;33mvalidation detail[0m: positions=300,000, batch_size=8,192, load/cache=0.000s, weight_fold=0.195s, context=0.000s, weight_upload=0.040s, batches=0.601s, metrics=0.005s, total=0.842s
  [2mcuda-cpp SFNN[0m [1;36m[progress][0m  [1;36mepoch 15[0m  [1;33msb 36/108[0m  [33mthis-sb=39,976,960 pos (610 batches x 65,536)[0m  [36mtotal=61,884,334,080 pos[0m  [1;36mtrain_time=22015.3s[0m  [1;32mpos/s=2,810,967[0m
  [2mcuda-cpp SFNN[0m [1;33mvalidation overhead[0m: [35mreadback=0.230s[0m  [33mvalidation=0.864s[0m  [2msave=skipped[0m  [1;32mtotal=1.094s[0m
  [2mcuda-cpp SFNN[0m [33mvalidation[0m: epoch=15, superbatch=36, [35mtest_value_accuracy=0.7022467[0m, [35mtest_value_loss=0.07570819[0m, [1;36melapsed=0.864s[0m
  [2mcuda-cpp SFNN[0m [1;36m[progress][0m  [1;36mepoch 15[0m  [1;33msb 37/108[0m  [33mthis-sb=39,976,960 pos (610 batches x 65,536)[0m  [36mtotal=61,924,311,040 pos[0m  [1;36mtrain_time=22029.5s[0m  [1;32mpos/s=2,810,974[0m
  [2mcuda-cpp SFNN[0m [1;36m[progress][0m  [1;36mepoch 15[0m  [1;33msb 38/108[0m  [33mthis-sb=39,976,960 pos (610 batches x 65,536)[0m  [36mtotal=61,964,288,000 pos[0m  [1;36mtrain_time=22043.6s[0m  [1;32mpos/s=2,810,983[0m
  [2mcuda-cpp SFNN[0m [1;36m[progress][0m  [1;36mepoch 15[0m  [1;33msb 39/108[0m  [33mthis-sb=39,976,960 pos (610 batches x 65,536)[0m  [36mtotal=62,004,264,960 pos[0m  [1;36mtrain_time=22057.8s[0m  [1;32mpos/s=2,810,991[0m
  cuda-cpp HalfKA2 validation forward = gpu: positions=300000, batch_size=8192, elapsed=0.593s
  test: accuracy=70.1777% (210533/300000 decisive; draws=0 excluded; mate=0 filtered), loss=0.075744 (n=300000)
  [2mcuda-cpp HalfKA2[0m [1;33mvalidation detail[0m: positions=300,000, batch_size=8,192, load/cache=0.000s, weight_fold=0.194s, context=0.000s, weight_upload=0.040s, batches=0.593s, metrics=0.005s, total=0.832s
  [2mcuda-cpp SFNN[0m [1;36m[progress][0m  [1;36mepoch 15[0m  [1;33msb 40/108[0m  [33mthis-sb=39,976,960 pos (610 batches x 65,536)[0m  [36mtotal=62,044,241,920 pos[0m  [1;36mtrain_time=22071.9s[0m  [1;32mpos/s=2,811,001[0m
  [2mcuda-cpp SFNN[0m [1;33mvalidation overhead[0m: [35mreadback=0.226s[0m  [33mvalidation=0.853s[0m  [2msave=skipped[0m  [1;32mtotal=1.079s[0m
  [2mcuda-cpp SFNN[0m [33mvalidation[0m: epoch=15, superbatch=40, [35mtest_value_accuracy=0.7017767[0m, [35mtest_value_loss=0.07574388[0m, [1;36melapsed=0.853s[0m
  [2mcuda-cpp SFNN[0m [1;36m[progress][0m  [1;36mepoch 15[0m  [1;33msb 41/108[0m  [33mthis-sb=39,976,960 pos (610 batches x 65,536)[0m  [36mtotal=62,084,218,880 pos[0m  [1;36mtrain_time=22086.1s[0m  [1;32mpos/s=2,811,008[0m
  [2mcuda-cpp SFNN[0m [1;36m[progress][0m  [1;36mepoch 15[0m  [1;33msb 42/108[0m  [33mthis-sb=39,976,960 pos (610 batches x 65,536)[0m  [36mtotal=62,124,195,840 pos[0m  [1;36mtrain_time=22100.3s[0m  [1;32mpos/s=2,811,017[0m
  [2mcuda-cpp SFNN[0m [1;36m[progress][0m  [1;36mepoch 15[0m  [1;33msb 43/108[0m  [33mthis-sb=39,976,960 pos (610 batches x 65,536)[0m  [36mtotal=62,164,172,800 pos[0m  [1;36mtrain_time=22114.4s[0m  [1;32mpos/s=2,811,027[0m
  cuda-cpp HalfKA2 validation forward = gpu: positions=300000, batch_size=8192, elapsed=0.598s
  test: accuracy=70.1650% (210495/300000 decisive; draws=0 excluded; mate=0 filtered), loss=0.075675 (n=300000)
  [2mcuda-cpp HalfKA2[0m [1;33mvalidation detail[0m: positions=300,000, batch_size=8,192, load/cache=0.000s, weight_fold=0.192s, context=0.000s, weight_upload=0.038s, batches=0.598s, metrics=0.005s, total=0.833s
  [2mcuda-cpp SFNN[0m [1;36m[progress][0m  [1;36mepoch 15[0m  [1;33msb 44/108[0m  [33mthis-sb=39,976,960 pos (610 batches x 65,536)[0m  [36mtotal=62,204,149,760 pos[0m  [1;36mtrain_time=22128.6s[0m  [1;32mpos/s=2,811,035[0m
  [2mcuda-cpp SFNN[0m [1;33mvalidation overhead[0m: [35mreadback=0.227s[0m  [33mvalidation=0.857s[0m  [2msave=skipped[0m  [1;32mtotal=1.085s[0m
  [2mcuda-cpp SFNN[0m [33mvalidation[0m: epoch=15, superbatch=44, [35mtest_value_accuracy=0.7016500[0m, [35mtest_value_loss=0.07567533[0m, [1;36melapsed=0.857s[0m
  [2mcuda-cpp SFNN[0m [1;36m[progress][0m  [1;36mepoch 15[0m  [1;33msb 45/108[0m  [33mthis-sb=39,976,960 pos (610 batches x 65,536)[0m  [36mtotal=62,244,126,720 pos[0m  [1;36mtrain_time=22142.7s[0m  [1;32mpos/s=2,811,040[0m
  [2mcuda-cpp SFNN[0m [1;36m[progress][0m  [1;36mepoch 15[0m  [1;33msb 46/108[0m  [33mthis-sb=39,976,960 pos (610 batches x 65,536)[0m  [36mtotal=62,284,103,680 pos[0m  [1;36mtrain_time=22156.9s[0m  [1;32mpos/s=2,811,048[0m
  [2mcuda-cpp SFNN[0m [1;36m[progress][0m  [1;36mepoch 15[0m  [1;33msb 47/108[0m  [33mthis-sb=39,976,960 pos (610 batches x 65,536)[0m  [36mtotal=62,324,080,640 pos[0m  [1;36mtrain_time=22171.1s[0m  [1;32mpos/s=2,811,056[0m
  cuda-cpp HalfKA2 validation forward = gpu: positions=300000, batch_size=8192, elapsed=0.590s
  test: accuracy=70.2423% (210727/300000 decisive; draws=0 excluded; mate=0 filtered), loss=0.075557 (n=300000)
  [2mcuda-cpp HalfKA2[0m [1;33mvalidation detail[0m: positions=300,000, batch_size=8,192, load/cache=0.000s, weight_fold=0.191s, context=0.000s, weight_upload=0.039s, batches=0.590s, metrics=0.005s, total=0.825s
  [2mcuda-cpp SFNN[0m [1;36m[progress][0m  [1;36mepoch 15[0m  [1;33msb 48/108[0m  [33mthis-sb=39,976,960 pos (610 batches x 65,536)[0m  [36mtotal=62,364,057,600 pos[0m  [1;36mtrain_time=22185.2s[0m  [1;32mpos/s=2,811,064[0m
  [2mcuda-cpp SFNN[0m [1;33mvalidation overhead[0m: [35mreadback=0.241s[0m  [33mvalidation=0.846s[0m  [2msave=skipped[0m  [1;32mtotal=1.087s[0m
  [2mcuda-cpp SFNN[0m [33mvalidation[0m: epoch=15, superbatch=48, [35mtest_value_accuracy=0.7024233[0m, [35mtest_value_loss=0.07555658[0m, [1;36melapsed=0.846s[0m
  [2mcuda-cpp SFNN[0m [1;36m[progress][0m  [1;36mepoch 15[0m  [1;33msb 49/108[0m  [33mthis-sb=39,976,960 pos (610 batches x 65,536)[0m  [36mtotal=62,404,034,560 pos[0m  [1;36mtrain_time=22199.4s[0m  [1;32mpos/s=2,811,070[0m
  [2mcuda-cpp SFNN[0m [1;36m[progress][0m  [1;36mepoch 15[0m  [1;33msb 50/108[0m  [33mthis-sb=39,976,960 pos (610 batches x 65,536)[0m  [36mtotal=62,444,011,520 pos[0m  [1;36mtrain_time=22213.5s[0m  [1;32mpos/s=2,811,078[0m
  [2mcuda-cpp SFNN[0m [1;36m[progress][0m  [1;36mepoch 15[0m  [1;33msb 51/108[0m  [33mthis-sb=39,976,960 pos (610 batches x 65,536)[0m  [36mtotal=62,483,988,480 pos[0m  [1;36mtrain_time=22227.7s[0m  [1;32mpos/s=2,811,086[0m
  cuda-cpp HalfKA2 validation forward = gpu: positions=300000, batch_size=8192, elapsed=0.594s
  test: accuracy=70.2030% (210609/300000 decisive; draws=0 excluded; mate=0 filtered), loss=0.075914 (n=300000)
  [2mcuda-cpp HalfKA2[0m [1;33mvalidation detail[0m: positions=300,000, batch_size=8,192, load/cache=0.000s, weight_fold=0.216s, context=0.000s, weight_upload=0.040s, batches=0.594s, metrics=0.005s, total=0.855s
  [2mcuda-cpp SFNN[0m [1;36m[progress][0m  [1;36mepoch 15[0m  [1;33msb 52/108[0m  [33mthis-sb=39,976,960 pos (610 batches x 65,536)[0m  [36mtotal=62,523,965,440 pos[0m  [1;36mtrain_time=22241.9s[0m  [1;32mpos/s=2,811,095[0m
  [2mcuda-cpp SFNN[0m [1;33mvalidation overhead[0m: [35mreadback=0.228s[0m  [33mvalidation=0.884s[0m  [2msave=skipped[0m  [1;32mtotal=1.113s[0m
  [2mcuda-cpp SFNN[0m [33mvalidation[0m: epoch=15, superbatch=52, [35mtest_value_accuracy=0.7020300[0m, [35mtest_value_loss=0.07591400[0m, [1;36melapsed=0.884s[0m
  [2mcuda-cpp SFNN[0m [1;36m[progress][0m  [1;36mepoch 15[0m  [1;33msb 53/108[0m  [33mthis-sb=39,976,960 pos (610 batches x 65,536)[0m  [36mtotal=62,563,942,400 pos[0m  [1;36mtrain_time=22256.0s[0m  [1;32mpos/s=2,811,101[0m
  [2mcuda-cpp SFNN[0m [1;36m[progress][0m  [1;36mepoch 15[0m  [1;33msb 54/108[0m  [33mthis-sb=39,976,960 pos (610 batches x 65,536)[0m  [36mtotal=62,603,919,360 pos[0m  [1;36mtrain_time=22270.2s[0m  [1;32mpos/s=2,811,110[0m
  [2mcuda-cpp SFNN[0m [1;36m[progress][0m  [1;36mepoch 15[0m  [1;33msb 55/108[0m  [33mthis-sb=39,976,960 pos (610 batches x 65,536)[0m  [36mtotal=62,643,896,320 pos[0m  [1;36mtrain_time=22284.3s[0m  [1;32mpos/s=2,811,118[0m
  cuda-cpp HalfKA2 validation forward = gpu: positions=300000, batch_size=8192, elapsed=0.592s
  test: accuracy=70.2107% (210632/300000 decisive; draws=0 excluded; mate=0 filtered), loss=0.075504 (n=300000)
  [2mcuda-cpp HalfKA2[0m [1;33mvalidation detail[0m: positions=300,000, batch_size=8,192, load/cache=0.000s, weight_fold=0.190s, context=0.001s, weight_upload=0.040s, batches=0.592s, metrics=0.005s, total=0.828s
  [2mcuda-cpp SFNN[0m [1;36m[progress][0m  [1;36mepoch 15[0m  [1;33msb 56/108[0m  [33mthis-sb=39,976,960 pos (610 batches x 65,536)[0m  [36mtotal=62,683,873,280 pos[0m  [1;36mtrain_time=22298.5s[0m  [1;32mpos/s=2,811,126[0m
  [2mcuda-cpp SFNN[0m [1;33mvalidation overhead[0m: [35mreadback=0.226s[0m  [33mvalidation=0.848s[0m  [2msave=skipped[0m  [1;32mtotal=1.074s[0m
  [2mcuda-cpp SFNN[0m [33mvalidation[0m: epoch=15, superbatch=56, [35mtest_value_accuracy=0.7021067[0m, [35mtest_value_loss=0.07550362[0m, [1;36melapsed=0.848s[0m
  [2mcuda-cpp SFNN[0m [1;36m[progress][0m  [1;36mepoch 15[0m  [1;33msb 57/108[0m  [33mthis-sb=39,976,960 pos (610 batches x 65,536)[0m  [36mtotal=62,723,850,240 pos[0m  [1;36mtrain_time=22312.7s[0m  [1;32mpos/s=2,811,132[0m
  [2mcuda-cpp SFNN[0m [1;36m[progress][0m  [1;36mepoch 15[0m  [1;33msb 58/108[0m  [33mthis-sb=39,976,960 pos (610 batches x 65,536)[0m  [36mtotal=62,763,827,200 pos[0m  [1;36mtrain_time=22326.8s[0m  [1;32mpos/s=2,811,141[0m
  [2mcuda-cpp SFNN[0m [1;36m[progress][0m  [1;36mepoch 15[0m  [1;33msb 59/108[0m  [33mthis-sb=39,976,960 pos (610 batches x 65,536)[0m  [36mtotal=62,803,804,160 pos[0m  [1;36mtrain_time=22341.0s[0m  [1;32mpos/s=2,811,149[0m
  cuda-cpp HalfKA2 validation forward = gpu: positions=300000, batch_size=8192, elapsed=0.593s
  test: accuracy=70.2527% (210758/300000 decisive; draws=0 excluded; mate=0 filtered), loss=0.075602 (n=300000)
  [2mcuda-cpp HalfKA2[0m [1;33mvalidation detail[0m: positions=300,000, batch_size=8,192, load/cache=0.000s, weight_fold=0.191s, context=0.000s, weight_upload=0.040s, batches=0.593s, metrics=0.005s, total=0.829s
  [2mcuda-cpp SFNN[0m [1;36m[progress][0m  [1;36mepoch 15[0m  [1;33msb 60/108[0m  [33mthis-sb=39,976,960 pos (610 batches x 65,536)[0m  [36mtotal=62,843,781,120 pos[0m  [1;36mtrain_time=22355.1s[0m  [1;32mpos/s=2,811,158[0m
  [2mcuda-cpp SFNN[0m [1;33mvalidation overhead[0m: [35mreadback=0.227s[0m  [33mvalidation=0.850s[0m  [2msave=skipped[0m  [1;32mtotal=1.076s[0m
  [2mcuda-cpp SFNN[0m [33mvalidation[0m: epoch=15, superbatch=60, [35mtest_value_accuracy=0.7025267[0m, [35mtest_value_loss=0.07560237[0m, [1;36melapsed=0.850s[0m
  [2mcuda-cpp SFNN[0m [1;36m[progress][0m  [1;36mepoch 15[0m  [1;33msb 61/108[0m  [33mthis-sb=39,976,960 pos (610 batches x 65,536)[0m  [36mtotal=62,883,758,080 pos[0m  [1;36mtrain_time=22369.3s[0m  [1;32mpos/s=2,811,166[0m
  [2mcuda-cpp SFNN[0m [1;36m[progress][0m  [1;36mepoch 15[0m  [1;33msb 62/108[0m  [33mthis-sb=39,976,960 pos (610 batches x 65,536)[0m  [36mtotal=62,923,735,040 pos[0m  [1;36mtrain_time=22383.4s[0m  [1;32mpos/s=2,811,174[0m
  [2mcuda-cpp SFNN[0m [1;36m[progress][0m  [1;36mepoch 15[0m  [1;33msb 63/108[0m  [33mthis-sb=39,976,960 pos (610 batches x 65,536)[0m  [36mtotal=62,963,712,000 pos[0m  [1;36mtrain_time=22397.6s[0m  [1;32mpos/s=2,811,183[0m
  cuda-cpp HalfKA2 validation forward = gpu: positions=300000, batch_size=8192, elapsed=0.592s
  test: accuracy=70.3147% (210944/300000 decisive; draws=0 excluded; mate=0 filtered), loss=0.075437 (n=300000)
  [2mcuda-cpp HalfKA2[0m [1;33mvalidation detail[0m: positions=300,000, batch_size=8,192, load/cache=0.000s, weight_fold=0.189s, context=0.000s, weight_upload=0.041s, batches=0.592s, metrics=0.005s, total=0.826s
  [2mcuda-cpp SFNN[0m [1;36m[progress][0m  [1;36mepoch 15[0m  [1;33msb 64/108[0m  [33mthis-sb=39,976,960 pos (610 batches x 65,536)[0m  [36mtotal=63,003,688,960 pos[0m  [1;36mtrain_time=22411.8s[0m  [1;32mpos/s=2,811,190[0m
  [2mcuda-cpp SFNN[0m [1;33mvalidation overhead[0m: [35mreadback=0.226s[0m  [33mvalidation=0.847s[0m  [2msave=skipped[0m  [1;32mtotal=1.072s[0m
  [2mcuda-cpp SFNN[0m [33mvalidation[0m: epoch=15, superbatch=64, [35mtest_value_accuracy=0.7031467[0m, [35mtest_value_loss=0.07543673[0m, [1;36melapsed=0.847s[0m
  [2mcuda-cpp SFNN[0m [1;36m[progress][0m  [1;36mepoch 15[0m  [1;33msb 65/108[0m  [33mthis-sb=39,976,960 pos (610 batches x 65,536)[0m  [36mtotal=63,043,665,920 pos[0m  [1;36mtrain_time=22425.9s[0m  [1;32mpos/s=2,811,194[0m
  [2mcuda-cpp SFNN[0m [1;36m[progress][0m  [1;36mepoch 15[0m  [1;33msb 66/108[0m  [33mthis-sb=39,976,960 pos (610 batches x 65,536)[0m  [36mtotal=63,083,642,880 pos[0m  [1;36mtrain_time=22440.1s[0m  [1;32mpos/s=2,811,203[0m
  [2mcuda-cpp SFNN[0m [1;36m[progress][0m  [1;36mepoch 15[0m  [1;33msb 67/108[0m  [33mthis-sb=39,976,960 pos (610 batches x 65,536)[0m  [36mtotal=63,123,619,840 pos[0m  [1;36mtrain_time=22454.2s[0m  [1;32mpos/s=2,811,211[0m
  cuda-cpp HalfKA2 validation forward = gpu: positions=300000, batch_size=8192, elapsed=0.592s
  test: accuracy=70.2823% (210847/300000 decisive; draws=0 excluded; mate=0 filtered), loss=0.075459 (n=300000)
  [2mcuda-cpp HalfKA2[0m [1;33mvalidation detail[0m: positions=300,000, batch_size=8,192, load/cache=0.000s, weight_fold=0.197s, context=0.000s, weight_upload=0.040s, batches=0.592s, metrics=0.005s, total=0.835s
  [2mcuda-cpp SFNN[0m [1;36m[progress][0m  [1;36mepoch 15[0m  [1;33msb 68/108[0m  [33mthis-sb=39,976,960 pos (610 batches x 65,536)[0m  [36mtotal=63,163,596,800 pos[0m  [1;36mtrain_time=22468.4s[0m  [1;32mpos/s=2,811,218[0m
  [2mcuda-cpp SFNN[0m [1;33mvalidation overhead[0m: [35mreadback=0.228s[0m  [33mvalidation=0.857s[0m  [2msave=skipped[0m  [1;32mtotal=1.085s[0m
  [2mcuda-cpp SFNN[0m [33mvalidation[0m: epoch=15, superbatch=68, [35mtest_value_accuracy=0.7028233[0m, [35mtest_value_loss=0.07545908[0m, [1;36melapsed=0.857s[0m
  [2mcuda-cpp SFNN[0m [1;36m[progress][0m  [1;36mepoch 15[0m  [1;33msb 69/108[0m  [33mthis-sb=39,976,960 pos (610 batches x 65,536)[0m  [36mtotal=63,203,573,760 pos[0m  [1;36mtrain_time=22482.6s[0m  [1;32mpos/s=2,811,225[0m
  [2mcuda-cpp SFNN[0m [1;36m[progress][0m  [1;36mepoch 15[0m  [1;33msb 70/108[0m  [33mthis-sb=39,976,960 pos (610 batches x 65,536)[0m  [36mtotal=63,243,550,720 pos[0m  [1;36mtrain_time=22496.7s[0m  [1;32mpos/s=2,811,234[0m
  [2mcuda-cpp SFNN[0m [1;36m[progress][0m  [1;36mepoch 15[0m  [1;33msb 71/108[0m  [33mthis-sb=39,976,960 pos (610 batches x 65,536)[0m  [36mtotal=63,283,527,680 pos[0m  [1;36mtrain_time=22510.9s[0m  [1;32mpos/s=2,811,242[0m
  cuda-cpp HalfKA2 validation forward = gpu: positions=300000, batch_size=8192, elapsed=0.594s
  test: accuracy=70.3003% (210901/300000 decisive; draws=0 excluded; mate=0 filtered), loss=0.075374 (n=300000)
  [2mcuda-cpp HalfKA2[0m [1;33mvalidation detail[0m: positions=300,000, batch_size=8,192, load/cache=0.000s, weight_fold=0.192s, context=0.000s, weight_upload=0.041s, batches=0.594s, metrics=0.005s, total=0.831s
  [2mcuda-cpp SFNN[0m [1;36m[progress][0m  [1;36mepoch 15[0m  [1;33msb 72/108[0m  [33mthis-sb=39,976,960 pos (610 batches x 65,536)[0m  [36mtotal=63,323,504,640 pos[0m  [1;36mtrain_time=22525.0s[0m  [1;32mpos/s=2,811,251[0m
  [2mcuda-cpp SFNN[0m [1;33mvalidation overhead[0m: [35mreadback=0.236s[0m  [33mvalidation=0.854s[0m  [2msave=skipped[0m  [1;32mtotal=1.090s[0m
  [2mcuda-cpp SFNN[0m [33mvalidation[0m: epoch=15, superbatch=72, [35mtest_value_accuracy=0.7030033[0m, [35mtest_value_loss=0.07537366[0m, [1;36melapsed=0.854s[0m
  [2mcuda-cpp SFNN[0m [1;36m[progress][0m  [1;36mepoch 15[0m  [1;33msb 73/108[0m  [33mthis-sb=39,976,960 pos (610 batches x 65,536)[0m  [36mtotal=63,363,481,600 pos[0m  [1;36mtrain_time=22539.2s[0m  [1;32mpos/s=2,811,259[0m
  [2mcuda-cpp SFNN[0m [1;36m[progress][0m  [1;36mepoch 15[0m  [1;33msb 74/108[0m  [33mthis-sb=39,976,960 pos (610 batches x 65,536)[0m  [36mtotal=63,403,458,560 pos[0m  [1;36mtrain_time=22553.3s[0m  [1;32mpos/s=2,811,269[0m
  [2mcuda-cpp SFNN[0m [1;36m[progress][0m  [1;36mepoch 15[0m  [1;33msb 75/108[0m  [33mthis-sb=39,976,960 pos (610 batches x 65,536)[0m  [36mtotal=63,443,435,520 pos[0m  [1;36mtrain_time=22567.5s[0m  [1;32mpos/s=2,811,279[0m
  cuda-cpp HalfKA2 validation forward = gpu: positions=300000, batch_size=8192, elapsed=0.599s
  test: accuracy=70.2647% (210794/300000 decisive; draws=0 excluded; mate=0 filtered), loss=0.075551 (n=300000)
  [2mcuda-cpp HalfKA2[0m [1;33mvalidation detail[0m: positions=300,000, batch_size=8,192, load/cache=0.000s, weight_fold=0.197s, context=0.000s, weight_upload=0.044s, batches=0.599s, metrics=0.005s, total=0.844s
  [2mcuda-cpp SFNN[0m [1;36m[progress][0m  [1;36mepoch 15[0m  [1;33msb 76/108[0m  [33mthis-sb=39,976,960 pos (610 batches x 65,536)[0m  [36mtotal=63,483,412,480 pos[0m  [1;36mtrain_time=22581.6s[0m  [1;32mpos/s=2,811,287[0m
  [2mcuda-cpp SFNN[0m [1;33mvalidation overhead[0m: [35mreadback=0.247s[0m  [33mvalidation=0.871s[0m  [2msave=skipped[0m  [1;32mtotal=1.118s[0m
  [2mcuda-cpp SFNN[0m [33mvalidation[0m: epoch=15, superbatch=76, [35mtest_value_accuracy=0.7026467[0m, [35mtest_value_loss=0.07555129[0m, [1;36melapsed=0.871s[0m
  [2mcuda-cpp SFNN[0m [1;36m[progress][0m  [1;36mepoch 15[0m  [1;33msb 77/108[0m  [33mthis-sb=39,976,960 pos (610 batches x 65,536)[0m  [36mtotal=63,523,389,440 pos[0m  [1;36mtrain_time=22595.8s[0m  [1;32mpos/s=2,811,295[0m
  [2mcuda-cpp SFNN[0m [1;36m[progress][0m  [1;36mepoch 15[0m  [1;33msb 78/108[0m  [33mthis-sb=39,976,960 pos (610 batches x 65,536)[0m  [36mtotal=63,563,366,400 pos[0m  [1;36mtrain_time=22609.9s[0m  [1;32mpos/s=2,811,304[0m
  [2mcuda-cpp SFNN[0m [1;36m[progress][0m  [1;36mepoch 15[0m  [1;33msb 79/108[0m  [33mthis-sb=39,976,960 pos (610 batches x 65,536)[0m  [36mtotal=63,603,343,360 pos[0m  [1;36mtrain_time=22624.1s[0m  [1;32mpos/s=2,811,313[0m
  cuda-cpp HalfKA2 validation forward = gpu: positions=300000, batch_size=8192, elapsed=0.590s
  test: accuracy=70.3243% (210973/300000 decisive; draws=0 excluded; mate=0 filtered), loss=0.075432 (n=300000)
  [2mcuda-cpp HalfKA2[0m [1;33mvalidation detail[0m: positions=300,000, batch_size=8,192, load/cache=0.000s, weight_fold=0.190s, context=0.001s, weight_upload=0.037s, batches=0.590s, metrics=0.005s, total=0.823s
  [2mcuda-cpp SFNN[0m [1;36m[progress][0m  [1;36mepoch 15[0m  [1;33msb 80/108[0m  [33mthis-sb=39,976,960 pos (610 batches x 65,536)[0m  [36mtotal=63,643,320,320 pos[0m  [1;36mtrain_time=22638.2s[0m  [1;32mpos/s=2,811,320[0m
  [2mcuda-cpp SFNN[0m [1;33mvalidation overhead[0m: [35mreadback=0.233s[0m  [33mvalidation=0.845s[0m  [2msave=skipped[0m  [1;32mtotal=1.079s[0m
  [2mcuda-cpp SFNN[0m [33mvalidation[0m: epoch=15, superbatch=80, [35mtest_value_accuracy=0.7032433[0m, [35mtest_value_loss=0.07543198[0m, [1;36melapsed=0.845s[0m
  [2mcuda-cpp SFNN[0m [1;36m[progress][0m  [1;36mepoch 15[0m  [1;33msb 81/108[0m  [33mthis-sb=39,976,960 pos (610 batches x 65,536)[0m  [36mtotal=63,683,297,280 pos[0m  [1;36mtrain_time=22652.4s[0m  [1;32mpos/s=2,811,325[0m
  [2mcuda-cpp SFNN[0m [1;36m[progress][0m  [1;36mepoch 15[0m  [1;33msb 82/108[0m  [33mthis-sb=39,976,960 pos (610 batches x 65,536)[0m  [36mtotal=63,723,274,240 pos[0m  [1;36mtrain_time=22666.6s[0m  [1;32mpos/s=2,811,333[0m
  [2mcuda-cpp SFNN[0m [1;36m[progress][0m  [1;36mepoch 15[0m  [1;33msb 83/108[0m  [33mthis-sb=39,976,960 pos (610 batches x 65,536)[0m  [36mtotal=63,763,251,200 pos[0m  [1;36mtrain_time=22680.7s[0m  [1;32mpos/s=2,811,339[0m
  cuda-cpp HalfKA2 validation forward = gpu: positions=300000, batch_size=8192, elapsed=0.591s
  test: accuracy=70.3433% (211030/300000 decisive; draws=0 excluded; mate=0 filtered), loss=0.075334 (n=300000)
  [2mcuda-cpp HalfKA2[0m [1;33mvalidation detail[0m: positions=300,000, batch_size=8,192, load/cache=0.000s, weight_fold=0.205s, context=0.000s, weight_upload=0.039s, batches=0.591s, metrics=0.005s, total=0.840s
  [2mcuda-cpp SFNN[0m [1;36m[progress][0m  [1;36mepoch 15[0m  [1;33msb 84/108[0m  [33mthis-sb=39,976,960 pos (610 batches x 65,536)[0m  [36mtotal=63,803,228,160 pos[0m  [1;36mtrain_time=22694.9s[0m  [1;32mpos/s=2,811,348[0m
  [2mcuda-cpp SFNN[0m [1;33mvalidation overhead[0m: [35mreadback=0.224s[0m  [33mvalidation=0.866s[0m  [2msave=skipped[0m  [1;32mtotal=1.090s[0m
  [2mcuda-cpp SFNN[0m [33mvalidation[0m: epoch=15, superbatch=84, [35mtest_value_accuracy=0.7034333[0m, [35mtest_value_loss=0.07533441[0m, [1;36melapsed=0.866s[0m
  [2mcuda-cpp SFNN[0m [1;36m[progress][0m  [1;36mepoch 15[0m  [1;33msb 85/108[0m  [33mthis-sb=39,976,960 pos (610 batches x 65,536)[0m  [36mtotal=63,843,205,120 pos[0m  [1;36mtrain_time=22709.1s[0m  [1;32mpos/s=2,811,353[0m
  [2mcuda-cpp SFNN[0m [1;36m[progress][0m  [1;36mepoch 15[0m  [1;33msb 86/108[0m  [33mthis-sb=39,976,960 pos (610 batches x 65,536)[0m  [36mtotal=63,883,182,080 pos[0m  [1;36mtrain_time=22723.2s[0m  [1;32mpos/s=2,811,361[0m
  [2mcuda-cpp SFNN[0m [1;36m[progress][0m  [1;36mepoch 15[0m  [1;33msb 87/108[0m  [33mthis-sb=39,976,960 pos (610 batches x 65,536)[0m  [36mtotal=63,923,159,040 pos[0m  [1;36mtrain_time=22737.4s[0m  [1;32mpos/s=2,811,368[0m
  cuda-cpp HalfKA2 validation forward = gpu: positions=300000, batch_size=8192, elapsed=0.593s
  test: accuracy=70.3110% (210933/300000 decisive; draws=0 excluded; mate=0 filtered), loss=0.075392 (n=300000)
  [2mcuda-cpp HalfKA2[0m [1;33mvalidation detail[0m: positions=300,000, batch_size=8,192, load/cache=0.000s, weight_fold=0.199s, context=0.000s, weight_upload=0.039s, batches=0.593s, metrics=0.005s, total=0.836s
  [2mcuda-cpp SFNN[0m [1;36m[progress][0m  [1;36mepoch 15[0m  [1;33msb 88/108[0m  [33mthis-sb=39,976,960 pos (610 batches x 65,536)[0m  [36mtotal=63,963,136,000 pos[0m  [1;36mtrain_time=22751.6s[0m  [1;32mpos/s=2,811,369[0m
  [2mcuda-cpp SFNN[0m [1;33mvalidation overhead[0m: [35mreadback=0.234s[0m  [33mvalidation=0.862s[0m  [2msave=skipped[0m  [1;32mtotal=1.096s[0m
  [2mcuda-cpp SFNN[0m [33mvalidation[0m: epoch=15, superbatch=88, [35mtest_value_accuracy=0.7031100[0m, [35mtest_value_loss=0.07539168[0m, [1;36melapsed=0.862s[0m
  [2mcuda-cpp SFNN[0m [1;36m[progress][0m  [1;36mepoch 15[0m  [1;33msb 89/108[0m  [33mthis-sb=39,976,960 pos (610 batches x 65,536)[0m  [36mtotal=64,003,112,960 pos[0m  [1;36mtrain_time=22765.8s[0m  [1;32mpos/s=2,811,375[0m
  [2mcuda-cpp SFNN[0m [1;36m[progress][0m  [1;36mepoch 15[0m  [1;33msb 90/108[0m  [33mthis-sb=39,976,960 pos (610 batches x 65,536)[0m  [36mtotal=64,043,089,920 pos[0m  [1;36mtrain_time=22779.9s[0m  [1;32mpos/s=2,811,383[0m
  [2mcuda-cpp SFNN[0m [1;36m[progress][0m  [1;36mepoch 15[0m  [1;33msb 91/108[0m  [33mthis-sb=39,976,960 pos (610 batches x 65,536)[0m  [36mtotal=64,083,066,880 pos[0m  [1;36mtrain_time=22794.1s[0m  [1;32mpos/s=2,811,390[0m
  cuda-cpp HalfKA2 validation forward = gpu: positions=300000, batch_size=8192, elapsed=0.590s
  test: accuracy=70.3170% (210951/300000 decisive; draws=0 excluded; mate=0 filtered), loss=0.075436 (n=300000)
  [2mcuda-cpp HalfKA2[0m [1;33mvalidation detail[0m: positions=300,000, batch_size=8,192, load/cache=0.000s, weight_fold=0.196s, context=0.000s, weight_upload=0.039s, batches=0.590s, metrics=0.005s, total=0.830s
  [2mcuda-cpp SFNN[0m [1;36m[progress][0m  [1;36mepoch 15[0m  [1;33msb 92/108[0m  [33mthis-sb=39,976,960 pos (610 batches x 65,536)[0m  [36mtotal=64,123,043,840 pos[0m  [1;36mtrain_time=22808.2s[0m  [1;32mpos/s=2,811,397[0m
  [2mcuda-cpp SFNN[0m [1;33mvalidation overhead[0m: [35mreadback=0.232s[0m  [33mvalidation=0.855s[0m  [2msave=skipped[0m  [1;32mtotal=1.087s[0m
  [2mcuda-cpp SFNN[0m [33mvalidation[0m: epoch=15, superbatch=92, [35mtest_value_accuracy=0.7031700[0m, [35mtest_value_loss=0.07543623[0m, [1;36melapsed=0.855s[0m
  [2mcuda-cpp SFNN[0m [1;36m[progress][0m  [1;36mepoch 15[0m  [1;33msb 93/108[0m  [33mthis-sb=39,976,960 pos (610 batches x 65,536)[0m  [36mtotal=64,163,020,800 pos[0m  [1;36mtrain_time=22822.4s[0m  [1;32mpos/s=2,811,404[0m
  [2mcuda-cpp SFNN[0m [1;36m[progress][0m  [1;36mepoch 15[0m  [1;33msb 94/108[0m  [33mthis-sb=39,976,960 pos (610 batches x 65,536)[0m  [36mtotal=64,202,997,760 pos[0m  [1;36mtrain_time=22836.6s[0m  [1;32mpos/s=2,811,412[0m
  [2mcuda-cpp SFNN[0m [1;36m[progress][0m  [1;36mepoch 15[0m  [1;33msb 95/108[0m  [33mthis-sb=39,976,960 pos (610 batches x 65,536)[0m  [36mtotal=64,242,974,720 pos[0m  [1;36mtrain_time=22850.7s[0m  [1;32mpos/s=2,811,419[0m
  cuda-cpp HalfKA2 validation forward = gpu: positions=300000, batch_size=8192, elapsed=0.592s
  test: accuracy=70.3383% (211015/300000 decisive; draws=0 excluded; mate=0 filtered), loss=0.075352 (n=300000)
  [2mcuda-cpp HalfKA2[0m [1;33mvalidation detail[0m: positions=300,000, batch_size=8,192, load/cache=0.000s, weight_fold=0.195s, context=0.001s, weight_upload=0.040s, batches=0.592s, metrics=0.005s, total=0.833s
  [2mcuda-cpp SFNN[0m [1;36m[progress][0m  [1;36mepoch 15[0m  [1;33msb 96/108[0m  [33mthis-sb=39,976,960 pos (610 batches x 65,536)[0m  [36mtotal=64,282,951,680 pos[0m  [1;36mtrain_time=22864.9s[0m  [1;32mpos/s=2,811,426[0m
  [2mcuda-cpp SFNN[0m [1;33mvalidation overhead[0m: [35mreadback=0.250s[0m  [33mvalidation=0.855s[0m  [2msave=skipped[0m  [1;32mtotal=1.105s[0m
  [2mcuda-cpp SFNN[0m [33mvalidation[0m: epoch=15, superbatch=96, [35mtest_value_accuracy=0.7033833[0m, [35mtest_value_loss=0.07535176[0m, [1;36melapsed=0.855s[0m
  [2mcuda-cpp SFNN[0m [1;36m[progress][0m  [1;36mepoch 15[0m  [1;33msb 97/108[0m  [33mthis-sb=39,976,960 pos (610 batches x 65,536)[0m  [36mtotal=64,322,928,640 pos[0m  [1;36mtrain_time=22879.1s[0m  [1;32mpos/s=2,811,431[0m
  [2mcuda-cpp SFNN[0m [1;36m[progress][0m  [1;36mepoch 15[0m  [1;33msb 98/108[0m  [33mthis-sb=39,976,960 pos (610 batches x 65,536)[0m  [36mtotal=64,362,905,600 pos[0m  [1;36mtrain_time=22893.2s[0m  [1;32mpos/s=2,811,438[0m
  [2mcuda-cpp SFNN[0m [1;36m[progress][0m  [1;36mepoch 15[0m  [1;33msb 99/108[0m  [33mthis-sb=39,976,960 pos (610 batches x 65,536)[0m  [36mtotal=64,402,882,560 pos[0m  [1;36mtrain_time=22907.4s[0m  [1;32mpos/s=2,811,446[0m
  cuda-cpp HalfKA2 validation forward = gpu: positions=300000, batch_size=8192, elapsed=0.592s
  test: accuracy=70.3067% (210920/300000 decisive; draws=0 excluded; mate=0 filtered), loss=0.075268 (n=300000)
  [2mcuda-cpp HalfKA2[0m [1;33mvalidation detail[0m: positions=300,000, batch_size=8,192, load/cache=0.000s, weight_fold=0.198s, context=0.000s, weight_upload=0.040s, batches=0.592s, metrics=0.005s, total=0.836s
  [2mcuda-cpp SFNN[0m [1;36m[progress][0m  [1;36mepoch 15[0m  [1;33msb 100/108[0m  [33mthis-sb=39,976,960 pos (610 batches x 65,536)[0m  [36mtotal=64,442,859,520 pos[0m  [1;36mtrain_time=22921.5s[0m  [1;32mpos/s=2,811,453[0m
  [2mcuda-cpp SFNN[0m [1;33mvalidation overhead[0m: [35mreadback=0.235s[0m  [33mvalidation=0.861s[0m  [2msave=skipped[0m  [1;32mtotal=1.096s[0m
  [2mcuda-cpp SFNN[0m [33mvalidation[0m: epoch=15, superbatch=100, [35mtest_value_accuracy=0.7030666[0m, [35mtest_value_loss=0.07526797[0m, [1;36melapsed=0.861s[0m
  [2mcuda-cpp SFNN[0m [1;36m[progress][0m  [1;36mepoch 15[0m  [1;33msb 101/108[0m  [33mthis-sb=39,976,960 pos (610 batches x 65,536)[0m  [36mtotal=64,482,836,480 pos[0m  [1;36mtrain_time=22935.7s[0m  [1;32mpos/s=2,811,462[0m
  [2mcuda-cpp SFNN[0m [1;36m[progress][0m  [1;36mepoch 15[0m  [1;33msb 102/108[0m  [33mthis-sb=39,976,960 pos (610 batches x 65,536)[0m  [36mtotal=64,522,813,440 pos[0m  [1;36mtrain_time=22949.9s[0m  [1;32mpos/s=2,811,470[0m
  [2mcuda-cpp SFNN[0m [1;36m[progress][0m  [1;36mepoch 15[0m  [1;33msb 103/108[0m  [33mthis-sb=39,976,960 pos (610 batches x 65,536)[0m  [36mtotal=64,562,790,400 pos[0m  [1;36mtrain_time=22964.0s[0m  [1;32mpos/s=2,811,479[0m
  cuda-cpp HalfKA2 validation forward = gpu: positions=300000, batch_size=8192, elapsed=0.597s
  test: accuracy=70.3097% (210929/300000 decisive; draws=0 excluded; mate=0 filtered), loss=0.075291 (n=300000)
  [2mcuda-cpp HalfKA2[0m [1;33mvalidation detail[0m: positions=300,000, batch_size=8,192, load/cache=0.000s, weight_fold=0.190s, context=0.000s, weight_upload=0.041s, batches=0.597s, metrics=0.005s, total=0.833s
  [2mcuda-cpp SFNN[0m [1;36m[progress][0m  [1;36mepoch 15[0m  [1;33msb 104/108[0m  [33mthis-sb=39,976,960 pos (610 batches x 65,536)[0m  [36mtotal=64,602,767,360 pos[0m  [1;36mtrain_time=22978.1s[0m  [1;32mpos/s=2,811,487[0m
  [2mcuda-cpp SFNN[0m [1;33mvalidation overhead[0m: [35mreadback=0.227s[0m  [33mvalidation=0.857s[0m  [2msave=skipped[0m  [1;32mtotal=1.084s[0m
  [2mcuda-cpp SFNN[0m [33mvalidation[0m: epoch=15, superbatch=104, [35mtest_value_accuracy=0.7030967[0m, [35mtest_value_loss=0.07529131[0m, [1;36melapsed=0.857s[0m
  [2mcuda-cpp SFNN[0m [1;36m[progress][0m  [1;36mepoch 15[0m  [1;33msb 105/108[0m  [33mthis-sb=39,976,960 pos (610 batches x 65,536)[0m  [36mtotal=64,642,744,320 pos[0m  [1;36mtrain_time=22992.3s[0m  [1;32mpos/s=2,811,494[0m
  [2mcuda-cpp SFNN[0m [1;36m[progress][0m  [1;36mepoch 15[0m  [1;33msb 106/108[0m  [33mthis-sb=39,976,960 pos (610 batches x 65,536)[0m  [36mtotal=64,682,721,280 pos[0m  [1;36mtrain_time=23006.5s[0m  [1;32mpos/s=2,811,502[0m
  [2mcuda-cpp SFNN[0m [1;36m[progress][0m  [1;36mepoch 15[0m  [1;33msb 107/108[0m  [33mthis-sb=39,976,960 pos (610 batches x 65,536)[0m  [36mtotal=64,722,698,240 pos[0m  [1;36mtrain_time=23020.6s[0m  [1;32mpos/s=2,811,509[0m
  cuda-cpp HalfKA2 validation forward = gpu: positions=300000, batch_size=8192, elapsed=0.593s
  test: accuracy=70.3070% (210921/300000 decisive; draws=0 excluded; mate=0 filtered), loss=0.075353 (n=300000)
  [2mcuda-cpp HalfKA2[0m [1;33mvalidation detail[0m: positions=300,000, batch_size=8,192, load/cache=0.000s, weight_fold=0.190s, context=0.000s, weight_upload=0.041s, batches=0.593s, metrics=0.005s, total=0.830s
  [2mcuda-cpp SFNN[0m [1;32m[checkpoint][0m  [1;36mepoch 15[0m  [1;33msb 108/108[0m  [33mthis-sb=39,976,960 pos (610 batches x 65,536)[0m  [36mtotal=64,762,675,200 pos[0m  [1;36mtrain_time=23034.8s[0m  [1;32mpos/s=2,811,517[0m
  [2mcuda-cpp SFNN[0m [1;33mcheckpoint overhead[0m: [35mreadback=0.903s[0m  [33mvalidation=0.850s[0m  [36msave=4.480s (state.bin 2.04 GiB, 466 MiB/s)[0m  [1;32mtotal=6.234s[0m
  [2mcuda-cpp SFNN[0m [33mvalidation[0m: epoch=15, superbatch=108, [35mtest_value_accuracy=0.7030700[0m, [35mtest_value_loss=0.07535347[0m, [1;36melapsed=0.850s[0m
  [2mcuda-cpp SFNN[0m [1;36m[progress][0m  [1;36mepoch 16[0m  [1;33msb 1/108[0m  [33mthis-sb=39,976,960 pos (610 batches x 65,536)[0m  [36mtotal=64,802,652,160 pos[0m  [1;36mtrain_time=23049.0s[0m  [1;32mpos/s=2,811,522[0m
  [2mcuda-cpp SFNN[0m [1;36m[progress][0m  [1;36mepoch 16[0m  [1;33msb 2/108[0m  [33mthis-sb=39,976,960 pos (610 batches x 65,536)[0m  [36mtotal=64,842,629,120 pos[0m  [1;36mtrain_time=23063.2s[0m  [1;32mpos/s=2,811,521[0m
  [2mcuda-cpp SFNN[0m [1;36m[progress][0m  [1;36mepoch 16[0m  [1;33msb 3/108[0m  [33mthis-sb=39,976,960 pos (610 batches x 65,536)[0m  [36mtotal=64,882,606,080 pos[0m  [1;36mtrain_time=23077.3s[0m  [1;32mpos/s=2,811,533[0m
  cuda-cpp HalfKA2 validation forward = gpu: positions=300000, batch_size=8192, elapsed=0.593s
  test: accuracy=69.9287% (209786/300000 decisive; draws=0 excluded; mate=0 filtered), loss=0.076394 (n=300000)
  [2mcuda-cpp HalfKA2[0m [1;33mvalidation detail[0m: positions=300,000, batch_size=8,192, load/cache=0.000s, weight_fold=0.192s, context=0.000s, weight_upload=0.040s, batches=0.593s, metrics=0.005s, total=0.830s
  [2mcuda-cpp SFNN[0m [1;36m[progress][0m  [1;36mepoch 16[0m  [1;33msb 4/108[0m  [33mthis-sb=39,976,960 pos (610 batches x 65,536)[0m  [36mtotal=64,922,583,040 pos[0m  [1;36mtrain_time=23091.4s[0m  [1;32mpos/s=2,811,545[0m
  [2mcuda-cpp SFNN[0m [1;33mvalidation overhead[0m: [35mreadback=0.225s[0m  [33mvalidation=0.851s[0m  [2msave=skipped[0m  [1;32mtotal=1.076s[0m
  [2mcuda-cpp SFNN[0m [33mvalidation[0m: epoch=16, superbatch=4, [35mtest_value_accuracy=0.6992866[0m, [35mtest_value_loss=0.07639430[0m, [1;36melapsed=0.851s[0m
  [2mcuda-cpp SFNN[0m [1;36m[progress][0m  [1;36mepoch 16[0m  [1;33msb 5/108[0m  [33mthis-sb=39,976,960 pos (610 batches x 65,536)[0m  [36mtotal=64,962,560,000 pos[0m  [1;36mtrain_time=23105.6s[0m  [1;32mpos/s=2,811,555[0m
  [2mcuda-cpp SFNN[0m [1;36m[progress][0m  [1;36mepoch 16[0m  [1;33msb 6/108[0m  [33mthis-sb=39,976,960 pos (610 batches x 65,536)[0m  [36mtotal=65,002,536,960 pos[0m  [1;36mtrain_time=23119.7s[0m  [1;32mpos/s=2,811,566[0m
  [2mcuda-cpp SFNN[0m [1;36m[progress][0m  [1;36mepoch 16[0m  [1;33msb 7/108[0m  [33mthis-sb=39,976,960 pos (610 batches x 65,536)[0m  [36mtotal=65,042,513,920 pos[0m  [1;36mtrain_time=23133.8s[0m  [1;32mpos/s=2,811,575[0m
  cuda-cpp HalfKA2 validation forward = gpu: positions=300000, batch_size=8192, elapsed=0.593s
  test: accuracy=69.9653% (209896/300000 decisive; draws=0 excluded; mate=0 filtered), loss=0.076153 (n=300000)
  [2mcuda-cpp HalfKA2[0m [1;33mvalidation detail[0m: positions=300,000, batch_size=8,192, load/cache=0.000s, weight_fold=0.191s, context=0.000s, weight_upload=0.037s, batches=0.593s, metrics=0.005s, total=0.826s
  [2mcuda-cpp SFNN[0m [1;36m[progress][0m  [1;36mepoch 16[0m  [1;33msb 8/108[0m  [33mthis-sb=39,976,960 pos (610 batches x 65,536)[0m  [36mtotal=65,082,490,880 pos[0m  [1;36mtrain_time=23148.0s[0m  [1;32mpos/s=2,811,585[0m
  [2mcuda-cpp SFNN[0m [1;33mvalidation overhead[0m: [35mreadback=0.223s[0m  [33mvalidation=0.847s[0m  [2msave=skipped[0m  [1;32mtotal=1.069s[0m
  [2mcuda-cpp SFNN[0m [33mvalidation[0m: epoch=16, superbatch=8, [35mtest_value_accuracy=0.6996533[0m, [35mtest_value_loss=0.07615304[0m, [1;36melapsed=0.847s[0m
  [2mcuda-cpp SFNN[0m [1;36m[progress][0m  [1;36mepoch 16[0m  [1;33msb 9/108[0m  [33mthis-sb=39,976,960 pos (610 batches x 65,536)[0m  [36mtotal=65,122,467,840 pos[0m  [1;36mtrain_time=23162.1s[0m  [1;32mpos/s=2,811,594[0m
  [2mcuda-cpp SFNN[0m [1;36m[progress][0m  [1;36mepoch 16[0m  [1;33msb 10/108[0m  [33mthis-sb=39,976,960 pos (610 batches x 65,536)[0m  [36mtotal=65,162,444,800 pos[0m  [1;36mtrain_time=23176.3s[0m  [1;32mpos/s=2,811,604[0m
  [2mcuda-cpp SFNN[0m [1;36m[progress][0m  [1;36mepoch 16[0m  [1;33msb 11/108[0m  [33mthis-sb=39,976,960 pos (610 batches x 65,536)[0m  [36mtotal=65,202,421,760 pos[0m  [1;36mtrain_time=23190.4s[0m  [1;32mpos/s=2,811,613[0m
  cuda-cpp HalfKA2 validation forward = gpu: positions=300000, batch_size=8192, elapsed=0.601s
  test: accuracy=70.0583% (210175/300000 decisive; draws=0 excluded; mate=0 filtered), loss=0.075944 (n=300000)
  [2mcuda-cpp HalfKA2[0m [1;33mvalidation detail[0m: positions=300,000, batch_size=8,192, load/cache=0.000s, weight_fold=0.194s, context=0.000s, weight_upload=0.039s, batches=0.601s, metrics=0.005s, total=0.838s
  [2mcuda-cpp SFNN[0m [1;36m[progress][0m  [1;36mepoch 16[0m  [1;33msb 12/108[0m  [33mthis-sb=39,976,960 pos (610 batches x 65,536)[0m  [36mtotal=65,242,398,720 pos[0m  [1;36mtrain_time=23204.5s[0m  [1;32mpos/s=2,811,621[0m
  [2mcuda-cpp SFNN[0m [1;33mvalidation overhead[0m: [35mreadback=0.243s[0m  [33mvalidation=0.860s[0m  [2msave=skipped[0m  [1;32mtotal=1.104s[0m
  [2mcuda-cpp SFNN[0m [33mvalidation[0m: epoch=16, superbatch=12, [35mtest_value_accuracy=0.7005833[0m, [35mtest_value_loss=0.07594396[0m, [1;36melapsed=0.860s[0m
  [2mcuda-cpp SFNN[0m [1;36m[progress][0m  [1;36mepoch 16[0m  [1;33msb 13/108[0m  [33mthis-sb=39,976,960 pos (610 batches x 65,536)[0m  [36mtotal=65,282,375,680 pos[0m  [1;36mtrain_time=23218.7s[0m  [1;32mpos/s=2,811,629[0m
  [2mcuda-cpp SFNN[0m [1;36m[progress][0m  [1;36mepoch 16[0m  [1;33msb 14/108[0m  [33mthis-sb=39,976,960 pos (610 batches x 65,536)[0m  [36mtotal=65,322,352,640 pos[0m  [1;36mtrain_time=23232.8s[0m  [1;32mpos/s=2,811,639[0m
  [2mcuda-cpp SFNN[0m [1;36m[progress][0m  [1;36mepoch 16[0m  [1;33msb 15/108[0m  [33mthis-sb=39,976,960 pos (610 batches x 65,536)[0m  [36mtotal=65,362,329,600 pos[0m  [1;36mtrain_time=23247.0s[0m  [1;32mpos/s=2,811,648[0m
  cuda-cpp HalfKA2 validation forward = gpu: positions=300000, batch_size=8192, elapsed=0.593s
  test: accuracy=70.0943% (210283/300000 decisive; draws=0 excluded; mate=0 filtered), loss=0.075359 (n=300000)
  [2mcuda-cpp HalfKA2[0m [1;33mvalidation detail[0m: positions=300,000, batch_size=8,192, load/cache=0.000s, weight_fold=0.192s, context=0.000s, weight_upload=0.040s, batches=0.593s, metrics=0.005s, total=0.831s
  [2mcuda-cpp SFNN[0m [1;36m[progress][0m  [1;36mepoch 16[0m  [1;33msb 16/108[0m  [33mthis-sb=39,976,960 pos (610 batches x 65,536)[0m  [36mtotal=65,402,306,560 pos[0m  [1;36mtrain_time=23261.1s[0m  [1;32mpos/s=2,811,656[0m
  [2mcuda-cpp SFNN[0m [1;33mvalidation overhead[0m: [35mreadback=0.225s[0m  [33mvalidation=0.851s[0m  [2msave=skipped[0m  [1;32mtotal=1.076s[0m
  [2mcuda-cpp SFNN[0m [33mvalidation[0m: epoch=16, superbatch=16, [35mtest_value_accuracy=0.7009434[0m, [35mtest_value_loss=0.07535934[0m, [1;36melapsed=0.851s[0m
  [2mcuda-cpp SFNN[0m [1;36m[progress][0m  [1;36mepoch 16[0m  [1;33msb 17/108[0m  [33mthis-sb=39,976,960 pos (610 batches x 65,536)[0m  [36mtotal=65,442,283,520 pos[0m  [1;36mtrain_time=23275.3s[0m  [1;32mpos/s=2,811,663[0m
  [2mcuda-cpp SFNN[0m [1;36m[progress][0m  [1;36mepoch 16[0m  [1;33msb 18/108[0m  [33mthis-sb=39,976,960 pos (610 batches x 65,536)[0m  [36mtotal=65,482,260,480 pos[0m  [1;36mtrain_time=23289.4s[0m  [1;32mpos/s=2,811,673[0m
  [2mcuda-cpp SFNN[0m [1;36m[progress][0m  [1;36mepoch 16[0m  [1;33msb 19/108[0m  [33mthis-sb=39,976,960 pos (610 batches x 65,536)[0m  [36mtotal=65,522,237,440 pos[0m  [1;36mtrain_time=23303.6s[0m  [1;32mpos/s=2,811,682[0m
  cuda-cpp HalfKA2 validation forward = gpu: positions=300000, batch_size=8192, elapsed=0.593s
  test: accuracy=70.1050% (210315/300000 decisive; draws=0 excluded; mate=0 filtered), loss=0.076020 (n=300000)
  [2mcuda-cpp HalfKA2[0m [1;33mvalidation detail[0m: positions=300,000, batch_size=8,192, load/cache=0.000s, weight_fold=0.191s, context=0.000s, weight_upload=0.041s, batches=0.593s, metrics=0.005s, total=0.830s
  [2mcuda-cpp SFNN[0m [1;36m[progress][0m  [1;36mepoch 16[0m  [1;33msb 20/108[0m  [33mthis-sb=39,976,960 pos (610 batches x 65,536)[0m  [36mtotal=65,562,214,400 pos[0m  [1;36mtrain_time=23317.7s[0m  [1;32mpos/s=2,811,691[0m
  [2mcuda-cpp SFNN[0m [1;33mvalidation overhead[0m: [35mreadback=0.226s[0m  [33mvalidation=0.850s[0m  [2msave=skipped[0m  [1;32mtotal=1.076s[0m
  [2mcuda-cpp SFNN[0m [33mvalidation[0m: epoch=16, superbatch=20, [35mtest_value_accuracy=0.7010500[0m, [35mtest_value_loss=0.07601985[0m, [1;36melapsed=0.850s[0m
  [2mcuda-cpp SFNN[0m [1;36m[progress][0m  [1;36mepoch 16[0m  [1;33msb 21/108[0m  [33mthis-sb=39,976,960 pos (610 batches x 65,536)[0m  [36mtotal=65,602,191,360 pos[0m  [1;36mtrain_time=23331.9s[0m  [1;32mpos/s=2,811,699[0m
  [2mcuda-cpp SFNN[0m [1;36m[progress][0m  [1;36mepoch 16[0m  [1;33msb 22/108[0m  [33mthis-sb=39,976,960 pos (610 batches x 65,536)[0m  [36mtotal=65,642,168,320 pos[0m  [1;36mtrain_time=23346.0s[0m  [1;32mpos/s=2,811,705[0m
  [2mcuda-cpp SFNN[0m [1;36m[progress][0m  [1;36mepoch 16[0m  [1;33msb 23/108[0m  [33mthis-sb=39,976,960 pos (610 batches x 65,536)[0m  [36mtotal=65,682,145,280 pos[0m  [1;36mtrain_time=23360.2s[0m  [1;32mpos/s=2,811,713[0m
  cuda-cpp HalfKA2 validation forward = gpu: positions=300000, batch_size=8192, elapsed=0.592s
  test: accuracy=70.1467% (210440/300000 decisive; draws=0 excluded; mate=0 filtered), loss=0.075581 (n=300000)
  [2mcuda-cpp HalfKA2[0m [1;33mvalidation detail[0m: positions=300,000, batch_size=8,192, load/cache=0.000s, weight_fold=0.193s, context=0.000s, weight_upload=0.040s, batches=0.592s, metrics=0.005s, total=0.830s
  [2mcuda-cpp SFNN[0m [1;36m[progress][0m  [1;36mepoch 16[0m  [1;33msb 24/108[0m  [33mthis-sb=39,976,960 pos (610 batches x 65,536)[0m  [36mtotal=65,722,122,240 pos[0m  [1;36mtrain_time=23374.4s[0m  [1;32mpos/s=2,811,718[0m
  [2mcuda-cpp SFNN[0m [1;33mvalidation overhead[0m: [35mreadback=0.228s[0m  [33mvalidation=0.852s[0m  [2msave=skipped[0m  [1;32mtotal=1.080s[0m
  [2mcuda-cpp SFNN[0m [33mvalidation[0m: epoch=16, superbatch=24, [35mtest_value_accuracy=0.7014667[0m, [35mtest_value_loss=0.07558116[0m, [1;36melapsed=0.852s[0m
  [2mcuda-cpp SFNN[0m [1;36m[progress][0m  [1;36mepoch 16[0m  [1;33msb 25/108[0m  [33mthis-sb=39,976,960 pos (610 batches x 65,536)[0m  [36mtotal=65,762,099,200 pos[0m  [1;36mtrain_time=23388.5s[0m  [1;32mpos/s=2,811,726[0m
  [2mcuda-cpp SFNN[0m [1;36m[progress][0m  [1;36mepoch 16[0m  [1;33msb 26/108[0m  [33mthis-sb=39,976,960 pos (610 batches x 65,536)[0m  [36mtotal=65,802,076,160 pos[0m  [1;36mtrain_time=23402.7s[0m  [1;32mpos/s=2,811,736[0m
  [2mcuda-cpp SFNN[0m [1;36m[progress][0m  [1;36mepoch 16[0m  [1;33msb 27/108[0m  [33mthis-sb=39,976,960 pos (610 batches x 65,536)[0m  [36mtotal=65,842,053,120 pos[0m  [1;36mtrain_time=23416.8s[0m  [1;32mpos/s=2,811,743[0m
  cuda-cpp HalfKA2 validation forward = gpu: positions=300000, batch_size=8192, elapsed=0.592s
  test: accuracy=70.1750% (210525/300000 decisive; draws=0 excluded; mate=0 filtered), loss=0.075341 (n=300000)
  [2mcuda-cpp HalfKA2[0m [1;33mvalidation detail[0m: positions=300,000, batch_size=8,192, load/cache=0.000s, weight_fold=0.196s, context=0.001s, weight_upload=0.040s, batches=0.592s, metrics=0.005s, total=0.834s
  [2mcuda-cpp SFNN[0m [1;36m[progress][0m  [1;36mepoch 16[0m  [1;33msb 28/108[0m  [33mthis-sb=39,976,960 pos (610 batches x 65,536)[0m  [36mtotal=65,882,030,080 pos[0m  [1;36mtrain_time=23430.9s[0m  [1;32mpos/s=2,811,752[0m
  [2mcuda-cpp SFNN[0m [1;33mvalidation overhead[0m: [35mreadback=0.232s[0m  [33mvalidation=0.859s[0m  [2msave=skipped[0m  [1;32mtotal=1.091s[0m
  [2mcuda-cpp SFNN[0m [33mvalidation[0m: epoch=16, superbatch=28, [35mtest_value_accuracy=0.7017500[0m, [35mtest_value_loss=0.07534142[0m, [1;36melapsed=0.859s[0m
  [2mcuda-cpp SFNN[0m [1;36m[progress][0m  [1;36mepoch 16[0m  [1;33msb 29/108[0m  [33mthis-sb=39,976,960 pos (610 batches x 65,536)[0m  [36mtotal=65,922,007,040 pos[0m  [1;36mtrain_time=23445.1s[0m  [1;32mpos/s=2,811,758[0m
  [2mcuda-cpp SFNN[0m [1;36m[progress][0m  [1;36mepoch 16[0m  [1;33msb 30/108[0m  [33mthis-sb=39,976,960 pos (610 batches x 65,536)[0m  [36mtotal=65,961,984,000 pos[0m  [1;36mtrain_time=23459.3s[0m  [1;32mpos/s=2,811,767[0m
  [2mcuda-cpp SFNN[0m [1;36m[progress][0m  [1;36mepoch 16[0m  [1;33msb 31/108[0m  [33mthis-sb=39,976,960 pos (610 batches x 65,536)[0m  [36mtotal=66,001,960,960 pos[0m  [1;36mtrain_time=23473.4s[0m  [1;32mpos/s=2,811,773[0m
  cuda-cpp HalfKA2 validation forward = gpu: positions=300000, batch_size=8192, elapsed=0.604s
  test: accuracy=70.1850% (210555/300000 decisive; draws=0 excluded; mate=0 filtered), loss=0.075760 (n=300000)
  [2mcuda-cpp HalfKA2[0m [1;33mvalidation detail[0m: positions=300,000, batch_size=8,192, load/cache=0.000s, weight_fold=0.197s, context=0.000s, weight_upload=0.042s, batches=0.604s, metrics=0.005s, total=0.848s
  [2mcuda-cpp SFNN[0m [1;36m[progress][0m  [1;36mepoch 16[0m  [1;33msb 32/108[0m  [33mthis-sb=39,976,960 pos (610 batches x 65,536)[0m  [36mtotal=66,041,937,920 pos[0m  [1;36mtrain_time=23487.6s[0m  [1;32mpos/s=2,811,781[0m
  [2mcuda-cpp SFNN[0m [1;33mvalidation overhead[0m: [35mreadback=0.228s[0m  [33mvalidation=0.877s[0m  [2msave=skipped[0m  [1;32mtotal=1.105s[0m
  [2mcuda-cpp SFNN[0m [33mvalidation[0m: epoch=16, superbatch=32, [35mtest_value_accuracy=0.7018500[0m, [35mtest_value_loss=0.07576015[0m, [1;36melapsed=0.877s[0m
  [2mcuda-cpp SFNN[0m [1;36m[progress][0m  [1;36mepoch 16[0m  [1;33msb 33/108[0m  [33mthis-sb=39,976,960 pos (610 batches x 65,536)[0m  [36mtotal=66,081,914,880 pos[0m  [1;36mtrain_time=23501.7s[0m  [1;32mpos/s=2,811,787[0m
  [2mcuda-cpp SFNN[0m [1;36m[progress][0m  [1;36mepoch 16[0m  [1;33msb 34/108[0m  [33mthis-sb=39,976,960 pos (610 batches x 65,536)[0m  [36mtotal=66,121,891,840 pos[0m  [1;36mtrain_time=23515.9s[0m  [1;32mpos/s=2,811,797[0m
  [2mcuda-cpp SFNN[0m [1;36m[progress][0m  [1;36mepoch 16[0m  [1;33msb 35/108[0m  [33mthis-sb=39,976,960 pos (610 batches x 65,536)[0m  [36mtotal=66,161,868,800 pos[0m  [1;36mtrain_time=23530.0s[0m  [1;32mpos/s=2,811,805[0m
  cuda-cpp HalfKA2 validation forward = gpu: positions=300000, batch_size=8192, elapsed=0.590s
  test: accuracy=70.2340% (210702/300000 decisive; draws=0 excluded; mate=0 filtered), loss=0.075679 (n=300000)
  [2mcuda-cpp HalfKA2[0m [1;33mvalidation detail[0m: positions=300,000, batch_size=8,192, load/cache=0.000s, weight_fold=0.195s, context=0.000s, weight_upload=0.040s, batches=0.590s, metrics=0.005s, total=0.830s
  [2mcuda-cpp SFNN[0m [1;36m[progress][0m  [1;36mepoch 16[0m  [1;33msb 36/108[0m  [33mthis-sb=39,976,960 pos (610 batches x 65,536)[0m  [36mtotal=66,201,845,760 pos[0m  [1;36mtrain_time=23544.2s[0m  [1;32mpos/s=2,811,814[0m
  [2mcuda-cpp SFNN[0m [1;33mvalidation overhead[0m: [35mreadback=0.228s[0m  [33mvalidation=0.852s[0m  [2msave=skipped[0m  [1;32mtotal=1.080s[0m
  [2mcuda-cpp SFNN[0m [33mvalidation[0m: epoch=16, superbatch=36, [35mtest_value_accuracy=0.7023400[0m, [35mtest_value_loss=0.07567913[0m, [1;36melapsed=0.852s[0m
  [2mcuda-cpp SFNN[0m [1;36m[progress][0m  [1;36mepoch 16[0m  [1;33msb 37/108[0m  [33mthis-sb=39,976,960 pos (610 batches x 65,536)[0m  [36mtotal=66,241,822,720 pos[0m  [1;36mtrain_time=23558.3s[0m  [1;32mpos/s=2,811,822[0m
  [2mcuda-cpp SFNN[0m [1;36m[progress][0m  [1;36mepoch 16[0m  [1;33msb 38/108[0m  [33mthis-sb=39,976,960 pos (610 batches x 65,536)[0m  [36mtotal=66,281,799,680 pos[0m  [1;36mtrain_time=23572.5s[0m  [1;32mpos/s=2,811,829[0m
  [2mcuda-cpp SFNN[0m [1;36m[progress][0m  [1;36mepoch 16[0m  [1;33msb 39/108[0m  [33mthis-sb=39,976,960 pos (610 batches x 65,536)[0m  [36mtotal=66,321,776,640 pos[0m  [1;36mtrain_time=23586.6s[0m  [1;32mpos/s=2,811,838[0m
  cuda-cpp HalfKA2 validation forward = gpu: positions=300000, batch_size=8192, elapsed=0.590s
  test: accuracy=70.2517% (210755/300000 decisive; draws=0 excluded; mate=0 filtered), loss=0.075799 (n=300000)
  [2mcuda-cpp HalfKA2[0m [1;33mvalidation detail[0m: positions=300,000, batch_size=8,192, load/cache=0.000s, weight_fold=0.190s, context=0.000s, weight_upload=0.038s, batches=0.590s, metrics=0.005s, total=0.823s
  [2mcuda-cpp SFNN[0m [1;36m[progress][0m  [1;36mepoch 16[0m  [1;33msb 40/108[0m  [33mthis-sb=39,976,960 pos (610 batches x 65,536)[0m  [36mtotal=66,361,753,600 pos[0m  [1;36mtrain_time=23600.8s[0m  [1;32mpos/s=2,811,845[0m
  [2mcuda-cpp SFNN[0m [1;33mvalidation overhead[0m: [35mreadback=0.225s[0m  [33mvalidation=0.846s[0m  [2msave=skipped[0m  [1;32mtotal=1.070s[0m
  [2mcuda-cpp SFNN[0m [33mvalidation[0m: epoch=16, superbatch=40, [35mtest_value_accuracy=0.7025167[0m, [35mtest_value_loss=0.07579893[0m, [1;36melapsed=0.846s[0m
  [2mcuda-cpp SFNN[0m [1;36m[progress][0m  [1;36mepoch 16[0m  [1;33msb 41/108[0m  [33mthis-sb=39,976,960 pos (610 batches x 65,536)[0m  [36mtotal=66,401,730,560 pos[0m  [1;36mtrain_time=23614.9s[0m  [1;32mpos/s=2,811,851[0m
  [2mcuda-cpp SFNN[0m [1;36m[progress][0m  [1;36mepoch 16[0m  [1;33msb 42/108[0m  [33mthis-sb=39,976,960 pos (610 batches x 65,536)[0m  [36mtotal=66,441,707,520 pos[0m  [1;36mtrain_time=23629.1s[0m  [1;32mpos/s=2,811,860[0m
  [2mcuda-cpp SFNN[0m [1;36m[progress][0m  [1;36mepoch 16[0m  [1;33msb 43/108[0m  [33mthis-sb=39,976,960 pos (610 batches x 65,536)[0m  [36mtotal=66,481,684,480 pos[0m  [1;36mtrain_time=23643.2s[0m  [1;32mpos/s=2,811,869[0m
  cuda-cpp HalfKA2 validation forward = gpu: positions=300000, batch_size=8192, elapsed=0.597s
  test: accuracy=70.2390% (210717/300000 decisive; draws=0 excluded; mate=0 filtered), loss=0.076037 (n=300000)
  [2mcuda-cpp HalfKA2[0m [1;33mvalidation detail[0m: positions=300,000, batch_size=8,192, load/cache=0.000s, weight_fold=0.196s, context=0.000s, weight_upload=0.041s, batches=0.597s, metrics=0.005s, total=0.838s
  [2mcuda-cpp SFNN[0m [1;36m[progress][0m  [1;36mepoch 16[0m  [1;33msb 44/108[0m  [33mthis-sb=39,976,960 pos (610 batches x 65,536)[0m  [36mtotal=66,521,661,440 pos[0m  [1;36mtrain_time=23657.4s[0m  [1;32mpos/s=2,811,876[0m
  [2mcuda-cpp SFNN[0m [1;33mvalidation overhead[0m: [35mreadback=0.232s[0m  [33mvalidation=0.864s[0m  [2msave=skipped[0m  [1;32mtotal=1.097s[0m
  [2mcuda-cpp SFNN[0m [33mvalidation[0m: epoch=16, superbatch=44, [35mtest_value_accuracy=0.7023900[0m, [35mtest_value_loss=0.07603700[0m, [1;36melapsed=0.864s[0m
  [2mcuda-cpp SFNN[0m [1;36m[progress][0m  [1;36mepoch 16[0m  [1;33msb 45/108[0m  [33mthis-sb=39,976,960 pos (610 batches x 65,536)[0m  [36mtotal=66,561,638,400 pos[0m  [1;36mtrain_time=23671.6s[0m  [1;32mpos/s=2,811,882[0m
  [2mcuda-cpp SFNN[0m [1;36m[progress][0m  [1;36mepoch 16[0m  [1;33msb 46/108[0m  [33mthis-sb=39,976,960 pos (610 batches x 65,536)[0m  [36mtotal=66,601,615,360 pos[0m  [1;36mtrain_time=23685.7s[0m  [1;32mpos/s=2,811,891[0m
  [2mcuda-cpp SFNN[0m [1;36m[progress][0m  [1;36mepoch 16[0m  [1;33msb 47/108[0m  [33mthis-sb=39,976,960 pos (610 batches x 65,536)[0m  [36mtotal=66,641,592,320 pos[0m  [1;36mtrain_time=23699.9s[0m  [1;32mpos/s=2,811,895[0m
  cuda-cpp HalfKA2 validation forward = gpu: positions=300000, batch_size=8192, elapsed=0.593s
  test: accuracy=70.2643% (210793/300000 decisive; draws=0 excluded; mate=0 filtered), loss=0.075496 (n=300000)
  [2mcuda-cpp HalfKA2[0m [1;33mvalidation detail[0m: positions=300,000, batch_size=8,192, load/cache=0.000s, weight_fold=0.198s, context=0.000s, weight_upload=0.039s, batches=0.593s, metrics=0.005s, total=0.835s
  [2mcuda-cpp SFNN[0m [1;36m[progress][0m  [1;36mepoch 16[0m  [1;33msb 48/108[0m  [33mthis-sb=39,976,960 pos (610 batches x 65,536)[0m  [36mtotal=66,681,569,280 pos[0m  [1;36mtrain_time=23714.0s[0m  [1;32mpos/s=2,811,904[0m
  [2mcuda-cpp SFNN[0m [1;33mvalidation overhead[0m: [35mreadback=0.233s[0m  [33mvalidation=0.859s[0m  [2msave=skipped[0m  [1;32mtotal=1.092s[0m
  [2mcuda-cpp SFNN[0m [33mvalidation[0m: epoch=16, superbatch=48, [35mtest_value_accuracy=0.7026433[0m, [35mtest_value_loss=0.07549576[0m, [1;36melapsed=0.859s[0m
  [2mcuda-cpp SFNN[0m [1;36m[progress][0m  [1;36mepoch 16[0m  [1;33msb 49/108[0m  [33mthis-sb=39,976,960 pos (610 batches x 65,536)[0m  [36mtotal=66,721,546,240 pos[0m  [1;36mtrain_time=23728.2s[0m  [1;32mpos/s=2,811,908[0m
  [2mcuda-cpp SFNN[0m [1;36m[progress][0m  [1;36mepoch 16[0m  [1;33msb 50/108[0m  [33mthis-sb=39,976,960 pos (610 batches x 65,536)[0m  [36mtotal=66,761,523,200 pos[0m  [1;36mtrain_time=23742.4s[0m  [1;32mpos/s=2,811,916[0m
  [2mcuda-cpp SFNN[0m [1;36m[progress][0m  [1;36mepoch 16[0m  [1;33msb 51/108[0m  [33mthis-sb=39,976,960 pos (610 batches x 65,536)[0m  [36mtotal=66,801,500,160 pos[0m  [1;36mtrain_time=23756.5s[0m  [1;32mpos/s=2,811,924[0m
  cuda-cpp HalfKA2 validation forward = gpu: positions=300000, batch_size=8192, elapsed=0.591s
  test: accuracy=70.3017% (210905/300000 decisive; draws=0 excluded; mate=0 filtered), loss=0.075629 (n=300000)
  [2mcuda-cpp HalfKA2[0m [1;33mvalidation detail[0m: positions=300,000, batch_size=8,192, load/cache=0.000s, weight_fold=0.198s, context=0.001s, weight_upload=0.042s, batches=0.591s, metrics=0.005s, total=0.836s
  [2mcuda-cpp SFNN[0m [1;36m[progress][0m  [1;36mepoch 16[0m  [1;33msb 52/108[0m  [33mthis-sb=39,976,960 pos (610 batches x 65,536)[0m  [36mtotal=66,841,477,120 pos[0m  [1;36mtrain_time=23770.7s[0m  [1;32mpos/s=2,811,930[0m
  [2mcuda-cpp SFNN[0m [1;33mvalidation overhead[0m: [35mreadback=0.236s[0m  [33mvalidation=0.860s[0m  [2msave=skipped[0m  [1;32mtotal=1.096s[0m
  [2mcuda-cpp SFNN[0m [33mvalidation[0m: epoch=16, superbatch=52, [35mtest_value_accuracy=0.7030166[0m, [35mtest_value_loss=0.07562938[0m, [1;36melapsed=0.860s[0m
  [2mcuda-cpp SFNN[0m [1;36m[progress][0m  [1;36mepoch 16[0m  [1;33msb 53/108[0m  [33mthis-sb=39,976,960 pos (610 batches x 65,536)[0m  [36mtotal=66,881,454,080 pos[0m  [1;36mtrain_time=23784.8s[0m  [1;32mpos/s=2,811,936[0m
  [2mcuda-cpp SFNN[0m [1;36m[progress][0m  [1;36mepoch 16[0m  [1;33msb 54/108[0m  [33mthis-sb=39,976,960 pos (610 batches x 65,536)[0m  [36mtotal=66,921,431,040 pos[0m  [1;36mtrain_time=23799.0s[0m  [1;32mpos/s=2,811,942[0m
  [2mcuda-cpp SFNN[0m [1;36m[progress][0m  [1;36mepoch 16[0m  [1;33msb 55/108[0m  [33mthis-sb=39,976,960 pos (610 batches x 65,536)[0m  [36mtotal=66,961,408,000 pos[0m  [1;36mtrain_time=23813.2s[0m  [1;32mpos/s=2,811,948[0m
  cuda-cpp HalfKA2 validation forward = gpu: positions=300000, batch_size=8192, elapsed=0.594s
  test: accuracy=70.2677% (210803/300000 decisive; draws=0 excluded; mate=0 filtered), loss=0.075520 (n=300000)
  [2mcuda-cpp HalfKA2[0m [1;33mvalidation detail[0m: positions=300,000, batch_size=8,192, load/cache=0.000s, weight_fold=0.198s, context=0.001s, weight_upload=0.042s, batches=0.594s, metrics=0.005s, total=0.840s
  [2mcuda-cpp SFNN[0m [1;36m[progress][0m  [1;36mepoch 16[0m  [1;33msb 56/108[0m  [33mthis-sb=39,976,960 pos (610 batches x 65,536)[0m  [36mtotal=67,001,384,960 pos[0m  [1;36mtrain_time=23827.3s[0m  [1;32mpos/s=2,811,954[0m
  [2mcuda-cpp SFNN[0m [1;33mvalidation overhead[0m: [35mreadback=0.232s[0m  [33mvalidation=0.864s[0m  [2msave=skipped[0m  [1;32mtotal=1.095s[0m
  [2mcuda-cpp SFNN[0m [33mvalidation[0m: epoch=16, superbatch=56, [35mtest_value_accuracy=0.7026767[0m, [35mtest_value_loss=0.07552006[0m, [1;36melapsed=0.864s[0m
  [2mcuda-cpp SFNN[0m [1;36m[progress][0m  [1;36mepoch 16[0m  [1;33msb 57/108[0m  [33mthis-sb=39,976,960 pos (610 batches x 65,536)[0m  [36mtotal=67,041,361,920 pos[0m  [1;36mtrain_time=23841.5s[0m  [1;32mpos/s=2,811,959[0m
  [2mcuda-cpp SFNN[0m [1;36m[progress][0m  [1;36mepoch 16[0m  [1;33msb 58/108[0m  [33mthis-sb=39,976,960 pos (610 batches x 65,536)[0m  [36mtotal=67,081,338,880 pos[0m  [1;36mtrain_time=23855.7s[0m  [1;32mpos/s=2,811,965[0m
  [2mcuda-cpp SFNN[0m [1;36m[progress][0m  [1;36mepoch 16[0m  [1;33msb 59/108[0m  [33mthis-sb=39,976,960 pos (610 batches x 65,536)[0m  [36mtotal=67,121,315,840 pos[0m  [1;36mtrain_time=23869.8s[0m  [1;32mpos/s=2,811,971[0m
  cuda-cpp HalfKA2 validation forward = gpu: positions=300000, batch_size=8192, elapsed=0.607s
  test: accuracy=70.2317% (210695/300000 decisive; draws=0 excluded; mate=0 filtered), loss=0.075538 (n=300000)
  [2mcuda-cpp HalfKA2[0m [1;33mvalidation detail[0m: positions=300,000, batch_size=8,192, load/cache=0.000s, weight_fold=0.196s, context=0.000s, weight_upload=0.041s, batches=0.607s, metrics=0.005s, total=0.850s
  [2mcuda-cpp SFNN[0m [1;36m[progress][0m  [1;36mepoch 16[0m  [1;33msb 60/108[0m  [33mthis-sb=39,976,960 pos (610 batches x 65,536)[0m  [36mtotal=67,161,292,800 pos[0m  [1;36mtrain_time=23884.0s[0m  [1;32mpos/s=2,811,976[0m
  [2mcuda-cpp SFNN[0m [1;33mvalidation overhead[0m: [35mreadback=0.233s[0m  [33mvalidation=0.876s[0m  [2msave=skipped[0m  [1;32mtotal=1.109s[0m
  [2mcuda-cpp SFNN[0m [33mvalidation[0m: epoch=16, superbatch=60, [35mtest_value_accuracy=0.7023166[0m, [35mtest_value_loss=0.07553778[0m, [1;36melapsed=0.876s[0m
  [2mcuda-cpp SFNN[0m [1;36m[progress][0m  [1;36mepoch 16[0m  [1;33msb 61/108[0m  [33mthis-sb=39,976,960 pos (610 batches x 65,536)[0m  [36mtotal=67,201,269,760 pos[0m  [1;36mtrain_time=23898.2s[0m  [1;32mpos/s=2,811,980[0m
  [2mcuda-cpp SFNN[0m [1;36m[progress][0m  [1;36mepoch 16[0m  [1;33msb 62/108[0m  [33mthis-sb=39,976,960 pos (610 batches x 65,536)[0m  [36mtotal=67,241,246,720 pos[0m  [1;36mtrain_time=23912.5s[0m  [1;32mpos/s=2,811,974[0m
  [2mcuda-cpp SFNN[0m [1;36m[progress][0m  [1;36mepoch 16[0m  [1;33msb 63/108[0m  [33mthis-sb=39,976,960 pos (610 batches x 65,536)[0m  [36mtotal=67,281,223,680 pos[0m  [1;36mtrain_time=23926.6s[0m  [1;32mpos/s=2,811,980[0m
  cuda-cpp HalfKA2 validation forward = gpu: positions=300000, batch_size=8192, elapsed=0.595s
  test: accuracy=70.3360% (211008/300000 decisive; draws=0 excluded; mate=0 filtered), loss=0.075283 (n=300000)
  [2mcuda-cpp HalfKA2[0m [1;33mvalidation detail[0m: positions=300,000, batch_size=8,192, load/cache=0.000s, weight_fold=0.198s, context=0.001s, weight_upload=0.042s, batches=0.595s, metrics=0.005s, total=0.840s
  [2mcuda-cpp SFNN[0m [1;36m[progress][0m  [1;36mepoch 16[0m  [1;33msb 64/108[0m  [33mthis-sb=39,976,960 pos (610 batches x 65,536)[0m  [36mtotal=67,321,200,640 pos[0m  [1;36mtrain_time=23940.8s[0m  [1;32mpos/s=2,811,985[0m
  [2mcuda-cpp SFNN[0m [1;33mvalidation overhead[0m: [35mreadback=0.236s[0m  [33mvalidation=0.863s[0m  [2msave=skipped[0m  [1;32mtotal=1.099s[0m
  [2mcuda-cpp SFNN[0m [33mvalidation[0m: epoch=16, superbatch=64, [35mtest_value_accuracy=0.7033600[0m, [35mtest_value_loss=0.07528321[0m, [1;36melapsed=0.863s[0m
  [2mcuda-cpp SFNN[0m [1;36m[progress][0m  [1;36mepoch 16[0m  [1;33msb 65/108[0m  [33mthis-sb=39,976,960 pos (610 batches x 65,536)[0m  [36mtotal=67,361,177,600 pos[0m  [1;36mtrain_time=23955.0s[0m  [1;32mpos/s=2,811,988[0m
  [2mcuda-cpp SFNN[0m [1;36m[progress][0m  [1;36mepoch 16[0m  [1;33msb 66/108[0m  [33mthis-sb=39,976,960 pos (610 batches x 65,536)[0m  [36mtotal=67,401,154,560 pos[0m  [1;36mtrain_time=23969.2s[0m  [1;32mpos/s=2,811,993[0m
  [2mcuda-cpp SFNN[0m [1;36m[progress][0m  [1;36mepoch 16[0m  [1;33msb 67/108[0m  [33mthis-sb=39,976,960 pos (610 batches x 65,536)[0m  [36mtotal=67,441,131,520 pos[0m  [1;36mtrain_time=23983.3s[0m  [1;32mpos/s=2,811,999[0m
  cuda-cpp HalfKA2 validation forward = gpu: positions=300000, batch_size=8192, elapsed=0.594s
  test: accuracy=70.2653% (210796/300000 decisive; draws=0 excluded; mate=0 filtered), loss=0.075632 (n=300000)
  [2mcuda-cpp HalfKA2[0m [1;33mvalidation detail[0m: positions=300,000, batch_size=8,192, load/cache=0.000s, weight_fold=0.197s, context=0.000s, weight_upload=0.040s, batches=0.594s, metrics=0.005s, total=0.837s
  [2mcuda-cpp SFNN[0m [1;36m[progress][0m  [1;36mepoch 16[0m  [1;33msb 68/108[0m  [33mthis-sb=39,976,960 pos (610 batches x 65,536)[0m  [36mtotal=67,481,108,480 pos[0m  [1;36mtrain_time=23997.5s[0m  [1;32mpos/s=2,812,003[0m
  [2mcuda-cpp SFNN[0m [1;33mvalidation overhead[0m: [35mreadback=0.233s[0m  [33mvalidation=0.860s[0m  [2msave=skipped[0m  [1;32mtotal=1.093s[0m
  [2mcuda-cpp SFNN[0m [33mvalidation[0m: epoch=16, superbatch=68, [35mtest_value_accuracy=0.7026533[0m, [35mtest_value_loss=0.07563205[0m, [1;36melapsed=0.860s[0m
  [2mcuda-cpp SFNN[0m [1;36m[progress][0m  [1;36mepoch 16[0m  [1;33msb 69/108[0m  [33mthis-sb=39,976,960 pos (610 batches x 65,536)[0m  [36mtotal=67,521,085,440 pos[0m  [1;36mtrain_time=24011.7s[0m  [1;32mpos/s=2,812,005[0m
  [2mcuda-cpp SFNN[0m [1;36m[progress][0m  [1;36mepoch 16[0m  [1;33msb 70/108[0m  [33mthis-sb=39,976,960 pos (610 batches x 65,536)[0m  [36mtotal=67,561,062,400 pos[0m  [1;36mtrain_time=24025.9s[0m  [1;32mpos/s=2,812,009[0m
  [2mcuda-cpp SFNN[0m [1;36m[progress][0m  [1;36mepoch 16[0m  [1;33msb 71/108[0m  [33mthis-sb=39,976,960 pos (610 batches x 65,536)[0m  [36mtotal=67,601,039,360 pos[0m  [1;36mtrain_time=24040.1s[0m  [1;32mpos/s=2,812,013[0m
  cuda-cpp HalfKA2 validation forward = gpu: positions=300000, batch_size=8192, elapsed=0.593s
  test: accuracy=70.2360% (210708/300000 decisive; draws=0 excluded; mate=0 filtered), loss=0.075525 (n=300000)
  [2mcuda-cpp HalfKA2[0m [1;33mvalidation detail[0m: positions=300,000, batch_size=8,192, load/cache=0.000s, weight_fold=0.198s, context=0.000s, weight_upload=0.042s, batches=0.593s, metrics=0.005s, total=0.838s
  [2mcuda-cpp SFNN[0m [1;36m[progress][0m  [1;36mepoch 16[0m  [1;33msb 72/108[0m  [33mthis-sb=39,976,960 pos (610 batches x 65,536)[0m  [36mtotal=67,641,016,320 pos[0m  [1;36mtrain_time=24054.3s[0m  [1;32mpos/s=2,812,018[0m
  [2mcuda-cpp SFNN[0m [1;33mvalidation overhead[0m: [35mreadback=0.232s[0m  [33mvalidation=0.862s[0m  [2msave=skipped[0m  [1;32mtotal=1.094s[0m
  [2mcuda-cpp SFNN[0m [33mvalidation[0m: epoch=16, superbatch=72, [35mtest_value_accuracy=0.7023600[0m, [35mtest_value_loss=0.07552531[0m, [1;36melapsed=0.862s[0m
  [2mcuda-cpp SFNN[0m [1;36m[progress][0m  [1;36mepoch 16[0m  [1;33msb 73/108[0m  [33mthis-sb=39,976,960 pos (610 batches x 65,536)[0m  [36mtotal=67,680,993,280 pos[0m  [1;36mtrain_time=24068.5s[0m  [1;32mpos/s=2,812,021[0m
  [2mcuda-cpp SFNN[0m [1;36m[progress][0m  [1;36mepoch 16[0m  [1;33msb 74/108[0m  [33mthis-sb=39,976,960 pos (610 batches x 65,536)[0m  [36mtotal=67,720,970,240 pos[0m  [1;36mtrain_time=24082.7s[0m  [1;32mpos/s=2,812,023[0m
  [2mcuda-cpp SFNN[0m [1;36m[progress][0m  [1;36mepoch 16[0m  [1;33msb 75/108[0m  [33mthis-sb=39,976,960 pos (610 batches x 65,536)[0m  [36mtotal=67,760,947,200 pos[0m  [1;36mtrain_time=24096.9s[0m  [1;32mpos/s=2,812,023[0m
  cuda-cpp HalfKA2 validation forward = gpu: positions=300000, batch_size=8192, elapsed=0.594s
  test: accuracy=70.2757% (210827/300000 decisive; draws=0 excluded; mate=0 filtered), loss=0.075582 (n=300000)
  [2mcuda-cpp HalfKA2[0m [1;33mvalidation detail[0m: positions=300,000, batch_size=8,192, load/cache=0.000s, weight_fold=0.197s, context=0.000s, weight_upload=0.040s, batches=0.594s, metrics=0.005s, total=0.836s
  [2mcuda-cpp SFNN[0m [1;36m[progress][0m  [1;36mepoch 16[0m  [1;33msb 76/108[0m  [33mthis-sb=39,976,960 pos (610 batches x 65,536)[0m  [36mtotal=67,800,924,160 pos[0m  [1;36mtrain_time=24111.1s[0m  [1;32mpos/s=2,812,027[0m
  [2mcuda-cpp SFNN[0m [1;33mvalidation overhead[0m: [35mreadback=0.231s[0m  [33mvalidation=0.859s[0m  [2msave=skipped[0m  [1;32mtotal=1.090s[0m
  [2mcuda-cpp SFNN[0m [33mvalidation[0m: epoch=16, superbatch=76, [35mtest_value_accuracy=0.7027566[0m, [35mtest_value_loss=0.07558219[0m, [1;36melapsed=0.859s[0m
  [2mcuda-cpp SFNN[0m [1;36m[progress][0m  [1;36mepoch 16[0m  [1;33msb 77/108[0m  [33mthis-sb=39,976,960 pos (610 batches x 65,536)[0m  [36mtotal=67,840,901,120 pos[0m  [1;36mtrain_time=24125.3s[0m  [1;32mpos/s=2,812,029[0m
  [2mcuda-cpp SFNN[0m [1;36m[progress][0m  [1;36mepoch 16[0m  [1;33msb 78/108[0m  [33mthis-sb=39,976,960 pos (610 batches x 65,536)[0m  [36mtotal=67,880,878,080 pos[0m  [1;36mtrain_time=24139.4s[0m  [1;32mpos/s=2,812,035[0m
  [2mcuda-cpp SFNN[0m [1;36m[progress][0m  [1;36mepoch 16[0m  [1;33msb 79/108[0m  [33mthis-sb=39,976,960 pos (610 batches x 65,536)[0m  [36mtotal=67,920,855,040 pos[0m  [1;36mtrain_time=24153.6s[0m  [1;32mpos/s=2,812,039[0m
  cuda-cpp HalfKA2 validation forward = gpu: positions=300000, batch_size=8192, elapsed=0.590s
  test: accuracy=70.3077% (210923/300000 decisive; draws=0 excluded; mate=0 filtered), loss=0.075396 (n=300000)
  [2mcuda-cpp HalfKA2[0m [1;33mvalidation detail[0m: positions=300,000, batch_size=8,192, load/cache=0.000s, weight_fold=0.196s, context=0.001s, weight_upload=0.040s, batches=0.590s, metrics=0.005s, total=0.831s
  [2mcuda-cpp SFNN[0m [1;36m[progress][0m  [1;36mepoch 16[0m  [1;33msb 80/108[0m  [33mthis-sb=39,976,960 pos (610 batches x 65,536)[0m  [36mtotal=67,960,832,000 pos[0m  [1;36mtrain_time=24167.8s[0m  [1;32mpos/s=2,812,045[0m
  [2mcuda-cpp SFNN[0m [1;33mvalidation overhead[0m: [35mreadback=0.231s[0m  [33mvalidation=0.854s[0m  [2msave=skipped[0m  [1;32mtotal=1.086s[0m
  [2mcuda-cpp SFNN[0m [33mvalidation[0m: epoch=16, superbatch=80, [35mtest_value_accuracy=0.7030767[0m, [35mtest_value_loss=0.07539590[0m, [1;36melapsed=0.854s[0m
  [2mcuda-cpp SFNN[0m [1;36m[progress][0m  [1;36mepoch 16[0m  [1;33msb 81/108[0m  [33mthis-sb=39,976,960 pos (610 batches x 65,536)[0m  [36mtotal=68,000,808,960 pos[0m  [1;36mtrain_time=24182.0s[0m  [1;32mpos/s=2,812,048[0m
  [2mcuda-cpp SFNN[0m [1;36m[progress][0m  [1;36mepoch 16[0m  [1;33msb 82/108[0m  [33mthis-sb=39,976,960 pos (610 batches x 65,536)[0m  [36mtotal=68,040,785,920 pos[0m  [1;36mtrain_time=24196.1s[0m  [1;32mpos/s=2,812,053[0m
  [2mcuda-cpp SFNN[0m [1;36m[progress][0m  [1;36mepoch 16[0m  [1;33msb 83/108[0m  [33mthis-sb=39,976,960 pos (610 batches x 65,536)[0m  [36mtotal=68,080,762,880 pos[0m  [1;36mtrain_time=24210.3s[0m  [1;32mpos/s=2,812,057[0m
  cuda-cpp HalfKA2 validation forward = gpu: positions=300000, batch_size=8192, elapsed=0.606s
  test: accuracy=70.2900% (210870/300000 decisive; draws=0 excluded; mate=0 filtered), loss=0.075454 (n=300000)
  [2mcuda-cpp HalfKA2[0m [1;33mvalidation detail[0m: positions=300,000, batch_size=8,192, load/cache=0.000s, weight_fold=0.196s, context=0.000s, weight_upload=0.040s, batches=0.606s, metrics=0.005s, total=0.848s
  [2mcuda-cpp SFNN[0m [1;36m[progress][0m  [1;36mepoch 16[0m  [1;33msb 84/108[0m  [33mthis-sb=39,976,960 pos (610 batches x 65,536)[0m  [36mtotal=68,120,739,840 pos[0m  [1;36mtrain_time=24224.5s[0m  [1;32mpos/s=2,812,060[0m
  [2mcuda-cpp SFNN[0m [1;33mvalidation overhead[0m: [35mreadback=0.237s[0m  [33mvalidation=0.873s[0m  [2msave=skipped[0m  [1;32mtotal=1.110s[0m
  [2mcuda-cpp SFNN[0m [33mvalidation[0m: epoch=16, superbatch=84, [35mtest_value_accuracy=0.7029000[0m, [35mtest_value_loss=0.07545356[0m, [1;36melapsed=0.873s[0m
  [2mcuda-cpp SFNN[0m [1;36m[progress][0m  [1;36mepoch 16[0m  [1;33msb 85/108[0m  [33mthis-sb=39,976,960 pos (610 batches x 65,536)[0m  [36mtotal=68,160,716,800 pos[0m  [1;36mtrain_time=24238.7s[0m  [1;32mpos/s=2,812,061[0m
  [2mcuda-cpp SFNN[0m [1;36m[progress][0m  [1;36mepoch 16[0m  [1;33msb 86/108[0m  [33mthis-sb=39,976,960 pos (610 batches x 65,536)[0m  [36mtotal=68,200,693,760 pos[0m  [1;36mtrain_time=24252.9s[0m  [1;32mpos/s=2,812,067[0m
  [2mcuda-cpp SFNN[0m [1;36m[progress][0m  [1;36mepoch 16[0m  [1;33msb 87/108[0m  [33mthis-sb=39,976,960 pos (610 batches x 65,536)[0m  [36mtotal=68,240,670,720 pos[0m  [1;36mtrain_time=24267.0s[0m  [1;32mpos/s=2,812,072[0m
  cuda-cpp HalfKA2 validation forward = gpu: positions=300000, batch_size=8192, elapsed=0.594s
  test: accuracy=70.3360% (211008/300000 decisive; draws=0 excluded; mate=0 filtered), loss=0.075555 (n=300000)
  [2mcuda-cpp HalfKA2[0m [1;33mvalidation detail[0m: positions=300,000, batch_size=8,192, load/cache=0.000s, weight_fold=0.199s, context=0.000s, weight_upload=0.041s, batches=0.594s, metrics=0.005s, total=0.838s
  [2mcuda-cpp SFNN[0m [1;36m[progress][0m  [1;36mepoch 16[0m  [1;33msb 88/108[0m  [33mthis-sb=39,976,960 pos (610 batches x 65,536)[0m  [36mtotal=68,280,647,680 pos[0m  [1;36mtrain_time=24281.2s[0m  [1;32mpos/s=2,812,077[0m
  [2mcuda-cpp SFNN[0m [1;33mvalidation overhead[0m: [35mreadback=0.232s[0m  [33mvalidation=0.862s[0m  [2msave=skipped[0m  [1;32mtotal=1.094s[0m
  [2mcuda-cpp SFNN[0m [33mvalidation[0m: epoch=16, superbatch=88, [35mtest_value_accuracy=0.7033600[0m, [35mtest_value_loss=0.07555478[0m, [1;36melapsed=0.862s[0m
  [2mcuda-cpp SFNN[0m [1;36m[progress][0m  [1;36mepoch 16[0m  [1;33msb 89/108[0m  [33mthis-sb=39,976,960 pos (610 batches x 65,536)[0m  [36mtotal=68,320,624,640 pos[0m  [1;36mtrain_time=24295.4s[0m  [1;32mpos/s=2,812,081[0m
  [2mcuda-cpp SFNN[0m [1;36m[progress][0m  [1;36mepoch 16[0m  [1;33msb 90/108[0m  [33mthis-sb=39,976,960 pos (610 batches x 65,536)[0m  [36mtotal=68,360,601,600 pos[0m  [1;36mtrain_time=24309.6s[0m  [1;32mpos/s=2,812,088[0m
  [2mcuda-cpp SFNN[0m [1;36m[progress][0m  [1;36mepoch 16[0m  [1;33msb 91/108[0m  [33mthis-sb=39,976,960 pos (610 batches x 65,536)[0m  [36mtotal=68,400,578,560 pos[0m  [1;36mtrain_time=24323.7s[0m  [1;32mpos/s=2,812,094[0m
  cuda-cpp HalfKA2 validation forward = gpu: positions=300000, batch_size=8192, elapsed=0.592s
  test: accuracy=70.3033% (210910/300000 decisive; draws=0 excluded; mate=0 filtered), loss=0.075451 (n=300000)
  [2mcuda-cpp HalfKA2[0m [1;33mvalidation detail[0m: positions=300,000, batch_size=8,192, load/cache=0.000s, weight_fold=0.198s, context=0.000s, weight_upload=0.038s, batches=0.592s, metrics=0.005s, total=0.834s
  [2mcuda-cpp SFNN[0m [1;36m[progress][0m  [1;36mepoch 16[0m  [1;33msb 92/108[0m  [33mthis-sb=39,976,960 pos (610 batches x 65,536)[0m  [36mtotal=68,440,555,520 pos[0m  [1;36mtrain_time=24337.9s[0m  [1;32mpos/s=2,812,099[0m
  [2mcuda-cpp SFNN[0m [1;33mvalidation overhead[0m: [35mreadback=0.233s[0m  [33mvalidation=0.858s[0m  [2msave=skipped[0m  [1;32mtotal=1.092s[0m
  [2mcuda-cpp SFNN[0m [33mvalidation[0m: epoch=16, superbatch=92, [35mtest_value_accuracy=0.7030333[0m, [35mtest_value_loss=0.07545145[0m, [1;36melapsed=0.858s[0m
  [2mcuda-cpp SFNN[0m [1;36m[progress][0m  [1;36mepoch 16[0m  [1;33msb 93/108[0m  [33mthis-sb=39,976,960 pos (610 batches x 65,536)[0m  [36mtotal=68,480,532,480 pos[0m  [1;36mtrain_time=24352.1s[0m  [1;32mpos/s=2,812,104[0m
  [2mcuda-cpp SFNN[0m [1;36m[progress][0m  [1;36mepoch 16[0m  [1;33msb 94/108[0m  [33mthis-sb=39,976,960 pos (610 batches x 65,536)[0m  [36mtotal=68,520,509,440 pos[0m  [1;36mtrain_time=24366.2s[0m  [1;32mpos/s=2,812,109[0m
  [2mcuda-cpp SFNN[0m [1;36m[progress][0m  [1;36mepoch 16[0m  [1;33msb 95/108[0m  [33mthis-sb=39,976,960 pos (610 batches x 65,536)[0m  [36mtotal=68,560,486,400 pos[0m  [1;36mtrain_time=24380.4s[0m  [1;32mpos/s=2,812,116[0m
  cuda-cpp HalfKA2 validation forward = gpu: positions=300000, batch_size=8192, elapsed=0.592s
  test: accuracy=70.3283% (210985/300000 decisive; draws=0 excluded; mate=0 filtered), loss=0.075434 (n=300000)
  [2mcuda-cpp HalfKA2[0m [1;33mvalidation detail[0m: positions=300,000, batch_size=8,192, load/cache=0.000s, weight_fold=0.197s, context=0.000s, weight_upload=0.038s, batches=0.592s, metrics=0.005s, total=0.833s
  [2mcuda-cpp SFNN[0m [1;36m[progress][0m  [1;36mepoch 16[0m  [1;33msb 96/108[0m  [33mthis-sb=39,976,960 pos (610 batches x 65,536)[0m  [36mtotal=68,600,463,360 pos[0m  [1;36mtrain_time=24394.6s[0m  [1;32mpos/s=2,812,122[0m
  [2mcuda-cpp SFNN[0m [1;33mvalidation overhead[0m: [35mreadback=0.229s[0m  [33mvalidation=0.856s[0m  [2msave=skipped[0m  [1;32mtotal=1.085s[0m
  [2mcuda-cpp SFNN[0m [33mvalidation[0m: epoch=16, superbatch=96, [35mtest_value_accuracy=0.7032833[0m, [35mtest_value_loss=0.07543381[0m, [1;36melapsed=0.856s[0m
  [2mcuda-cpp SFNN[0m [1;36m[progress][0m  [1;36mepoch 16[0m  [1;33msb 97/108[0m  [33mthis-sb=39,976,960 pos (610 batches x 65,536)[0m  [36mtotal=68,640,440,320 pos[0m  [1;36mtrain_time=24408.7s[0m  [1;32mpos/s=2,812,126[0m
  [2mcuda-cpp SFNN[0m [1;36m[progress][0m  [1;36mepoch 16[0m  [1;33msb 98/108[0m  [33mthis-sb=39,976,960 pos (610 batches x 65,536)[0m  [36mtotal=68,680,417,280 pos[0m  [1;36mtrain_time=24422.9s[0m  [1;32mpos/s=2,812,132[0m
  [2mcuda-cpp SFNN[0m [1;36m[progress][0m  [1;36mepoch 16[0m  [1;33msb 99/108[0m  [33mthis-sb=39,976,960 pos (610 batches x 65,536)[0m  [36mtotal=68,720,394,240 pos[0m  [1;36mtrain_time=24437.1s[0m  [1;32mpos/s=2,812,138[0m
  cuda-cpp HalfKA2 validation forward = gpu: positions=300000, batch_size=8192, elapsed=0.593s
  test: accuracy=70.3283% (210985/300000 decisive; draws=0 excluded; mate=0 filtered), loss=0.075359 (n=300000)
  [2mcuda-cpp HalfKA2[0m [1;33mvalidation detail[0m: positions=300,000, batch_size=8,192, load/cache=0.000s, weight_fold=0.198s, context=0.000s, weight_upload=0.041s, batches=0.593s, metrics=0.005s, total=0.837s
  [2mcuda-cpp SFNN[0m [1;36m[progress][0m  [1;36mepoch 16[0m  [1;33msb 100/108[0m  [33mthis-sb=39,976,960 pos (610 batches x 65,536)[0m  [36mtotal=68,760,371,200 pos[0m  [1;36mtrain_time=24451.2s[0m  [1;32mpos/s=2,812,144[0m
  [2mcuda-cpp SFNN[0m [1;33mvalidation overhead[0m: [35mreadback=0.234s[0m  [33mvalidation=0.861s[0m  [2msave=skipped[0m  [1;32mtotal=1.095s[0m
  [2mcuda-cpp SFNN[0m [33mvalidation[0m: epoch=16, superbatch=100, [35mtest_value_accuracy=0.7032833[0m, [35mtest_value_loss=0.07535917[0m, [1;36melapsed=0.861s[0m
  [2mcuda-cpp SFNN[0m [1;36m[progress][0m  [1;36mepoch 16[0m  [1;33msb 101/108[0m  [33mthis-sb=39,976,960 pos (610 batches x 65,536)[0m  [36mtotal=68,800,348,160 pos[0m  [1;36mtrain_time=24465.4s[0m  [1;32mpos/s=2,812,147[0m
  [2mcuda-cpp SFNN[0m [1;36m[progress][0m  [1;36mepoch 16[0m  [1;33msb 102/108[0m  [33mthis-sb=39,976,960 pos (610 batches x 65,536)[0m  [36mtotal=68,840,325,120 pos[0m  [1;36mtrain_time=24479.6s[0m  [1;32mpos/s=2,812,153[0m
  [2mcuda-cpp SFNN[0m [1;36m[progress][0m  [1;36mepoch 16[0m  [1;33msb 103/108[0m  [33mthis-sb=39,976,960 pos (610 batches x 65,536)[0m  [36mtotal=68,880,302,080 pos[0m  [1;36mtrain_time=24493.7s[0m  [1;32mpos/s=2,812,160[0m
  cuda-cpp HalfKA2 validation forward = gpu: positions=300000, batch_size=8192, elapsed=0.590s
  test: accuracy=70.3087% (210926/300000 decisive; draws=0 excluded; mate=0 filtered), loss=0.075371 (n=300000)
  [2mcuda-cpp HalfKA2[0m [1;33mvalidation detail[0m: positions=300,000, batch_size=8,192, load/cache=0.000s, weight_fold=0.196s, context=0.000s, weight_upload=0.040s, batches=0.590s, metrics=0.005s, total=0.832s
  [2mcuda-cpp SFNN[0m [1;36m[progress][0m  [1;36mepoch 16[0m  [1;33msb 104/108[0m  [33mthis-sb=39,976,960 pos (610 batches x 65,536)[0m  [36mtotal=68,920,279,040 pos[0m  [1;36mtrain_time=24507.9s[0m  [1;32mpos/s=2,812,166[0m
  [2mcuda-cpp SFNN[0m [1;33mvalidation overhead[0m: [35mreadback=0.240s[0m  [33mvalidation=0.855s[0m  [2msave=skipped[0m  [1;32mtotal=1.095s[0m
  [2mcuda-cpp SFNN[0m [33mvalidation[0m: epoch=16, superbatch=104, [35mtest_value_accuracy=0.7030867[0m, [35mtest_value_loss=0.07537081[0m, [1;36melapsed=0.855s[0m
  [2mcuda-cpp SFNN[0m [1;36m[progress][0m  [1;36mepoch 16[0m  [1;33msb 105/108[0m  [33mthis-sb=39,976,960 pos (610 batches x 65,536)[0m  [36mtotal=68,960,256,000 pos[0m  [1;36mtrain_time=24522.1s[0m  [1;32mpos/s=2,812,169[0m
  [2mcuda-cpp SFNN[0m [1;36m[progress][0m  [1;36mepoch 16[0m  [1;33msb 106/108[0m  [33mthis-sb=39,976,960 pos (610 batches x 65,536)[0m  [36mtotal=69,000,232,960 pos[0m  [1;36mtrain_time=24536.2s[0m  [1;32mpos/s=2,812,176[0m
  [2mcuda-cpp SFNN[0m [1;36m[progress][0m  [1;36mepoch 16[0m  [1;33msb 107/108[0m  [33mthis-sb=39,976,960 pos (610 batches x 65,536)[0m  [36mtotal=69,040,209,920 pos[0m  [1;36mtrain_time=24550.4s[0m  [1;32mpos/s=2,812,181[0m
  cuda-cpp HalfKA2 validation forward = gpu: positions=300000, batch_size=8192, elapsed=0.593s
  test: accuracy=70.3030% (210909/300000 decisive; draws=0 excluded; mate=0 filtered), loss=0.075241 (n=300000)
  [2mcuda-cpp HalfKA2[0m [1;33mvalidation detail[0m: positions=300,000, batch_size=8,192, load/cache=0.000s, weight_fold=0.197s, context=0.000s, weight_upload=0.040s, batches=0.593s, metrics=0.005s, total=0.835s
  [2mcuda-cpp SFNN[0m [1;32m[checkpoint][0m  [1;36mepoch 16[0m  [1;33msb 108/108[0m  [33mthis-sb=39,976,960 pos (610 batches x 65,536)[0m  [36mtotal=69,080,186,880 pos[0m  [1;36mtrain_time=24564.6s[0m  [1;32mpos/s=2,812,185[0m
  [2mcuda-cpp SFNN[0m [1;33mcheckpoint overhead[0m: [35mreadback=0.912s[0m  [33mvalidation=0.858s[0m  [36msave=4.476s (state.bin 2.04 GiB, 467 MiB/s)[0m  [1;32mtotal=6.246s[0m
  [2mcuda-cpp SFNN[0m [33mvalidation[0m: epoch=16, superbatch=108, [35mtest_value_accuracy=0.7030300[0m, [35mtest_value_loss=0.07524121[0m, [1;36melapsed=0.858s[0m
  [2mcuda-cpp SFNN[0m [1;36m[progress][0m  [1;36mepoch 17[0m  [1;33msb 1/108[0m  [33mthis-sb=39,976,960 pos (610 batches x 65,536)[0m  [36mtotal=69,120,163,840 pos[0m  [1;36mtrain_time=24578.8s[0m  [1;32mpos/s=2,812,183[0m
  [2mcuda-cpp SFNN[0m [1;36m[progress][0m  [1;36mepoch 17[0m  [1;33msb 2/108[0m  [33mthis-sb=39,976,960 pos (610 batches x 65,536)[0m  [36mtotal=69,160,140,800 pos[0m  [1;36mtrain_time=24593.1s[0m  [1;32mpos/s=2,812,173[0m
  [2mcuda-cpp SFNN[0m [1;36m[progress][0m  [1;36mepoch 17[0m  [1;33msb 3/108[0m  [33mthis-sb=39,976,960 pos (610 batches x 65,536)[0m  [36mtotal=69,200,117,760 pos[0m  [1;36mtrain_time=24607.3s[0m  [1;32mpos/s=2,812,182[0m
  cuda-cpp HalfKA2 validation forward = gpu: positions=300000, batch_size=8192, elapsed=0.592s
  test: accuracy=70.0750% (210225/300000 decisive; draws=0 excluded; mate=0 filtered), loss=0.075855 (n=300000)
  [2mcuda-cpp HalfKA2[0m [1;33mvalidation detail[0m: positions=300,000, batch_size=8,192, load/cache=0.000s, weight_fold=0.196s, context=0.000s, weight_upload=0.041s, batches=0.592s, metrics=0.005s, total=0.834s
  [2mcuda-cpp SFNN[0m [1;36m[progress][0m  [1;36mepoch 17[0m  [1;33msb 4/108[0m  [33mthis-sb=39,976,960 pos (610 batches x 65,536)[0m  [36mtotal=69,240,094,720 pos[0m  [1;36mtrain_time=24621.4s[0m  [1;32mpos/s=2,812,190[0m
  [2mcuda-cpp SFNN[0m [1;33mvalidation overhead[0m: [35mreadback=0.228s[0m  [33mvalidation=0.857s[0m  [2msave=skipped[0m  [1;32mtotal=1.085s[0m
  [2mcuda-cpp SFNN[0m [33mvalidation[0m: epoch=17, superbatch=4, [35mtest_value_accuracy=0.7007500[0m, [35mtest_value_loss=0.07585501[0m, [1;36melapsed=0.857s[0m
  [2mcuda-cpp SFNN[0m [1;36m[progress][0m  [1;36mepoch 17[0m  [1;33msb 5/108[0m  [33mthis-sb=39,976,960 pos (610 batches x 65,536)[0m  [36mtotal=69,280,071,680 pos[0m  [1;36mtrain_time=24635.6s[0m  [1;32mpos/s=2,812,194[0m
  [2mcuda-cpp SFNN[0m [1;36m[progress][0m  [1;36mepoch 17[0m  [1;33msb 6/108[0m  [33mthis-sb=39,976,960 pos (610 batches x 65,536)[0m  [36mtotal=69,320,048,640 pos[0m  [1;36mtrain_time=24649.8s[0m  [1;32mpos/s=2,812,200[0m
  [2mcuda-cpp SFNN[0m [1;36m[progress][0m  [1;36mepoch 17[0m  [1;33msb 7/108[0m  [33mthis-sb=39,976,960 pos (610 batches x 65,536)[0m  [36mtotal=69,360,025,600 pos[0m  [1;36mtrain_time=24663.9s[0m  [1;32mpos/s=2,812,206[0m
  cuda-cpp HalfKA2 validation forward = gpu: positions=300000, batch_size=8192, elapsed=0.592s
  test: accuracy=70.0800% (210240/300000 decisive; draws=0 excluded; mate=0 filtered), loss=0.075295 (n=300000)
  [2mcuda-cpp HalfKA2[0m [1;33mvalidation detail[0m: positions=300,000, batch_size=8,192, load/cache=0.000s, weight_fold=0.197s, context=0.000s, weight_upload=0.039s, batches=0.592s, metrics=0.005s, total=0.834s
  [2mcuda-cpp SFNN[0m [1;36m[progress][0m  [1;36mepoch 17[0m  [1;33msb 8/108[0m  [33mthis-sb=39,976,960 pos (610 batches x 65,536)[0m  [36mtotal=69,400,002,560 pos[0m  [1;36mtrain_time=24678.1s[0m  [1;32mpos/s=2,812,211[0m
  [2mcuda-cpp SFNN[0m [1;33mvalidation overhead[0m: [35mreadback=0.233s[0m  [33mvalidation=0.857s[0m  [2msave=skipped[0m  [1;32mtotal=1.090s[0m
  [2mcuda-cpp SFNN[0m [33mvalidation[0m: epoch=17, superbatch=8, [35mtest_value_accuracy=0.7008000[0m, [35mtest_value_loss=0.07529469[0m, [1;36melapsed=0.857s[0m
  [2mcuda-cpp SFNN[0m [1;36m[progress][0m  [1;36mepoch 17[0m  [1;33msb 9/108[0m  [33mthis-sb=39,976,960 pos (610 batches x 65,536)[0m  [36mtotal=69,439,979,520 pos[0m  [1;36mtrain_time=24692.3s[0m  [1;32mpos/s=2,812,216[0m
  [2mcuda-cpp SFNN[0m [1;36m[progress][0m  [1;36mepoch 17[0m  [1;33msb 10/108[0m  [33mthis-sb=39,976,960 pos (610 batches x 65,536)[0m  [36mtotal=69,479,956,480 pos[0m  [1;36mtrain_time=24706.4s[0m  [1;32mpos/s=2,812,223[0m
  [2mcuda-cpp SFNN[0m [1;36m[progress][0m  [1;36mepoch 17[0m  [1;33msb 11/108[0m  [33mthis-sb=39,976,960 pos (610 batches x 65,536)[0m  [36mtotal=69,519,933,440 pos[0m  [1;36mtrain_time=24720.6s[0m  [1;32mpos/s=2,812,230[0m
  cuda-cpp HalfKA2 validation forward = gpu: positions=300000, batch_size=8192, elapsed=0.593s
  test: accuracy=70.0063% (210019/300000 decisive; draws=0 excluded; mate=0 filtered), loss=0.076056 (n=300000)
  [2mcuda-cpp HalfKA2[0m [1;33mvalidation detail[0m: positions=300,000, batch_size=8,192, load/cache=0.000s, weight_fold=0.197s, context=0.001s, weight_upload=0.039s, batches=0.593s, metrics=0.005s, total=0.834s
  [2mcuda-cpp SFNN[0m [1;36m[progress][0m  [1;36mepoch 17[0m  [1;33msb 12/108[0m  [33mthis-sb=39,976,960 pos (610 batches x 65,536)[0m  [36mtotal=69,559,910,400 pos[0m  [1;36mtrain_time=24734.7s[0m  [1;32mpos/s=2,812,236[0m
  [2mcuda-cpp SFNN[0m [1;33mvalidation overhead[0m: [35mreadback=0.232s[0m  [33mvalidation=0.856s[0m  [2msave=skipped[0m  [1;32mtotal=1.089s[0m
  [2mcuda-cpp SFNN[0m [33mvalidation[0m: epoch=17, superbatch=12, [35mtest_value_accuracy=0.7000633[0m, [35mtest_value_loss=0.07605587[0m, [1;36melapsed=0.856s[0m
  [2mcuda-cpp SFNN[0m [1;36m[progress][0m  [1;36mepoch 17[0m  [1;33msb 13/108[0m  [33mthis-sb=39,976,960 pos (610 batches x 65,536)[0m  [36mtotal=69,599,887,360 pos[0m  [1;36mtrain_time=24748.9s[0m  [1;32mpos/s=2,812,241[0m
  [2mcuda-cpp SFNN[0m [1;36m[progress][0m  [1;36mepoch 17[0m  [1;33msb 14/108[0m  [33mthis-sb=39,976,960 pos (610 batches x 65,536)[0m  [36mtotal=69,639,864,320 pos[0m  [1;36mtrain_time=24763.1s[0m  [1;32mpos/s=2,812,246[0m
  [2mcuda-cpp SFNN[0m [1;36m[progress][0m  [1;36mepoch 17[0m  [1;33msb 15/108[0m  [33mthis-sb=39,976,960 pos (610 batches x 65,536)[0m  [36mtotal=69,679,841,280 pos[0m  [1;36mtrain_time=24777.2s[0m  [1;32mpos/s=2,812,253[0m
  cuda-cpp HalfKA2 validation forward = gpu: positions=300000, batch_size=8192, elapsed=0.593s
  test: accuracy=70.1077% (210323/300000 decisive; draws=0 excluded; mate=0 filtered), loss=0.075745 (n=300000)
  [2mcuda-cpp HalfKA2[0m [1;33mvalidation detail[0m: positions=300,000, batch_size=8,192, load/cache=0.000s, weight_fold=0.201s, context=0.000s, weight_upload=0.040s, batches=0.593s, metrics=0.005s, total=0.839s
  [2mcuda-cpp SFNN[0m [1;36m[progress][0m  [1;36mepoch 17[0m  [1;33msb 16/108[0m  [33mthis-sb=39,976,960 pos (610 batches x 65,536)[0m  [36mtotal=69,719,818,240 pos[0m  [1;36mtrain_time=24791.4s[0m  [1;32mpos/s=2,812,260[0m
  [2mcuda-cpp SFNN[0m [1;33mvalidation overhead[0m: [35mreadback=0.234s[0m  [33mvalidation=0.864s[0m  [2msave=skipped[0m  [1;32mtotal=1.098s[0m
  [2mcuda-cpp SFNN[0m [33mvalidation[0m: epoch=17, superbatch=16, [35mtest_value_accuracy=0.7010767[0m, [35mtest_value_loss=0.07574546[0m, [1;36melapsed=0.864s[0m
  [2mcuda-cpp SFNN[0m [1;36m[progress][0m  [1;36mepoch 17[0m  [1;33msb 17/108[0m  [33mthis-sb=39,976,960 pos (610 batches x 65,536)[0m  [36mtotal=69,759,795,200 pos[0m  [1;36mtrain_time=24805.6s[0m  [1;32mpos/s=2,812,264[0m
  [2mcuda-cpp SFNN[0m [1;36m[progress][0m  [1;36mepoch 17[0m  [1;33msb 18/108[0m  [33mthis-sb=39,976,960 pos (610 batches x 65,536)[0m  [36mtotal=69,799,772,160 pos[0m  [1;36mtrain_time=24819.7s[0m  [1;32mpos/s=2,812,270[0m
  [2mcuda-cpp SFNN[0m [1;36m[progress][0m  [1;36mepoch 17[0m  [1;33msb 19/108[0m  [33mthis-sb=39,976,960 pos (610 batches x 65,536)[0m  [36mtotal=69,839,749,120 pos[0m  [1;36mtrain_time=24833.9s[0m  [1;32mpos/s=2,812,278[0m
  cuda-cpp HalfKA2 validation forward = gpu: positions=300000, batch_size=8192, elapsed=0.594s
  test: accuracy=70.1190% (210357/300000 decisive; draws=0 excluded; mate=0 filtered), loss=0.076183 (n=300000)
  [2mcuda-cpp HalfKA2[0m [1;33mvalidation detail[0m: positions=300,000, batch_size=8,192, load/cache=0.000s, weight_fold=0.199s, context=0.000s, weight_upload=0.040s, batches=0.594s, metrics=0.005s, total=0.838s
  [2mcuda-cpp SFNN[0m [1;36m[progress][0m  [1;36mepoch 17[0m  [1;33msb 20/108[0m  [33mthis-sb=39,976,960 pos (610 batches x 65,536)[0m  [36mtotal=69,879,726,080 pos[0m  [1;36mtrain_time=24848.0s[0m  [1;32mpos/s=2,812,282[0m
  [2mcuda-cpp SFNN[0m [1;33mvalidation overhead[0m: [35mreadback=0.234s[0m  [33mvalidation=0.862s[0m  [2msave=skipped[0m  [1;32mtotal=1.096s[0m
  [2mcuda-cpp SFNN[0m [33mvalidation[0m: epoch=17, superbatch=20, [35mtest_value_accuracy=0.7011900[0m, [35mtest_value_loss=0.07618275[0m, [1;36melapsed=0.862s[0m
  [2mcuda-cpp SFNN[0m [1;36m[progress][0m  [1;36mepoch 17[0m  [1;33msb 21/108[0m  [33mthis-sb=39,976,960 pos (610 batches x 65,536)[0m  [36mtotal=69,919,703,040 pos[0m  [1;36mtrain_time=24862.2s[0m  [1;32mpos/s=2,812,285[0m
  [2mcuda-cpp SFNN[0m [1;36m[progress][0m  [1;36mepoch 17[0m  [1;33msb 22/108[0m  [33mthis-sb=39,976,960 pos (610 batches x 65,536)[0m  [36mtotal=69,959,680,000 pos[0m  [1;36mtrain_time=24876.4s[0m  [1;32mpos/s=2,812,293[0m
  [2mcuda-cpp SFNN[0m [1;36m[progress][0m  [1;36mepoch 17[0m  [1;33msb 23/108[0m  [33mthis-sb=39,976,960 pos (610 batches x 65,536)[0m  [36mtotal=69,999,656,960 pos[0m  [1;36mtrain_time=24890.5s[0m  [1;32mpos/s=2,812,299[0m
  cuda-cpp HalfKA2 validation forward = gpu: positions=300000, batch_size=8192, elapsed=0.602s
  test: accuracy=70.1007% (210302/300000 decisive; draws=0 excluded; mate=0 filtered), loss=0.075809 (n=300000)
  [2mcuda-cpp HalfKA2[0m [1;33mvalidation detail[0m: positions=300,000, batch_size=8,192, load/cache=0.000s, weight_fold=0.200s, context=0.000s, weight_upload=0.041s, batches=0.602s, metrics=0.005s, total=0.848s
  [2mcuda-cpp SFNN[0m [1;36m[progress][0m  [1;36mepoch 17[0m  [1;33msb 24/108[0m  [33mthis-sb=39,976,960 pos (610 batches x 65,536)[0m  [36mtotal=70,039,633,920 pos[0m  [1;36mtrain_time=24904.7s[0m  [1;32mpos/s=2,812,305[0m
  [2mcuda-cpp SFNN[0m [1;33mvalidation overhead[0m: [35mreadback=0.233s[0m  [33mvalidation=0.878s[0m  [2msave=skipped[0m  [1;32mtotal=1.111s[0m
  [2mcuda-cpp SFNN[0m [33mvalidation[0m: epoch=17, superbatch=24, [35mtest_value_accuracy=0.7010067[0m, [35mtest_value_loss=0.07580937[0m, [1;36melapsed=0.878s[0m
  [2mcuda-cpp SFNN[0m [1;36m[progress][0m  [1;36mepoch 17[0m  [1;33msb 25/108[0m  [33mthis-sb=39,976,960 pos (610 batches x 65,536)[0m  [36mtotal=70,079,610,880 pos[0m  [1;36mtrain_time=24918.9s[0m  [1;32mpos/s=2,812,308[0m
  [2mcuda-cpp SFNN[0m [1;36m[progress][0m  [1;36mepoch 17[0m  [1;33msb 26/108[0m  [33mthis-sb=39,976,960 pos (610 batches x 65,536)[0m  [36mtotal=70,119,587,840 pos[0m  [1;36mtrain_time=24933.1s[0m  [1;32mpos/s=2,812,314[0m
  [2mcuda-cpp SFNN[0m [1;36m[progress][0m  [1;36mepoch 17[0m  [1;33msb 27/108[0m  [33mthis-sb=39,976,960 pos (610 batches x 65,536)[0m  [36mtotal=70,159,564,800 pos[0m  [1;36mtrain_time=24947.2s[0m  [1;32mpos/s=2,812,318[0m
  cuda-cpp HalfKA2 validation forward = gpu: positions=300000, batch_size=8192, elapsed=0.597s
  test: accuracy=70.1873% (210562/300000 decisive; draws=0 excluded; mate=0 filtered), loss=0.075675 (n=300000)
  [2mcuda-cpp HalfKA2[0m [1;33mvalidation detail[0m: positions=300,000, batch_size=8,192, load/cache=0.000s, weight_fold=0.200s, context=0.000s, weight_upload=0.040s, batches=0.597s, metrics=0.005s, total=0.842s
  [2mcuda-cpp SFNN[0m [1;36m[progress][0m  [1;36mepoch 17[0m  [1;33msb 28/108[0m  [33mthis-sb=39,976,960 pos (610 batches x 65,536)[0m  [36mtotal=70,199,541,760 pos[0m  [1;36mtrain_time=24961.4s[0m  [1;32mpos/s=2,812,323[0m
  [2mcuda-cpp SFNN[0m [1;33mvalidation overhead[0m: [35mreadback=0.237s[0m  [33mvalidation=0.866s[0m  [2msave=skipped[0m  [1;32mtotal=1.103s[0m
  [2mcuda-cpp SFNN[0m [33mvalidation[0m: epoch=17, superbatch=28, [35mtest_value_accuracy=0.7018734[0m, [35mtest_value_loss=0.07567459[0m, [1;36melapsed=0.866s[0m
  [2mcuda-cpp SFNN[0m [1;36m[progress][0m  [1;36mepoch 17[0m  [1;33msb 29/108[0m  [33mthis-sb=39,976,960 pos (610 batches x 65,536)[0m  [36mtotal=70,239,518,720 pos[0m  [1;36mtrain_time=24975.6s[0m  [1;32mpos/s=2,812,326[0m
  [2mcuda-cpp SFNN[0m [1;36m[progress][0m  [1;36mepoch 17[0m  [1;33msb 30/108[0m  [33mthis-sb=39,976,960 pos (610 batches x 65,536)[0m  [36mtotal=70,279,495,680 pos[0m  [1;36mtrain_time=24989.7s[0m  [1;32mpos/s=2,812,334[0m
  [2mcuda-cpp SFNN[0m [1;36m[progress][0m  [1;36mepoch 17[0m  [1;33msb 31/108[0m  [33mthis-sb=39,976,960 pos (610 batches x 65,536)[0m  [36mtotal=70,319,472,640 pos[0m  [1;36mtrain_time=25003.9s[0m  [1;32mpos/s=2,812,340[0m
  cuda-cpp HalfKA2 validation forward = gpu: positions=300000, batch_size=8192, elapsed=0.591s
  test: accuracy=70.2173% (210652/300000 decisive; draws=0 excluded; mate=0 filtered), loss=0.075733 (n=300000)
  [2mcuda-cpp HalfKA2[0m [1;33mvalidation detail[0m: positions=300,000, batch_size=8,192, load/cache=0.000s, weight_fold=0.198s, context=0.000s, weight_upload=0.040s, batches=0.591s, metrics=0.005s, total=0.833s
  [2mcuda-cpp SFNN[0m [1;36m[progress][0m  [1;36mepoch 17[0m  [1;33msb 32/108[0m  [33mthis-sb=39,976,960 pos (610 batches x 65,536)[0m  [36mtotal=70,359,449,600 pos[0m  [1;36mtrain_time=25018.1s[0m  [1;32mpos/s=2,812,344[0m
  [2mcuda-cpp SFNN[0m [1;33mvalidation overhead[0m: [35mreadback=0.228s[0m  [33mvalidation=0.857s[0m  [2msave=skipped[0m  [1;32mtotal=1.085s[0m
  [2mcuda-cpp SFNN[0m [33mvalidation[0m: epoch=17, superbatch=32, [35mtest_value_accuracy=0.7021734[0m, [35mtest_value_loss=0.07573335[0m, [1;36melapsed=0.857s[0m
  [2mcuda-cpp SFNN[0m [1;36m[progress][0m  [1;36mepoch 17[0m  [1;33msb 33/108[0m  [33mthis-sb=39,976,960 pos (610 batches x 65,536)[0m  [36mtotal=70,399,426,560 pos[0m  [1;36mtrain_time=25032.3s[0m  [1;32mpos/s=2,812,347[0m
  [2mcuda-cpp SFNN[0m [1;36m[progress][0m  [1;36mepoch 17[0m  [1;33msb 34/108[0m  [33mthis-sb=39,976,960 pos (610 batches x 65,536)[0m  [36mtotal=70,439,403,520 pos[0m  [1;36mtrain_time=25046.4s[0m  [1;32mpos/s=2,812,353[0m
  [2mcuda-cpp SFNN[0m [1;36m[progress][0m  [1;36mepoch 17[0m  [1;33msb 35/108[0m  [33mthis-sb=39,976,960 pos (610 batches x 65,536)[0m  [36mtotal=70,479,380,480 pos[0m  [1;36mtrain_time=25060.6s[0m  [1;32mpos/s=2,812,358[0m
  cuda-cpp HalfKA2 validation forward = gpu: positions=300000, batch_size=8192, elapsed=0.589s
  test: accuracy=70.2050% (210615/300000 decisive; draws=0 excluded; mate=0 filtered), loss=0.075285 (n=300000)
  [2mcuda-cpp HalfKA2[0m [1;33mvalidation detail[0m: positions=300,000, batch_size=8,192, load/cache=0.000s, weight_fold=0.196s, context=0.001s, weight_upload=0.040s, batches=0.589s, metrics=0.005s, total=0.831s
  [2mcuda-cpp SFNN[0m [1;36m[progress][0m  [1;36mepoch 17[0m  [1;33msb 36/108[0m  [33mthis-sb=39,976,960 pos (610 batches x 65,536)[0m  [36mtotal=70,519,357,440 pos[0m  [1;36mtrain_time=25074.8s[0m  [1;32mpos/s=2,812,362[0m
  [2mcuda-cpp SFNN[0m [1;33mvalidation overhead[0m: [35mreadback=0.237s[0m  [33mvalidation=0.854s[0m  [2msave=skipped[0m  [1;32mtotal=1.091s[0m
  [2mcuda-cpp SFNN[0m [33mvalidation[0m: epoch=17, superbatch=36, [35mtest_value_accuracy=0.7020500[0m, [35mtest_value_loss=0.07528462[0m, [1;36melapsed=0.854s[0m
  [2mcuda-cpp SFNN[0m [1;36m[progress][0m  [1;36mepoch 17[0m  [1;33msb 37/108[0m  [33mthis-sb=39,976,960 pos (610 batches x 65,536)[0m  [36mtotal=70,559,334,400 pos[0m  [1;36mtrain_time=25089.0s[0m  [1;32mpos/s=2,812,365[0m
  [2mcuda-cpp SFNN[0m [1;36m[progress][0m  [1;36mepoch 17[0m  [1;33msb 38/108[0m  [33mthis-sb=39,976,960 pos (610 batches x 65,536)[0m  [36mtotal=70,599,311,360 pos[0m  [1;36mtrain_time=25103.1s[0m  [1;32mpos/s=2,812,369[0m
  [2mcuda-cpp SFNN[0m [1;36m[progress][0m  [1;36mepoch 17[0m  [1;33msb 39/108[0m  [33mthis-sb=39,976,960 pos (610 batches x 65,536)[0m  [36mtotal=70,639,288,320 pos[0m  [1;36mtrain_time=25117.3s[0m  [1;32mpos/s=2,812,373[0m
  cuda-cpp HalfKA2 validation forward = gpu: positions=300000, batch_size=8192, elapsed=0.600s
  test: accuracy=70.2157% (210647/300000 decisive; draws=0 excluded; mate=0 filtered), loss=0.075674 (n=300000)
  [2mcuda-cpp HalfKA2[0m [1;33mvalidation detail[0m: positions=300,000, batch_size=8,192, load/cache=0.000s, weight_fold=0.199s, context=0.000s, weight_upload=0.041s, batches=0.600s, metrics=0.005s, total=0.845s
  [2mcuda-cpp SFNN[0m [1;36m[progress][0m  [1;36mepoch 17[0m  [1;33msb 40/108[0m  [33mthis-sb=39,976,960 pos (610 batches x 65,536)[0m  [36mtotal=70,679,265,280 pos[0m  [1;36mtrain_time=25131.5s[0m  [1;32mpos/s=2,812,377[0m
  [2mcuda-cpp SFNN[0m [1;33mvalidation overhead[0m: [35mreadback=0.239s[0m  [33mvalidation=0.872s[0m  [2msave=skipped[0m  [1;32mtotal=1.111s[0m
  [2mcuda-cpp SFNN[0m [33mvalidation[0m: epoch=17, superbatch=40, [35mtest_value_accuracy=0.7021567[0m, [35mtest_value_loss=0.07567363[0m, [1;36melapsed=0.872s[0m
  [2mcuda-cpp SFNN[0m [1;36m[progress][0m  [1;36mepoch 17[0m  [1;33msb 41/108[0m  [33mthis-sb=39,976,960 pos (610 batches x 65,536)[0m  [36mtotal=70,719,242,240 pos[0m  [1;36mtrain_time=25145.7s[0m  [1;32mpos/s=2,812,380[0m
  [2mcuda-cpp SFNN[0m [1;36m[progress][0m  [1;36mepoch 17[0m  [1;33msb 42/108[0m  [33mthis-sb=39,976,960 pos (610 batches x 65,536)[0m  [36mtotal=70,759,219,200 pos[0m  [1;36mtrain_time=25159.9s[0m  [1;32mpos/s=2,812,386[0m
  [2mcuda-cpp SFNN[0m [1;36m[progress][0m  [1;36mepoch 17[0m  [1;33msb 43/108[0m  [33mthis-sb=39,976,960 pos (610 batches x 65,536)[0m  [36mtotal=70,799,196,160 pos[0m  [1;36mtrain_time=25174.0s[0m  [1;32mpos/s=2,812,391[0m
  cuda-cpp HalfKA2 validation forward = gpu: positions=300000, batch_size=8192, elapsed=0.592s
  test: accuracy=70.2323% (210697/300000 decisive; draws=0 excluded; mate=0 filtered), loss=0.075882 (n=300000)
  [2mcuda-cpp HalfKA2[0m [1;33mvalidation detail[0m: positions=300,000, batch_size=8,192, load/cache=0.000s, weight_fold=0.198s, context=0.000s, weight_upload=0.040s, batches=0.592s, metrics=0.005s, total=0.836s
  [2mcuda-cpp SFNN[0m [1;36m[progress][0m  [1;36mepoch 17[0m  [1;33msb 44/108[0m  [33mthis-sb=39,976,960 pos (610 batches x 65,536)[0m  [36mtotal=70,839,173,120 pos[0m  [1;36mtrain_time=25188.2s[0m  [1;32mpos/s=2,812,396[0m
  [2mcuda-cpp SFNN[0m [1;33mvalidation overhead[0m: [35mreadback=0.238s[0m  [33mvalidation=0.860s[0m  [2msave=skipped[0m  [1;32mtotal=1.098s[0m
  [2mcuda-cpp SFNN[0m [33mvalidation[0m: epoch=17, superbatch=44, [35mtest_value_accuracy=0.7023233[0m, [35mtest_value_loss=0.07588164[0m, [1;36melapsed=0.860s[0m
  [2mcuda-cpp SFNN[0m [1;36m[progress][0m  [1;36mepoch 17[0m  [1;33msb 45/108[0m  [33mthis-sb=39,976,960 pos (610 batches x 65,536)[0m  [36mtotal=70,879,150,080 pos[0m  [1;36mtrain_time=25202.4s[0m  [1;32mpos/s=2,812,399[0m
  [2mcuda-cpp SFNN[0m [1;36m[progress][0m  [1;36mepoch 17[0m  [1;33msb 46/108[0m  [33mthis-sb=39,976,960 pos (610 batches x 65,536)[0m  [36mtotal=70,919,127,040 pos[0m  [1;36mtrain_time=25216.5s[0m  [1;32mpos/s=2,812,405[0m
  [2mcuda-cpp SFNN[0m [1;36m[progress][0m  [1;36mepoch 17[0m  [1;33msb 47/108[0m  [33mthis-sb=39,976,960 pos (610 batches x 65,536)[0m  [36mtotal=70,959,104,000 pos[0m  [1;36mtrain_time=25230.7s[0m  [1;32mpos/s=2,812,411[0m
  cuda-cpp HalfKA2 validation forward = gpu: positions=300000, batch_size=8192, elapsed=0.594s
  test: accuracy=70.2267% (210680/300000 decisive; draws=0 excluded; mate=0 filtered), loss=0.075683 (n=300000)
  [2mcuda-cpp HalfKA2[0m [1;33mvalidation detail[0m: positions=300,000, batch_size=8,192, load/cache=0.000s, weight_fold=0.198s, context=0.001s, weight_upload=0.039s, batches=0.594s, metrics=0.005s, total=0.836s
  [2mcuda-cpp SFNN[0m [1;36m[progress][0m  [1;36mepoch 17[0m  [1;33msb 48/108[0m  [33mthis-sb=39,976,960 pos (610 batches x 65,536)[0m  [36mtotal=70,999,080,960 pos[0m  [1;36mtrain_time=25244.9s[0m  [1;32mpos/s=2,812,418[0m
  [2mcuda-cpp SFNN[0m [1;33mvalidation overhead[0m: [35mreadback=0.236s[0m  [33mvalidation=0.860s[0m  [2msave=skipped[0m  [1;32mtotal=1.096s[0m
  [2mcuda-cpp SFNN[0m [33mvalidation[0m: epoch=17, superbatch=48, [35mtest_value_accuracy=0.7022667[0m, [35mtest_value_loss=0.07568301[0m, [1;36melapsed=0.860s[0m
  [2mcuda-cpp SFNN[0m [1;36m[progress][0m  [1;36mepoch 17[0m  [1;33msb 49/108[0m  [33mthis-sb=39,976,960 pos (610 batches x 65,536)[0m  [36mtotal=71,039,057,920 pos[0m  [1;36mtrain_time=25259.0s[0m  [1;32mpos/s=2,812,422[0m
  [2mcuda-cpp SFNN[0m [1;36m[progress][0m  [1;36mepoch 17[0m  [1;33msb 50/108[0m  [33mthis-sb=39,976,960 pos (610 batches x 65,536)[0m  [36mtotal=71,079,034,880 pos[0m  [1;36mtrain_time=25273.2s[0m  [1;32mpos/s=2,812,428[0m
  [2mcuda-cpp SFNN[0m [1;36m[progress][0m  [1;36mepoch 17[0m  [1;33msb 51/108[0m  [33mthis-sb=39,976,960 pos (610 batches x 65,536)[0m  [36mtotal=71,119,011,840 pos[0m  [1;36mtrain_time=25287.3s[0m  [1;32mpos/s=2,812,435[0m
  cuda-cpp HalfKA2 validation forward = gpu: positions=300000, batch_size=8192, elapsed=0.593s
  test: accuracy=70.2907% (210872/300000 decisive; draws=0 excluded; mate=0 filtered), loss=0.075732 (n=300000)
  [2mcuda-cpp HalfKA2[0m [1;33mvalidation detail[0m: positions=300,000, batch_size=8,192, load/cache=0.000s, weight_fold=0.198s, context=0.000s, weight_upload=0.040s, batches=0.593s, metrics=0.005s, total=0.837s
  [2mcuda-cpp SFNN[0m [1;36m[progress][0m  [1;36mepoch 17[0m  [1;33msb 52/108[0m  [33mthis-sb=39,976,960 pos (610 batches x 65,536)[0m  [36mtotal=71,158,988,800 pos[0m  [1;36mtrain_time=25301.5s[0m  [1;32mpos/s=2,812,441[0m
  [2mcuda-cpp SFNN[0m [1;33mvalidation overhead[0m: [35mreadback=0.229s[0m  [33mvalidation=0.860s[0m  [2msave=skipped[0m  [1;32mtotal=1.089s[0m
  [2mcuda-cpp SFNN[0m [33mvalidation[0m: epoch=17, superbatch=52, [35mtest_value_accuracy=0.7029067[0m, [35mtest_value_loss=0.07573170[0m, [1;36melapsed=0.860s[0m
  [2mcuda-cpp SFNN[0m [1;36m[progress][0m  [1;36mepoch 17[0m  [1;33msb 53/108[0m  [33mthis-sb=39,976,960 pos (610 batches x 65,536)[0m  [36mtotal=71,198,965,760 pos[0m  [1;36mtrain_time=25315.7s[0m  [1;32mpos/s=2,812,445[0m
  [2mcuda-cpp SFNN[0m [1;36m[progress][0m  [1;36mepoch 17[0m  [1;33msb 54/108[0m  [33mthis-sb=39,976,960 pos (610 batches x 65,536)[0m  [36mtotal=71,238,942,720 pos[0m  [1;36mtrain_time=25329.9s[0m  [1;32mpos/s=2,812,450[0m
  [2mcuda-cpp SFNN[0m [1;36m[progress][0m  [1;36mepoch 17[0m  [1;33msb 55/108[0m  [33mthis-sb=39,976,960 pos (610 batches x 65,536)[0m  [36mtotal=71,278,919,680 pos[0m  [1;36mtrain_time=25344.1s[0m  [1;32mpos/s=2,812,441[0m
  cuda-cpp HalfKA2 validation forward = gpu: positions=300000, batch_size=8192, elapsed=0.593s
  test: accuracy=70.2847% (210854/300000 decisive; draws=0 excluded; mate=0 filtered), loss=0.075577 (n=300000)
  [2mcuda-cpp HalfKA2[0m [1;33mvalidation detail[0m: positions=300,000, batch_size=8,192, load/cache=0.000s, weight_fold=0.198s, context=0.000s, weight_upload=0.040s, batches=0.593s, metrics=0.005s, total=0.837s
  [2mcuda-cpp SFNN[0m [1;36m[progress][0m  [1;36mepoch 17[0m  [1;33msb 56/108[0m  [33mthis-sb=39,976,960 pos (610 batches x 65,536)[0m  [36mtotal=71,318,896,640 pos[0m  [1;36mtrain_time=25358.3s[0m  [1;32mpos/s=2,812,446[0m
  [2mcuda-cpp SFNN[0m [1;33mvalidation overhead[0m: [35mreadback=0.231s[0m  [33mvalidation=0.860s[0m  [2msave=skipped[0m  [1;32mtotal=1.090s[0m
  [2mcuda-cpp SFNN[0m [33mvalidation[0m: epoch=17, superbatch=56, [35mtest_value_accuracy=0.7028466[0m, [35mtest_value_loss=0.07557746[0m, [1;36melapsed=0.860s[0m
  [2mcuda-cpp SFNN[0m [1;36m[progress][0m  [1;36mepoch 17[0m  [1;33msb 57/108[0m  [33mthis-sb=39,976,960 pos (610 batches x 65,536)[0m  [36mtotal=71,358,873,600 pos[0m  [1;36mtrain_time=25372.5s[0m  [1;32mpos/s=2,812,450[0m
  [2mcuda-cpp SFNN[0m [1;36m[progress][0m  [1;36mepoch 17[0m  [1;33msb 58/108[0m  [33mthis-sb=39,976,960 pos (610 batches x 65,536)[0m  [36mtotal=71,398,850,560 pos[0m  [1;36mtrain_time=25386.7s[0m  [1;32mpos/s=2,812,455[0m
  [2mcuda-cpp SFNN[0m [1;36m[progress][0m  [1;36mepoch 17[0m  [1;33msb 59/108[0m  [33mthis-sb=39,976,960 pos (610 batches x 65,536)[0m  [36mtotal=71,438,827,520 pos[0m  [1;36mtrain_time=25400.8s[0m  [1;32mpos/s=2,812,462[0m
  cuda-cpp HalfKA2 validation forward = gpu: positions=300000, batch_size=8192, elapsed=0.593s
  test: accuracy=70.2880% (210864/300000 decisive; draws=0 excluded; mate=0 filtered), loss=0.075429 (n=300000)
  [2mcuda-cpp HalfKA2[0m [1;33mvalidation detail[0m: positions=300,000, batch_size=8,192, load/cache=0.000s, weight_fold=0.197s, context=0.001s, weight_upload=0.039s, batches=0.593s, metrics=0.005s, total=0.834s
  [2mcuda-cpp SFNN[0m [1;36m[progress][0m  [1;36mepoch 17[0m  [1;33msb 60/108[0m  [33mthis-sb=39,976,960 pos (610 batches x 65,536)[0m  [36mtotal=71,478,804,480 pos[0m  [1;36mtrain_time=25415.0s[0m  [1;32mpos/s=2,812,468[0m
  [2mcuda-cpp SFNN[0m [1;33mvalidation overhead[0m: [35mreadback=0.231s[0m  [33mvalidation=0.858s[0m  [2msave=skipped[0m  [1;32mtotal=1.089s[0m
  [2mcuda-cpp SFNN[0m [33mvalidation[0m: epoch=17, superbatch=60, [35mtest_value_accuracy=0.7028800[0m, [35mtest_value_loss=0.07542908[0m, [1;36melapsed=0.858s[0m
  [2mcuda-cpp SFNN[0m [1;36m[progress][0m  [1;36mepoch 17[0m  [1;33msb 61/108[0m  [33mthis-sb=39,976,960 pos (610 batches x 65,536)[0m  [36mtotal=71,518,781,440 pos[0m  [1;36mtrain_time=25429.2s[0m  [1;32mpos/s=2,812,472[0m
  [2mcuda-cpp SFNN[0m [1;36m[progress][0m  [1;36mepoch 17[0m  [1;33msb 62/108[0m  [33mthis-sb=39,976,960 pos (610 batches x 65,536)[0m  [36mtotal=71,558,758,400 pos[0m  [1;36mtrain_time=25443.3s[0m  [1;32mpos/s=2,812,479[0m
  [2mcuda-cpp SFNN[0m [1;36m[progress][0m  [1;36mepoch 17[0m  [1;33msb 63/108[0m  [33mthis-sb=39,976,960 pos (610 batches x 65,536)[0m  [36mtotal=71,598,735,360 pos[0m  [1;36mtrain_time=25457.5s[0m  [1;32mpos/s=2,812,486[0m
  cuda-cpp HalfKA2 validation forward = gpu: positions=300000, batch_size=8192, elapsed=0.594s
  test: accuracy=70.3103% (210931/300000 decisive; draws=0 excluded; mate=0 filtered), loss=0.075362 (n=300000)
  [2mcuda-cpp HalfKA2[0m [1;33mvalidation detail[0m: positions=300,000, batch_size=8,192, load/cache=0.000s, weight_fold=0.199s, context=0.001s, weight_upload=0.040s, batches=0.594s, metrics=0.005s, total=0.839s
  [2mcuda-cpp SFNN[0m [1;36m[progress][0m  [1;36mepoch 17[0m  [1;33msb 64/108[0m  [33mthis-sb=39,976,960 pos (610 batches x 65,536)[0m  [36mtotal=71,638,712,320 pos[0m  [1;36mtrain_time=25471.6s[0m  [1;32mpos/s=2,812,492[0m
  [2mcuda-cpp SFNN[0m [1;33mvalidation overhead[0m: [35mreadback=0.229s[0m  [33mvalidation=0.863s[0m  [2msave=skipped[0m  [1;32mtotal=1.093s[0m
  [2mcuda-cpp SFNN[0m [33mvalidation[0m: epoch=17, superbatch=64, [35mtest_value_accuracy=0.7031033[0m, [35mtest_value_loss=0.07536201[0m, [1;36melapsed=0.863s[0m
  [2mcuda-cpp SFNN[0m [1;36m[progress][0m  [1;36mepoch 17[0m  [1;33msb 65/108[0m  [33mthis-sb=39,976,960 pos (610 batches x 65,536)[0m  [36mtotal=71,678,689,280 pos[0m  [1;36mtrain_time=25485.8s[0m  [1;32mpos/s=2,812,495[0m
  [2mcuda-cpp SFNN[0m [1;36m[progress][0m  [1;36mepoch 17[0m  [1;33msb 66/108[0m  [33mthis-sb=39,976,960 pos (610 batches x 65,536)[0m  [36mtotal=71,718,666,240 pos[0m  [1;36mtrain_time=25500.0s[0m  [1;32mpos/s=2,812,502[0m
  [2mcuda-cpp SFNN[0m [1;36m[progress][0m  [1;36mepoch 17[0m  [1;33msb 67/108[0m  [33mthis-sb=39,976,960 pos (610 batches x 65,536)[0m  [36mtotal=71,758,643,200 pos[0m  [1;36mtrain_time=25514.1s[0m  [1;32mpos/s=2,812,507[0m
  cuda-cpp HalfKA2 validation forward = gpu: positions=300000, batch_size=8192, elapsed=0.590s
  test: accuracy=70.3250% (210975/300000 decisive; draws=0 excluded; mate=0 filtered), loss=0.075463 (n=300000)
  [2mcuda-cpp HalfKA2[0m [1;33mvalidation detail[0m: positions=300,000, batch_size=8,192, load/cache=0.000s, weight_fold=0.198s, context=0.001s, weight_upload=0.039s, batches=0.590s, metrics=0.005s, total=0.832s
  [2mcuda-cpp SFNN[0m [1;36m[progress][0m  [1;36mepoch 17[0m  [1;33msb 68/108[0m  [33mthis-sb=39,976,960 pos (610 batches x 65,536)[0m  [36mtotal=71,798,620,160 pos[0m  [1;36mtrain_time=25528.3s[0m  [1;32mpos/s=2,812,513[0m
  [2mcuda-cpp SFNN[0m [1;33mvalidation overhead[0m: [35mreadback=0.229s[0m  [33mvalidation=0.855s[0m  [2msave=skipped[0m  [1;32mtotal=1.083s[0m
  [2mcuda-cpp SFNN[0m [33mvalidation[0m: epoch=17, superbatch=68, [35mtest_value_accuracy=0.7032500[0m, [35mtest_value_loss=0.07546297[0m, [1;36melapsed=0.855s[0m
  [2mcuda-cpp SFNN[0m [1;36m[progress][0m  [1;36mepoch 17[0m  [1;33msb 69/108[0m  [33mthis-sb=39,976,960 pos (610 batches x 65,536)[0m  [36mtotal=71,838,597,120 pos[0m  [1;36mtrain_time=25542.5s[0m  [1;32mpos/s=2,812,517[0m
  [2mcuda-cpp SFNN[0m [1;36m[progress][0m  [1;36mepoch 17[0m  [1;33msb 70/108[0m  [33mthis-sb=39,976,960 pos (610 batches x 65,536)[0m  [36mtotal=71,878,574,080 pos[0m  [1;36mtrain_time=25556.6s[0m  [1;32mpos/s=2,812,522[0m
  [2mcuda-cpp SFNN[0m [1;36m[progress][0m  [1;36mepoch 17[0m  [1;33msb 71/108[0m  [33mthis-sb=39,976,960 pos (610 batches x 65,536)[0m  [36mtotal=71,918,551,040 pos[0m  [1;36mtrain_time=25570.8s[0m  [1;32mpos/s=2,812,528[0m
  cuda-cpp HalfKA2 validation forward = gpu: positions=300000, batch_size=8192, elapsed=0.591s
  test: accuracy=70.3517% (211055/300000 decisive; draws=0 excluded; mate=0 filtered), loss=0.075397 (n=300000)
  [2mcuda-cpp HalfKA2[0m [1;33mvalidation detail[0m: positions=300,000, batch_size=8,192, load/cache=0.000s, weight_fold=0.196s, context=0.000s, weight_upload=0.040s, batches=0.591s, metrics=0.005s, total=0.833s
  [2mcuda-cpp SFNN[0m [1;36m[progress][0m  [1;36mepoch 17[0m  [1;33msb 72/108[0m  [33mthis-sb=39,976,960 pos (610 batches x 65,536)[0m  [36mtotal=71,958,528,000 pos[0m  [1;36mtrain_time=25585.0s[0m  [1;32mpos/s=2,812,533[0m
  [2mcuda-cpp SFNN[0m [1;33mvalidation overhead[0m: [35mreadback=0.231s[0m  [33mvalidation=0.855s[0m  [2msave=skipped[0m  [1;32mtotal=1.087s[0m
  [2mcuda-cpp SFNN[0m [33mvalidation[0m: epoch=17, superbatch=72, [35mtest_value_accuracy=0.7035167[0m, [35mtest_value_loss=0.07539722[0m, [1;36melapsed=0.855s[0m
  [2mcuda-cpp SFNN[0m [1;36m[progress][0m  [1;36mepoch 17[0m  [1;33msb 73/108[0m  [33mthis-sb=39,976,960 pos (610 batches x 65,536)[0m  [36mtotal=71,998,504,960 pos[0m  [1;36mtrain_time=25599.1s[0m  [1;32mpos/s=2,812,538[0m
  [2mcuda-cpp SFNN[0m [1;36m[progress][0m  [1;36mepoch 17[0m  [1;33msb 74/108[0m  [33mthis-sb=39,976,960 pos (610 batches x 65,536)[0m  [36mtotal=72,038,481,920 pos[0m  [1;36mtrain_time=25613.3s[0m  [1;32mpos/s=2,812,543[0m
  [2mcuda-cpp SFNN[0m [1;36m[progress][0m  [1;36mepoch 17[0m  [1;33msb 75/108[0m  [33mthis-sb=39,976,960 pos (610 batches x 65,536)[0m  [36mtotal=72,078,458,880 pos[0m  [1;36mtrain_time=25627.5s[0m  [1;32mpos/s=2,812,548[0m
  cuda-cpp HalfKA2 validation forward = gpu: positions=300000, batch_size=8192, elapsed=0.593s
  test: accuracy=70.3127% (210938/300000 decisive; draws=0 excluded; mate=0 filtered), loss=0.075373 (n=300000)
  [2mcuda-cpp HalfKA2[0m [1;33mvalidation detail[0m: positions=300,000, batch_size=8,192, load/cache=0.000s, weight_fold=0.197s, context=0.000s, weight_upload=0.039s, batches=0.593s, metrics=0.005s, total=0.833s
  [2mcuda-cpp SFNN[0m [1;36m[progress][0m  [1;36mepoch 17[0m  [1;33msb 76/108[0m  [33mthis-sb=39,976,960 pos (610 batches x 65,536)[0m  [36mtotal=72,118,435,840 pos[0m  [1;36mtrain_time=25641.6s[0m  [1;32mpos/s=2,812,554[0m
  [2mcuda-cpp SFNN[0m [1;33mvalidation overhead[0m: [35mreadback=0.229s[0m  [33mvalidation=0.856s[0m  [2msave=skipped[0m  [1;32mtotal=1.085s[0m
  [2mcuda-cpp SFNN[0m [33mvalidation[0m: epoch=17, superbatch=76, [35mtest_value_accuracy=0.7031267[0m, [35mtest_value_loss=0.07537300[0m, [1;36melapsed=0.856s[0m
  [2mcuda-cpp SFNN[0m [1;36m[progress][0m  [1;36mepoch 17[0m  [1;33msb 77/108[0m  [33mthis-sb=39,976,960 pos (610 batches x 65,536)[0m  [36mtotal=72,158,412,800 pos[0m  [1;36mtrain_time=25655.8s[0m  [1;32mpos/s=2,812,559[0m
  [2mcuda-cpp SFNN[0m [1;36m[progress][0m  [1;36mepoch 17[0m  [1;33msb 78/108[0m  [33mthis-sb=39,976,960 pos (610 batches x 65,536)[0m  [36mtotal=72,198,389,760 pos[0m  [1;36mtrain_time=25669.9s[0m  [1;32mpos/s=2,812,566[0m
  [2mcuda-cpp SFNN[0m [1;36m[progress][0m  [1;36mepoch 17[0m  [1;33msb 79/108[0m  [33mthis-sb=39,976,960 pos (610 batches x 65,536)[0m  [36mtotal=72,238,366,720 pos[0m  [1;36mtrain_time=25684.1s[0m  [1;32mpos/s=2,812,572[0m
  cuda-cpp HalfKA2 validation forward = gpu: positions=300000, batch_size=8192, elapsed=0.594s
  test: accuracy=70.3727% (211118/300000 decisive; draws=0 excluded; mate=0 filtered), loss=0.075229 (n=300000)
  [2mcuda-cpp HalfKA2[0m [1;33mvalidation detail[0m: positions=300,000, batch_size=8,192, load/cache=0.000s, weight_fold=0.197s, context=0.000s, weight_upload=0.041s, batches=0.594s, metrics=0.005s, total=0.837s
  [2mcuda-cpp SFNN[0m [1;36m[progress][0m  [1;36mepoch 17[0m  [1;33msb 80/108[0m  [33mthis-sb=39,976,960 pos (610 batches x 65,536)[0m  [36mtotal=72,278,343,680 pos[0m  [1;36mtrain_time=25698.3s[0m  [1;32mpos/s=2,812,577[0m
  [2mcuda-cpp SFNN[0m [1;33mvalidation overhead[0m: [35mreadback=0.231s[0m  [33mvalidation=0.859s[0m  [2msave=skipped[0m  [1;32mtotal=1.090s[0m
  [2mcuda-cpp SFNN[0m [33mvalidation[0m: epoch=17, superbatch=80, [35mtest_value_accuracy=0.7037266[0m, [35mtest_value_loss=0.07522941[0m, [1;36melapsed=0.859s[0m
  [2mcuda-cpp SFNN[0m [1;36m[progress][0m  [1;36mepoch 17[0m  [1;33msb 81/108[0m  [33mthis-sb=39,976,960 pos (610 batches x 65,536)[0m  [36mtotal=72,318,320,640 pos[0m  [1;36mtrain_time=25712.4s[0m  [1;32mpos/s=2,812,582[0m
  [2mcuda-cpp SFNN[0m [1;36m[progress][0m  [1;36mepoch 17[0m  [1;33msb 82/108[0m  [33mthis-sb=39,976,960 pos (610 batches x 65,536)[0m  [36mtotal=72,358,297,600 pos[0m  [1;36mtrain_time=25726.6s[0m  [1;32mpos/s=2,812,589[0m
  [2mcuda-cpp SFNN[0m [1;36m[progress][0m  [1;36mepoch 17[0m  [1;33msb 83/108[0m  [33mthis-sb=39,976,960 pos (610 batches x 65,536)[0m  [36mtotal=72,398,274,560 pos[0m  [1;36mtrain_time=25740.7s[0m  [1;32mpos/s=2,812,595[0m
  cuda-cpp HalfKA2 validation forward = gpu: positions=300000, batch_size=8192, elapsed=0.594s
  test: accuracy=70.3487% (211046/300000 decisive; draws=0 excluded; mate=0 filtered), loss=0.075352 (n=300000)
  [2mcuda-cpp HalfKA2[0m [1;33mvalidation detail[0m: positions=300,000, batch_size=8,192, load/cache=0.000s, weight_fold=0.198s, context=0.000s, weight_upload=0.039s, batches=0.594s, metrics=0.005s, total=0.836s
  [2mcuda-cpp SFNN[0m [1;36m[progress][0m  [1;36mepoch 17[0m  [1;33msb 84/108[0m  [33mthis-sb=39,976,960 pos (610 batches x 65,536)[0m  [36mtotal=72,438,251,520 pos[0m  [1;36mtrain_time=25754.9s[0m  [1;32mpos/s=2,812,602[0m
  [2mcuda-cpp SFNN[0m [1;33mvalidation overhead[0m: [35mreadback=0.229s[0m  [33mvalidation=0.859s[0m  [2msave=skipped[0m  [1;32mtotal=1.087s[0m
  [2mcuda-cpp SFNN[0m [33mvalidation[0m: epoch=17, superbatch=84, [35mtest_value_accuracy=0.7034867[0m, [35mtest_value_loss=0.07535229[0m, [1;36melapsed=0.859s[0m
  [2mcuda-cpp SFNN[0m [1;36m[progress][0m  [1;36mepoch 17[0m  [1;33msb 85/108[0m  [33mthis-sb=39,976,960 pos (610 batches x 65,536)[0m  [36mtotal=72,478,228,480 pos[0m  [1;36mtrain_time=25769.0s[0m  [1;32mpos/s=2,812,608[0m
  [2mcuda-cpp SFNN[0m [1;36m[progress][0m  [1;36mepoch 17[0m  [1;33msb 86/108[0m  [33mthis-sb=39,976,960 pos (610 batches x 65,536)[0m  [36mtotal=72,518,205,440 pos[0m  [1;36mtrain_time=25783.2s[0m  [1;32mpos/s=2,812,615[0m
  [2mcuda-cpp SFNN[0m [1;36m[progress][0m  [1;36mepoch 17[0m  [1;33msb 87/108[0m  [33mthis-sb=39,976,960 pos (610 batches x 65,536)[0m  [36mtotal=72,558,182,400 pos[0m  [1;36mtrain_time=25797.3s[0m  [1;32mpos/s=2,812,622[0m
  cuda-cpp HalfKA2 validation forward = gpu: positions=300000, batch_size=8192, elapsed=0.593s
  test: accuracy=70.3203% (210961/300000 decisive; draws=0 excluded; mate=0 filtered), loss=0.075290 (n=300000)
  [2mcuda-cpp HalfKA2[0m [1;33mvalidation detail[0m: positions=300,000, batch_size=8,192, load/cache=0.000s, weight_fold=0.194s, context=0.000s, weight_upload=0.041s, batches=0.593s, metrics=0.005s, total=0.832s
  [2mcuda-cpp SFNN[0m [1;36m[progress][0m  [1;36mepoch 17[0m  [1;33msb 88/108[0m  [33mthis-sb=39,976,960 pos (610 batches x 65,536)[0m  [36mtotal=72,598,159,360 pos[0m  [1;36mtrain_time=25811.5s[0m  [1;32mpos/s=2,812,627[0m
  [2mcuda-cpp SFNN[0m [1;33mvalidation overhead[0m: [35mreadback=0.230s[0m  [33mvalidation=0.853s[0m  [2msave=skipped[0m  [1;32mtotal=1.083s[0m
  [2mcuda-cpp SFNN[0m [33mvalidation[0m: epoch=17, superbatch=88, [35mtest_value_accuracy=0.7032033[0m, [35mtest_value_loss=0.07529027[0m, [1;36melapsed=0.853s[0m
  [2mcuda-cpp SFNN[0m [1;36m[progress][0m  [1;36mepoch 17[0m  [1;33msb 89/108[0m  [33mthis-sb=39,976,960 pos (610 batches x 65,536)[0m  [36mtotal=72,638,136,320 pos[0m  [1;36mtrain_time=25825.7s[0m  [1;32mpos/s=2,812,632[0m
  [2mcuda-cpp SFNN[0m [1;36m[progress][0m  [1;36mepoch 17[0m  [1;33msb 90/108[0m  [33mthis-sb=39,976,960 pos (610 batches x 65,536)[0m  [36mtotal=72,678,113,280 pos[0m  [1;36mtrain_time=25839.8s[0m  [1;32mpos/s=2,812,637[0m
  [2mcuda-cpp SFNN[0m [1;36m[progress][0m  [1;36mepoch 17[0m  [1;33msb 91/108[0m  [33mthis-sb=39,976,960 pos (610 batches x 65,536)[0m  [36mtotal=72,718,090,240 pos[0m  [1;36mtrain_time=25854.0s[0m  [1;32mpos/s=2,812,644[0m
  cuda-cpp HalfKA2 validation forward = gpu: positions=300000, batch_size=8192, elapsed=0.595s
  test: accuracy=70.3197% (210959/300000 decisive; draws=0 excluded; mate=0 filtered), loss=0.075128 (n=300000)
  [2mcuda-cpp HalfKA2[0m [1;33mvalidation detail[0m: positions=300,000, batch_size=8,192, load/cache=0.000s, weight_fold=0.195s, context=0.000s, weight_upload=0.039s, batches=0.595s, metrics=0.005s, total=0.833s
  [2mcuda-cpp SFNN[0m [1;36m[progress][0m  [1;36mepoch 17[0m  [1;33msb 92/108[0m  [33mthis-sb=39,976,960 pos (610 batches x 65,536)[0m  [36mtotal=72,758,067,200 pos[0m  [1;36mtrain_time=25868.2s[0m  [1;32mpos/s=2,812,648[0m
  [2mcuda-cpp SFNN[0m [1;33mvalidation overhead[0m: [35mreadback=0.232s[0m  [33mvalidation=0.855s[0m  [2msave=skipped[0m  [1;32mtotal=1.087s[0m
  [2mcuda-cpp SFNN[0m [33mvalidation[0m: epoch=17, superbatch=92, [35mtest_value_accuracy=0.7031966[0m, [35mtest_value_loss=0.07512829[0m, [1;36melapsed=0.855s[0m
  [2mcuda-cpp SFNN[0m [1;36m[progress][0m  [1;36mepoch 17[0m  [1;33msb 93/108[0m  [33mthis-sb=39,976,960 pos (610 batches x 65,536)[0m  [36mtotal=72,798,044,160 pos[0m  [1;36mtrain_time=25882.3s[0m  [1;32mpos/s=2,812,653[0m
  [2mcuda-cpp SFNN[0m [1;36m[progress][0m  [1;36mepoch 17[0m  [1;33msb 94/108[0m  [33mthis-sb=39,976,960 pos (610 batches x 65,536)[0m  [36mtotal=72,838,021,120 pos[0m  [1;36mtrain_time=25896.5s[0m  [1;32mpos/s=2,812,658[0m
  [2mcuda-cpp SFNN[0m [1;36m[progress][0m  [1;36mepoch 17[0m  [1;33msb 95/108[0m  [33mthis-sb=39,976,960 pos (610 batches x 65,536)[0m  [36mtotal=72,877,998,080 pos[0m  [1;36mtrain_time=25910.7s[0m  [1;32mpos/s=2,812,662[0m
  cuda-cpp HalfKA2 validation forward = gpu: positions=300000, batch_size=8192, elapsed=0.592s
  test: accuracy=70.3350% (211005/300000 decisive; draws=0 excluded; mate=0 filtered), loss=0.075352 (n=300000)
  [2mcuda-cpp HalfKA2[0m [1;33mvalidation detail[0m: positions=300,000, batch_size=8,192, load/cache=0.000s, weight_fold=0.193s, context=0.000s, weight_upload=0.042s, batches=0.592s, metrics=0.005s, total=0.833s
  [2mcuda-cpp SFNN[0m [1;36m[progress][0m  [1;36mepoch 17[0m  [1;33msb 96/108[0m  [33mthis-sb=39,976,960 pos (610 batches x 65,536)[0m  [36mtotal=72,917,975,040 pos[0m  [1;36mtrain_time=25924.9s[0m  [1;32mpos/s=2,812,666[0m
  [2mcuda-cpp SFNN[0m [1;33mvalidation overhead[0m: [35mreadback=0.226s[0m  [33mvalidation=0.854s[0m  [2msave=skipped[0m  [1;32mtotal=1.079s[0m
  [2mcuda-cpp SFNN[0m [33mvalidation[0m: epoch=17, superbatch=96, [35mtest_value_accuracy=0.7033500[0m, [35mtest_value_loss=0.07535246[0m, [1;36melapsed=0.854s[0m
  [2mcuda-cpp SFNN[0m [1;36m[progress][0m  [1;36mepoch 17[0m  [1;33msb 97/108[0m  [33mthis-sb=39,976,960 pos (610 batches x 65,536)[0m  [36mtotal=72,957,952,000 pos[0m  [1;36mtrain_time=25939.1s[0m  [1;32mpos/s=2,812,668[0m
  [2mcuda-cpp SFNN[0m [1;36m[progress][0m  [1;36mepoch 17[0m  [1;33msb 98/108[0m  [33mthis-sb=39,976,960 pos (610 batches x 65,536)[0m  [36mtotal=72,997,928,960 pos[0m  [1;36mtrain_time=25953.3s[0m  [1;32mpos/s=2,812,670[0m
  [2mcuda-cpp SFNN[0m [1;36m[progress][0m  [1;36mepoch 17[0m  [1;33msb 99/108[0m  [33mthis-sb=39,976,960 pos (610 batches x 65,536)[0m  [36mtotal=73,037,905,920 pos[0m  [1;36mtrain_time=25967.4s[0m  [1;32mpos/s=2,812,675[0m
  cuda-cpp HalfKA2 validation forward = gpu: positions=300000, batch_size=8192, elapsed=0.591s
  test: accuracy=70.3153% (210946/300000 decisive; draws=0 excluded; mate=0 filtered), loss=0.075223 (n=300000)
  [2mcuda-cpp HalfKA2[0m [1;33mvalidation detail[0m: positions=300,000, batch_size=8,192, load/cache=0.000s, weight_fold=0.190s, context=0.000s, weight_upload=0.039s, batches=0.591s, metrics=0.005s, total=0.825s
  [2mcuda-cpp SFNN[0m [1;36m[progress][0m  [1;36mepoch 17[0m  [1;33msb 100/108[0m  [33mthis-sb=39,976,960 pos (610 batches x 65,536)[0m  [36mtotal=73,077,882,880 pos[0m  [1;36mtrain_time=25981.6s[0m  [1;32mpos/s=2,812,679[0m
  [2mcuda-cpp SFNN[0m [1;33mvalidation overhead[0m: [35mreadback=0.222s[0m  [33mvalidation=0.846s[0m  [2msave=skipped[0m  [1;32mtotal=1.068s[0m
  [2mcuda-cpp SFNN[0m [33mvalidation[0m: epoch=17, superbatch=100, [35mtest_value_accuracy=0.7031533[0m, [35mtest_value_loss=0.07522279[0m, [1;36melapsed=0.846s[0m
  [2mcuda-cpp SFNN[0m [1;36m[progress][0m  [1;36mepoch 17[0m  [1;33msb 101/108[0m  [33mthis-sb=39,976,960 pos (610 batches x 65,536)[0m  [36mtotal=73,117,859,840 pos[0m  [1;36mtrain_time=25995.8s[0m  [1;32mpos/s=2,812,681[0m
  [2mcuda-cpp SFNN[0m [1;36m[progress][0m  [1;36mepoch 17[0m  [1;33msb 102/108[0m  [33mthis-sb=39,976,960 pos (610 batches x 65,536)[0m  [36mtotal=73,157,836,800 pos[0m  [1;36mtrain_time=26010.0s[0m  [1;32mpos/s=2,812,686[0m
  [2mcuda-cpp SFNN[0m [1;36m[progress][0m  [1;36mepoch 17[0m  [1;33msb 103/108[0m  [33mthis-sb=39,976,960 pos (610 batches x 65,536)[0m  [36mtotal=73,197,813,760 pos[0m  [1;36mtrain_time=26024.1s[0m  [1;32mpos/s=2,812,693[0m
  cuda-cpp HalfKA2 validation forward = gpu: positions=300000, batch_size=8192, elapsed=0.593s
  test: accuracy=70.3503% (211051/300000 decisive; draws=0 excluded; mate=0 filtered), loss=0.075242 (n=300000)
  [2mcuda-cpp HalfKA2[0m [1;33mvalidation detail[0m: positions=300,000, batch_size=8,192, load/cache=0.000s, weight_fold=0.194s, context=0.000s, weight_upload=0.040s, batches=0.593s, metrics=0.005s, total=0.832s
  [2mcuda-cpp SFNN[0m [1;36m[progress][0m  [1;36mepoch 17[0m  [1;33msb 104/108[0m  [33mthis-sb=39,976,960 pos (610 batches x 65,536)[0m  [36mtotal=73,237,790,720 pos[0m  [1;36mtrain_time=26038.3s[0m  [1;32mpos/s=2,812,698[0m
  [2mcuda-cpp SFNN[0m [1;33mvalidation overhead[0m: [35mreadback=0.224s[0m  [33mvalidation=0.853s[0m  [2msave=skipped[0m  [1;32mtotal=1.076s[0m
  [2mcuda-cpp SFNN[0m [33mvalidation[0m: epoch=17, superbatch=104, [35mtest_value_accuracy=0.7035033[0m, [35mtest_value_loss=0.07524232[0m, [1;36melapsed=0.853s[0m
  [2mcuda-cpp SFNN[0m [1;36m[progress][0m  [1;36mepoch 17[0m  [1;33msb 105/108[0m  [33mthis-sb=39,976,960 pos (610 batches x 65,536)[0m  [36mtotal=73,277,767,680 pos[0m  [1;36mtrain_time=26052.5s[0m  [1;32mpos/s=2,812,701[0m
  [2mcuda-cpp SFNN[0m [1;36m[progress][0m  [1;36mepoch 17[0m  [1;33msb 106/108[0m  [33mthis-sb=39,976,960 pos (610 batches x 65,536)[0m  [36mtotal=73,317,744,640 pos[0m  [1;36mtrain_time=26066.6s[0m  [1;32mpos/s=2,812,709[0m
  [2mcuda-cpp SFNN[0m [1;36m[progress][0m  [1;36mepoch 17[0m  [1;33msb 107/108[0m  [33mthis-sb=39,976,960 pos (610 batches x 65,536)[0m  [36mtotal=73,357,721,600 pos[0m  [1;36mtrain_time=26080.8s[0m  [1;32mpos/s=2,812,715[0m
  cuda-cpp HalfKA2 validation forward = gpu: positions=300000, batch_size=8192, elapsed=0.591s
  test: accuracy=70.3590% (211077/300000 decisive; draws=0 excluded; mate=0 filtered), loss=0.075252 (n=300000)
  [2mcuda-cpp HalfKA2[0m [1;33mvalidation detail[0m: positions=300,000, batch_size=8,192, load/cache=0.000s, weight_fold=0.190s, context=0.001s, weight_upload=0.040s, batches=0.591s, metrics=0.005s, total=0.827s
  [2mcuda-cpp SFNN[0m [1;32m[checkpoint][0m  [1;36mepoch 17[0m  [1;33msb 108/108[0m  [33mthis-sb=39,976,960 pos (610 batches x 65,536)[0m  [36mtotal=73,397,698,560 pos[0m  [1;36mtrain_time=26094.9s[0m  [1;32mpos/s=2,812,720[0m
  [2mcuda-cpp SFNN[0m [1;33mcheckpoint overhead[0m: [35mreadback=0.887s[0m  [33mvalidation=0.850s[0m  [36msave=4.452s (state.bin 2.04 GiB, 469 MiB/s)[0m  [1;32mtotal=6.190s[0m
  [2mcuda-cpp SFNN[0m [33mvalidation[0m: epoch=17, superbatch=108, [35mtest_value_accuracy=0.7035900[0m, [35mtest_value_loss=0.07525188[0m, [1;36melapsed=0.850s[0m
  [2mcuda-cpp SFNN[0m [1;36m[progress][0m  [1;36mepoch 18[0m  [1;33msb 1/108[0m  [33mthis-sb=39,976,960 pos (610 batches x 65,536)[0m  [36mtotal=73,437,675,520 pos[0m  [1;36mtrain_time=26109.1s[0m  [1;32mpos/s=2,812,724[0m
  [2mcuda-cpp SFNN[0m [1;36m[progress][0m  [1;36mepoch 18[0m  [1;33msb 2/108[0m  [33mthis-sb=39,976,960 pos (610 batches x 65,536)[0m  [36mtotal=73,477,652,480 pos[0m  [1;36mtrain_time=26123.2s[0m  [1;32mpos/s=2,812,735[0m
  [2mcuda-cpp SFNN[0m [1;36m[progress][0m  [1;36mepoch 18[0m  [1;33msb 3/108[0m  [33mthis-sb=39,976,960 pos (610 batches x 65,536)[0m  [36mtotal=73,517,629,440 pos[0m  [1;36mtrain_time=26137.3s[0m  [1;32mpos/s=2,812,746[0m
  cuda-cpp HalfKA2 validation forward = gpu: positions=300000, batch_size=8192, elapsed=0.591s
  test: accuracy=70.0387% (210116/300000 decisive; draws=0 excluded; mate=0 filtered), loss=0.075810 (n=300000)
  [2mcuda-cpp HalfKA2[0m [1;33mvalidation detail[0m: positions=300,000, batch_size=8,192, load/cache=0.000s, weight_fold=0.190s, context=0.000s, weight_upload=0.043s, batches=0.591s, metrics=0.005s, total=0.828s
  [2mcuda-cpp SFNN[0m [1;36m[progress][0m  [1;36mepoch 18[0m  [1;33msb 4/108[0m  [33mthis-sb=39,976,960 pos (610 batches x 65,536)[0m  [36mtotal=73,557,606,400 pos[0m  [1;36mtrain_time=26151.5s[0m  [1;32mpos/s=2,812,754[0m
  [2mcuda-cpp SFNN[0m [1;33mvalidation overhead[0m: [35mreadback=0.224s[0m  [33mvalidation=0.849s[0m  [2msave=skipped[0m  [1;32mtotal=1.073s[0m
  [2mcuda-cpp SFNN[0m [33mvalidation[0m: epoch=18, superbatch=4, [35mtest_value_accuracy=0.7003866[0m, [35mtest_value_loss=0.07580971[0m, [1;36melapsed=0.849s[0m
  [2mcuda-cpp SFNN[0m [1;36m[progress][0m  [1;36mepoch 18[0m  [1;33msb 5/108[0m  [33mthis-sb=39,976,960 pos (610 batches x 65,536)[0m  [36mtotal=73,597,583,360 pos[0m  [1;36mtrain_time=26165.6s[0m  [1;32mpos/s=2,812,761[0m
  [2mcuda-cpp SFNN[0m [1;36m[progress][0m  [1;36mepoch 18[0m  [1;33msb 6/108[0m  [33mthis-sb=39,976,960 pos (610 batches x 65,536)[0m  [36mtotal=73,637,560,320 pos[0m  [1;36mtrain_time=26179.7s[0m  [1;32mpos/s=2,812,770[0m
  [2mcuda-cpp SFNN[0m [1;36m[progress][0m  [1;36mepoch 18[0m  [1;33msb 7/108[0m  [33mthis-sb=39,976,960 pos (610 batches x 65,536)[0m  [36mtotal=73,677,537,280 pos[0m  [1;36mtrain_time=26193.9s[0m  [1;32mpos/s=2,812,776[0m
  cuda-cpp HalfKA2 validation forward = gpu: positions=300000, batch_size=8192, elapsed=0.594s
  test: accuracy=70.0347% (210104/300000 decisive; draws=0 excluded; mate=0 filtered), loss=0.075860 (n=300000)
  [2mcuda-cpp HalfKA2[0m [1;33mvalidation detail[0m: positions=300,000, batch_size=8,192, load/cache=0.000s, weight_fold=0.192s, context=0.000s, weight_upload=0.040s, batches=0.594s, metrics=0.005s, total=0.831s
  [2mcuda-cpp SFNN[0m [1;36m[progress][0m  [1;36mepoch 18[0m  [1;33msb 8/108[0m  [33mthis-sb=39,976,960 pos (610 batches x 65,536)[0m  [36mtotal=73,717,514,240 pos[0m  [1;36mtrain_time=26208.0s[0m  [1;32mpos/s=2,812,782[0m
  [2mcuda-cpp SFNN[0m [1;33mvalidation overhead[0m: [35mreadback=0.224s[0m  [33mvalidation=0.851s[0m  [2msave=skipped[0m  [1;32mtotal=1.075s[0m
  [2mcuda-cpp SFNN[0m [33mvalidation[0m: epoch=18, superbatch=8, [35mtest_value_accuracy=0.7003466[0m, [35mtest_value_loss=0.07586019[0m, [1;36melapsed=0.851s[0m
  [2mcuda-cpp SFNN[0m [1;36m[progress][0m  [1;36mepoch 18[0m  [1;33msb 9/108[0m  [33mthis-sb=39,976,960 pos (610 batches x 65,536)[0m  [36mtotal=73,757,491,200 pos[0m  [1;36mtrain_time=26222.2s[0m  [1;32mpos/s=2,812,787[0m
  [2mcuda-cpp SFNN[0m [1;36m[progress][0m  [1;36mepoch 18[0m  [1;33msb 10/108[0m  [33mthis-sb=39,976,960 pos (610 batches x 65,536)[0m  [36mtotal=73,797,468,160 pos[0m  [1;36mtrain_time=26236.4s[0m  [1;32mpos/s=2,812,793[0m
  [2mcuda-cpp SFNN[0m [1;36m[progress][0m  [1;36mepoch 18[0m  [1;33msb 11/108[0m  [33mthis-sb=39,976,960 pos (610 batches x 65,536)[0m  [36mtotal=73,837,445,120 pos[0m  [1;36mtrain_time=26250.5s[0m  [1;32mpos/s=2,812,800[0m
  cuda-cpp HalfKA2 validation forward = gpu: positions=300000, batch_size=8192, elapsed=0.599s
  test: accuracy=70.1090% (210327/300000 decisive; draws=0 excluded; mate=0 filtered), loss=0.075718 (n=300000)
  [2mcuda-cpp HalfKA2[0m [1;33mvalidation detail[0m: positions=300,000, batch_size=8,192, load/cache=0.000s, weight_fold=0.191s, context=0.000s, weight_upload=0.042s, batches=0.599s, metrics=0.005s, total=0.837s
  [2mcuda-cpp SFNN[0m [1;36m[progress][0m  [1;36mepoch 18[0m  [1;33msb 12/108[0m  [33mthis-sb=39,976,960 pos (610 batches x 65,536)[0m  [36mtotal=73,877,422,080 pos[0m  [1;36mtrain_time=26264.7s[0m  [1;32mpos/s=2,812,805[0m
  [2mcuda-cpp SFNN[0m [1;33mvalidation overhead[0m: [35mreadback=0.223s[0m  [33mvalidation=0.857s[0m  [2msave=skipped[0m  [1;32mtotal=1.081s[0m
  [2mcuda-cpp SFNN[0m [33mvalidation[0m: epoch=18, superbatch=12, [35mtest_value_accuracy=0.7010900[0m, [35mtest_value_loss=0.07571783[0m, [1;36melapsed=0.857s[0m
  [2mcuda-cpp SFNN[0m [1;36m[progress][0m  [1;36mepoch 18[0m  [1;33msb 13/108[0m  [33mthis-sb=39,976,960 pos (610 batches x 65,536)[0m  [36mtotal=73,917,399,040 pos[0m  [1;36mtrain_time=26278.8s[0m  [1;32mpos/s=2,812,811[0m
  [2mcuda-cpp SFNN[0m [1;36m[progress][0m  [1;36mepoch 18[0m  [1;33msb 14/108[0m  [33mthis-sb=39,976,960 pos (610 batches x 65,536)[0m  [36mtotal=73,957,376,000 pos[0m  [1;36mtrain_time=26293.0s[0m  [1;32mpos/s=2,812,818[0m
  [2mcuda-cpp SFNN[0m [1;36m[progress][0m  [1;36mepoch 18[0m  [1;33msb 15/108[0m  [33mthis-sb=39,976,960 pos (610 batches x 65,536)[0m  [36mtotal=73,997,352,960 pos[0m  [1;36mtrain_time=26307.1s[0m  [1;32mpos/s=2,812,825[0m
  cuda-cpp HalfKA2 validation forward = gpu: positions=300000, batch_size=8192, elapsed=0.594s
  test: accuracy=70.1733% (210520/300000 decisive; draws=0 excluded; mate=0 filtered), loss=0.075859 (n=300000)
  [2mcuda-cpp HalfKA2[0m [1;33mvalidation detail[0m: positions=300,000, batch_size=8,192, load/cache=0.000s, weight_fold=0.195s, context=0.000s, weight_upload=0.041s, batches=0.594s, metrics=0.005s, total=0.835s
  [2mcuda-cpp SFNN[0m [1;36m[progress][0m  [1;36mepoch 18[0m  [1;33msb 16/108[0m  [33mthis-sb=39,976,960 pos (610 batches x 65,536)[0m  [36mtotal=74,037,329,920 pos[0m  [1;36mtrain_time=26321.3s[0m  [1;32mpos/s=2,812,832[0m
  [2mcuda-cpp SFNN[0m [1;33mvalidation overhead[0m: [35mreadback=0.224s[0m  [33mvalidation=0.856s[0m  [2msave=skipped[0m  [1;32mtotal=1.080s[0m
  [2mcuda-cpp SFNN[0m [33mvalidation[0m: epoch=18, superbatch=16, [35mtest_value_accuracy=0.7017334[0m, [35mtest_value_loss=0.07585931[0m, [1;36melapsed=0.856s[0m
  [2mcuda-cpp SFNN[0m [1;36m[progress][0m  [1;36mepoch 18[0m  [1;33msb 17/108[0m  [33mthis-sb=39,976,960 pos (610 batches x 65,536)[0m  [36mtotal=74,077,306,880 pos[0m  [1;36mtrain_time=26335.4s[0m  [1;32mpos/s=2,812,838[0m
  [2mcuda-cpp SFNN[0m [1;36m[progress][0m  [1;36mepoch 18[0m  [1;33msb 18/108[0m  [33mthis-sb=39,976,960 pos (610 batches x 65,536)[0m  [36mtotal=74,117,283,840 pos[0m  [1;36mtrain_time=26349.6s[0m  [1;32mpos/s=2,812,846[0m
  [2mcuda-cpp SFNN[0m [1;36m[progress][0m  [1;36mepoch 18[0m  [1;33msb 19/108[0m  [33mthis-sb=39,976,960 pos (610 batches x 65,536)[0m  [36mtotal=74,157,260,800 pos[0m  [1;36mtrain_time=26363.7s[0m  [1;32mpos/s=2,812,852[0m
  cuda-cpp HalfKA2 validation forward = gpu: positions=300000, batch_size=8192, elapsed=0.594s
  test: accuracy=70.1657% (210497/300000 decisive; draws=0 excluded; mate=0 filtered), loss=0.075493 (n=300000)
  [2mcuda-cpp HalfKA2[0m [1;33mvalidation detail[0m: positions=300,000, batch_size=8,192, load/cache=0.000s, weight_fold=0.191s, context=0.000s, weight_upload=0.040s, batches=0.594s, metrics=0.005s, total=0.830s
  [2mcuda-cpp SFNN[0m [1;36m[progress][0m  [1;36mepoch 18[0m  [1;33msb 20/108[0m  [33mthis-sb=39,976,960 pos (610 batches x 65,536)[0m  [36mtotal=74,197,237,760 pos[0m  [1;36mtrain_time=26377.9s[0m  [1;32mpos/s=2,812,859[0m
  [2mcuda-cpp SFNN[0m [1;33mvalidation overhead[0m: [35mreadback=0.223s[0m  [33mvalidation=0.850s[0m  [2msave=skipped[0m  [1;32mtotal=1.073s[0m
  [2mcuda-cpp SFNN[0m [33mvalidation[0m: epoch=18, superbatch=20, [35mtest_value_accuracy=0.7016566[0m, [35mtest_value_loss=0.07549332[0m, [1;36melapsed=0.850s[0m
  [2mcuda-cpp SFNN[0m [1;36m[progress][0m  [1;36mepoch 18[0m  [1;33msb 21/108[0m  [33mthis-sb=39,976,960 pos (610 batches x 65,536)[0m  [36mtotal=74,237,214,720 pos[0m  [1;36mtrain_time=26392.0s[0m  [1;32mpos/s=2,812,866[0m
  [2mcuda-cpp SFNN[0m [1;36m[progress][0m  [1;36mepoch 18[0m  [1;33msb 22/108[0m  [33mthis-sb=39,976,960 pos (610 batches x 65,536)[0m  [36mtotal=74,277,191,680 pos[0m  [1;36mtrain_time=26406.2s[0m  [1;32mpos/s=2,812,872[0m
  [2mcuda-cpp SFNN[0m [1;36m[progress][0m  [1;36mepoch 18[0m  [1;33msb 23/108[0m  [33mthis-sb=39,976,960 pos (610 batches x 65,536)[0m  [36mtotal=74,317,168,640 pos[0m  [1;36mtrain_time=26420.3s[0m  [1;32mpos/s=2,812,879[0m
  cuda-cpp HalfKA2 validation forward = gpu: positions=300000, batch_size=8192, elapsed=0.595s
  test: accuracy=70.2737% (210821/300000 decisive; draws=0 excluded; mate=0 filtered), loss=0.075708 (n=300000)
  [2mcuda-cpp HalfKA2[0m [1;33mvalidation detail[0m: positions=300,000, batch_size=8,192, load/cache=0.000s, weight_fold=0.190s, context=0.001s, weight_upload=0.040s, batches=0.595s, metrics=0.005s, total=0.831s
  [2mcuda-cpp SFNN[0m [1;36m[progress][0m  [1;36mepoch 18[0m  [1;33msb 24/108[0m  [33mthis-sb=39,976,960 pos (610 batches x 65,536)[0m  [36mtotal=74,357,145,600 pos[0m  [1;36mtrain_time=26434.5s[0m  [1;32mpos/s=2,812,885[0m
  [2mcuda-cpp SFNN[0m [1;33mvalidation overhead[0m: [35mreadback=0.225s[0m  [33mvalidation=0.850s[0m  [2msave=skipped[0m  [1;32mtotal=1.075s[0m
  [2mcuda-cpp SFNN[0m [33mvalidation[0m: epoch=18, superbatch=24, [35mtest_value_accuracy=0.7027367[0m, [35mtest_value_loss=0.07570793[0m, [1;36melapsed=0.850s[0m
  [2mcuda-cpp SFNN[0m [1;36m[progress][0m  [1;36mepoch 18[0m  [1;33msb 25/108[0m  [33mthis-sb=39,976,960 pos (610 batches x 65,536)[0m  [36mtotal=74,397,122,560 pos[0m  [1;36mtrain_time=26448.6s[0m  [1;32mpos/s=2,812,892[0m
  [2mcuda-cpp SFNN[0m [1;36m[progress][0m  [1;36mepoch 18[0m  [1;33msb 26/108[0m  [33mthis-sb=39,976,960 pos (610 batches x 65,536)[0m  [36mtotal=74,437,099,520 pos[0m  [1;36mtrain_time=26462.8s[0m  [1;32mpos/s=2,812,900[0m
  [2mcuda-cpp SFNN[0m [1;36m[progress][0m  [1;36mepoch 18[0m  [1;33msb 27/108[0m  [33mthis-sb=39,976,960 pos (610 batches x 65,536)[0m  [36mtotal=74,477,076,480 pos[0m  [1;36mtrain_time=26476.9s[0m  [1;32mpos/s=2,812,906[0m
  cuda-cpp HalfKA2 validation forward = gpu: positions=300000, batch_size=8192, elapsed=0.592s
  test: accuracy=70.2683% (210805/300000 decisive; draws=0 excluded; mate=0 filtered), loss=0.075360 (n=300000)
  [2mcuda-cpp HalfKA2[0m [1;33mvalidation detail[0m: positions=300,000, batch_size=8,192, load/cache=0.000s, weight_fold=0.191s, context=0.000s, weight_upload=0.041s, batches=0.592s, metrics=0.005s, total=0.829s
  [2mcuda-cpp SFNN[0m [1;36m[progress][0m  [1;36mepoch 18[0m  [1;33msb 28/108[0m  [33mthis-sb=39,976,960 pos (610 batches x 65,536)[0m  [36mtotal=74,517,053,440 pos[0m  [1;36mtrain_time=26491.1s[0m  [1;32mpos/s=2,812,912[0m
  [2mcuda-cpp SFNN[0m [1;33mvalidation overhead[0m: [35mreadback=0.225s[0m  [33mvalidation=0.850s[0m  [2msave=skipped[0m  [1;32mtotal=1.075s[0m
  [2mcuda-cpp SFNN[0m [33mvalidation[0m: epoch=18, superbatch=28, [35mtest_value_accuracy=0.7026833[0m, [35mtest_value_loss=0.07535992[0m, [1;36melapsed=0.850s[0m
  [2mcuda-cpp SFNN[0m [1;36m[progress][0m  [1;36mepoch 18[0m  [1;33msb 29/108[0m  [33mthis-sb=39,976,960 pos (610 batches x 65,536)[0m  [36mtotal=74,557,030,400 pos[0m  [1;36mtrain_time=26505.2s[0m  [1;32mpos/s=2,812,918[0m
  [2mcuda-cpp SFNN[0m [1;36m[progress][0m  [1;36mepoch 18[0m  [1;33msb 30/108[0m  [33mthis-sb=39,976,960 pos (610 batches x 65,536)[0m  [36mtotal=74,597,007,360 pos[0m  [1;36mtrain_time=26519.4s[0m  [1;32mpos/s=2,812,925[0m
  [2mcuda-cpp SFNN[0m [1;36m[progress][0m  [1;36mepoch 18[0m  [1;33msb 31/108[0m  [33mthis-sb=39,976,960 pos (610 batches x 65,536)[0m  [36mtotal=74,636,984,320 pos[0m  [1;36mtrain_time=26533.5s[0m  [1;32mpos/s=2,812,931[0m
  cuda-cpp HalfKA2 validation forward = gpu: positions=300000, batch_size=8192, elapsed=0.593s
  test: accuracy=70.2247% (210674/300000 decisive; draws=0 excluded; mate=0 filtered), loss=0.075741 (n=300000)
  [2mcuda-cpp HalfKA2[0m [1;33mvalidation detail[0m: positions=300,000, batch_size=8,192, load/cache=0.000s, weight_fold=0.186s, context=0.000s, weight_upload=0.039s, batches=0.593s, metrics=0.005s, total=0.822s
  [2mcuda-cpp SFNN[0m [1;36m[progress][0m  [1;36mepoch 18[0m  [1;33msb 32/108[0m  [33mthis-sb=39,976,960 pos (610 batches x 65,536)[0m  [36mtotal=74,676,961,280 pos[0m  [1;36mtrain_time=26547.7s[0m  [1;32mpos/s=2,812,937[0m
  [2mcuda-cpp SFNN[0m [1;33mvalidation overhead[0m: [35mreadback=0.222s[0m  [33mvalidation=0.843s[0m  [2msave=skipped[0m  [1;32mtotal=1.065s[0m
  [2mcuda-cpp SFNN[0m [33mvalidation[0m: epoch=18, superbatch=32, [35mtest_value_accuracy=0.7022467[0m, [35mtest_value_loss=0.07574113[0m, [1;36melapsed=0.843s[0m
  [2mcuda-cpp SFNN[0m [1;36m[progress][0m  [1;36mepoch 18[0m  [1;33msb 33/108[0m  [33mthis-sb=39,976,960 pos (610 batches x 65,536)[0m  [36mtotal=74,716,938,240 pos[0m  [1;36mtrain_time=26561.8s[0m  [1;32mpos/s=2,812,943[0m
  [2mcuda-cpp SFNN[0m [1;36m[progress][0m  [1;36mepoch 18[0m  [1;33msb 34/108[0m  [33mthis-sb=39,976,960 pos (610 batches x 65,536)[0m  [36mtotal=74,756,915,200 pos[0m  [1;36mtrain_time=26576.0s[0m  [1;32mpos/s=2,812,948[0m
  [2mcuda-cpp SFNN[0m [1;36m[progress][0m  [1;36mepoch 18[0m  [1;33msb 35/108[0m  [33mthis-sb=39,976,960 pos (610 batches x 65,536)[0m  [36mtotal=74,796,892,160 pos[0m  [1;36mtrain_time=26590.2s[0m  [1;32mpos/s=2,812,953[0m
  cuda-cpp HalfKA2 validation forward = gpu: positions=300000, batch_size=8192, elapsed=0.592s
  test: accuracy=70.2430% (210729/300000 decisive; draws=0 excluded; mate=0 filtered), loss=0.075590 (n=300000)
  [2mcuda-cpp HalfKA2[0m [1;33mvalidation detail[0m: positions=300,000, batch_size=8,192, load/cache=0.000s, weight_fold=0.193s, context=0.000s, weight_upload=0.040s, batches=0.592s, metrics=0.005s, total=0.830s
  [2mcuda-cpp SFNN[0m [1;36m[progress][0m  [1;36mepoch 18[0m  [1;33msb 36/108[0m  [33mthis-sb=39,976,960 pos (610 batches x 65,536)[0m  [36mtotal=74,836,869,120 pos[0m  [1;36mtrain_time=26604.3s[0m  [1;32mpos/s=2,812,958[0m
  [2mcuda-cpp SFNN[0m [1;33mvalidation overhead[0m: [35mreadback=0.229s[0m  [33mvalidation=0.851s[0m  [2msave=skipped[0m  [1;32mtotal=1.080s[0m
  [2mcuda-cpp SFNN[0m [33mvalidation[0m: epoch=18, superbatch=36, [35mtest_value_accuracy=0.7024300[0m, [35mtest_value_loss=0.07559031[0m, [1;36melapsed=0.851s[0m
  [2mcuda-cpp SFNN[0m [1;36m[progress][0m  [1;36mepoch 18[0m  [1;33msb 37/108[0m  [33mthis-sb=39,976,960 pos (610 batches x 65,536)[0m  [36mtotal=74,876,846,080 pos[0m  [1;36mtrain_time=26618.5s[0m  [1;32mpos/s=2,812,963[0m
  [2mcuda-cpp SFNN[0m [1;36m[progress][0m  [1;36mepoch 18[0m  [1;33msb 38/108[0m  [33mthis-sb=39,976,960 pos (610 batches x 65,536)[0m  [36mtotal=74,916,823,040 pos[0m  [1;36mtrain_time=26632.8s[0m  [1;32mpos/s=2,812,954[0m
  [2mcuda-cpp SFNN[0m [1;36m[progress][0m  [1;36mepoch 18[0m  [1;33msb 39/108[0m  [33mthis-sb=39,976,960 pos (610 batches x 65,536)[0m  [36mtotal=74,956,800,000 pos[0m  [1;36mtrain_time=26647.0s[0m  [1;32mpos/s=2,812,960[0m
  cuda-cpp HalfKA2 validation forward = gpu: positions=300000, batch_size=8192, elapsed=0.590s
  test: accuracy=70.2673% (210802/300000 decisive; draws=0 excluded; mate=0 filtered), loss=0.075312 (n=300000)
  [2mcuda-cpp HalfKA2[0m [1;33mvalidation detail[0m: positions=300,000, batch_size=8,192, load/cache=0.000s, weight_fold=0.193s, context=0.001s, weight_upload=0.040s, batches=0.590s, metrics=0.005s, total=0.828s
  [2mcuda-cpp SFNN[0m [1;36m[progress][0m  [1;36mepoch 18[0m  [1;33msb 40/108[0m  [33mthis-sb=39,976,960 pos (610 batches x 65,536)[0m  [36mtotal=74,996,776,960 pos[0m  [1;36mtrain_time=26661.1s[0m  [1;32mpos/s=2,812,966[0m
  [2mcuda-cpp SFNN[0m [1;33mvalidation overhead[0m: [35mreadback=0.224s[0m  [33mvalidation=0.850s[0m  [2msave=skipped[0m  [1;32mtotal=1.073s[0m
  [2mcuda-cpp SFNN[0m [33mvalidation[0m: epoch=18, superbatch=40, [35mtest_value_accuracy=0.7026733[0m, [35mtest_value_loss=0.07531220[0m, [1;36melapsed=0.850s[0m
  [2mcuda-cpp SFNN[0m [1;36m[progress][0m  [1;36mepoch 18[0m  [1;33msb 41/108[0m  [33mthis-sb=39,976,960 pos (610 batches x 65,536)[0m  [36mtotal=75,036,753,920 pos[0m  [1;36mtrain_time=26675.3s[0m  [1;32mpos/s=2,812,970[0m
  [2mcuda-cpp SFNN[0m [1;36m[progress][0m  [1;36mepoch 18[0m  [1;33msb 42/108[0m  [33mthis-sb=39,976,960 pos (610 batches x 65,536)[0m  [36mtotal=75,076,730,880 pos[0m  [1;36mtrain_time=26689.4s[0m  [1;32mpos/s=2,812,974[0m
  [2mcuda-cpp SFNN[0m [1;36m[progress][0m  [1;36mepoch 18[0m  [1;33msb 43/108[0m  [33mthis-sb=39,976,960 pos (610 batches x 65,536)[0m  [36mtotal=75,116,707,840 pos[0m  [1;36mtrain_time=26703.6s[0m  [1;32mpos/s=2,812,981[0m
  cuda-cpp HalfKA2 validation forward = gpu: positions=300000, batch_size=8192, elapsed=0.593s
  test: accuracy=70.2693% (210808/300000 decisive; draws=0 excluded; mate=0 filtered), loss=0.075530 (n=300000)
  [2mcuda-cpp HalfKA2[0m [1;33mvalidation detail[0m: positions=300,000, batch_size=8,192, load/cache=0.000s, weight_fold=0.191s, context=0.000s, weight_upload=0.039s, batches=0.593s, metrics=0.005s, total=0.829s
  [2mcuda-cpp SFNN[0m [1;36m[progress][0m  [1;36mepoch 18[0m  [1;33msb 44/108[0m  [33mthis-sb=39,976,960 pos (610 batches x 65,536)[0m  [36mtotal=75,156,684,800 pos[0m  [1;36mtrain_time=26717.8s[0m  [1;32mpos/s=2,812,985[0m
  [2mcuda-cpp SFNN[0m [1;33mvalidation overhead[0m: [35mreadback=0.227s[0m  [33mvalidation=0.850s[0m  [2msave=skipped[0m  [1;32mtotal=1.077s[0m
  [2mcuda-cpp SFNN[0m [33mvalidation[0m: epoch=18, superbatch=44, [35mtest_value_accuracy=0.7026933[0m, [35mtest_value_loss=0.07553006[0m, [1;36melapsed=0.850s[0m
  [2mcuda-cpp SFNN[0m [1;36m[progress][0m  [1;36mepoch 18[0m  [1;33msb 45/108[0m  [33mthis-sb=39,976,960 pos (610 batches x 65,536)[0m  [36mtotal=75,196,661,760 pos[0m  [1;36mtrain_time=26731.9s[0m  [1;32mpos/s=2,812,989[0m
  [2mcuda-cpp SFNN[0m [1;36m[progress][0m  [1;36mepoch 18[0m  [1;33msb 46/108[0m  [33mthis-sb=39,976,960 pos (610 batches x 65,536)[0m  [36mtotal=75,236,638,720 pos[0m  [1;36mtrain_time=26746.1s[0m  [1;32mpos/s=2,812,993[0m
  [2mcuda-cpp SFNN[0m [1;36m[progress][0m  [1;36mepoch 18[0m  [1;33msb 47/108[0m  [33mthis-sb=39,976,960 pos (610 batches x 65,536)[0m  [36mtotal=75,276,615,680 pos[0m  [1;36mtrain_time=26760.3s[0m  [1;32mpos/s=2,812,998[0m
  cuda-cpp HalfKA2 validation forward = gpu: positions=300000, batch_size=8192, elapsed=0.590s
  test: accuracy=70.3033% (210910/300000 decisive; draws=0 excluded; mate=0 filtered), loss=0.075600 (n=300000)
  [2mcuda-cpp HalfKA2[0m [1;33mvalidation detail[0m: positions=300,000, batch_size=8,192, load/cache=0.000s, weight_fold=0.191s, context=0.000s, weight_upload=0.040s, batches=0.590s, metrics=0.005s, total=0.826s
  [2mcuda-cpp SFNN[0m [1;36m[progress][0m  [1;36mepoch 18[0m  [1;33msb 48/108[0m  [33mthis-sb=39,976,960 pos (610 batches x 65,536)[0m  [36mtotal=75,316,592,640 pos[0m  [1;36mtrain_time=26774.4s[0m  [1;32mpos/s=2,813,003[0m
  [2mcuda-cpp SFNN[0m [1;33mvalidation overhead[0m: [35mreadback=0.225s[0m  [33mvalidation=0.850s[0m  [2msave=skipped[0m  [1;32mtotal=1.075s[0m
  [2mcuda-cpp SFNN[0m [33mvalidation[0m: epoch=18, superbatch=48, [35mtest_value_accuracy=0.7030333[0m, [35mtest_value_loss=0.07559995[0m, [1;36melapsed=0.850s[0m
  [2mcuda-cpp SFNN[0m [1;36m[progress][0m  [1;36mepoch 18[0m  [1;33msb 49/108[0m  [33mthis-sb=39,976,960 pos (610 batches x 65,536)[0m  [36mtotal=75,356,569,600 pos[0m  [1;36mtrain_time=26788.6s[0m  [1;32mpos/s=2,813,006[0m
  [2mcuda-cpp SFNN[0m [1;36m[progress][0m  [1;36mepoch 18[0m  [1;33msb 50/108[0m  [33mthis-sb=39,976,960 pos (610 batches x 65,536)[0m  [36mtotal=75,396,546,560 pos[0m  [1;36mtrain_time=26802.8s[0m  [1;32mpos/s=2,813,011[0m
  [2mcuda-cpp SFNN[0m [1;36m[progress][0m  [1;36mepoch 18[0m  [1;33msb 51/108[0m  [33mthis-sb=39,976,960 pos (610 batches x 65,536)[0m  [36mtotal=75,436,523,520 pos[0m  [1;36mtrain_time=26817.0s[0m  [1;32mpos/s=2,813,016[0m
  cuda-cpp HalfKA2 validation forward = gpu: positions=300000, batch_size=8192, elapsed=0.598s
  test: accuracy=70.2997% (210899/300000 decisive; draws=0 excluded; mate=0 filtered), loss=0.075409 (n=300000)
  [2mcuda-cpp HalfKA2[0m [1;33mvalidation detail[0m: positions=300,000, batch_size=8,192, load/cache=0.000s, weight_fold=0.198s, context=0.000s, weight_upload=0.045s, batches=0.598s, metrics=0.005s, total=0.846s
  [2mcuda-cpp SFNN[0m [1;36m[progress][0m  [1;36mepoch 18[0m  [1;33msb 52/108[0m  [33mthis-sb=39,976,960 pos (610 batches x 65,536)[0m  [36mtotal=75,476,500,480 pos[0m  [1;36mtrain_time=26831.1s[0m  [1;32mpos/s=2,813,020[0m
  [2mcuda-cpp SFNN[0m [1;33mvalidation overhead[0m: [35mreadback=0.228s[0m  [33mvalidation=0.874s[0m  [2msave=skipped[0m  [1;32mtotal=1.102s[0m
  [2mcuda-cpp SFNN[0m [33mvalidation[0m: epoch=18, superbatch=52, [35mtest_value_accuracy=0.7029967[0m, [35mtest_value_loss=0.07540917[0m, [1;36melapsed=0.874s[0m
  [2mcuda-cpp SFNN[0m [1;36m[progress][0m  [1;36mepoch 18[0m  [1;33msb 53/108[0m  [33mthis-sb=39,976,960 pos (610 batches x 65,536)[0m  [36mtotal=75,516,477,440 pos[0m  [1;36mtrain_time=26845.3s[0m  [1;32mpos/s=2,813,024[0m
  [2mcuda-cpp SFNN[0m [1;36m[progress][0m  [1;36mepoch 18[0m  [1;33msb 54/108[0m  [33mthis-sb=39,976,960 pos (610 batches x 65,536)[0m  [36mtotal=75,556,454,400 pos[0m  [1;36mtrain_time=26859.5s[0m  [1;32mpos/s=2,813,030[0m
  [2mcuda-cpp SFNN[0m [1;36m[progress][0m  [1;36mepoch 18[0m  [1;33msb 55/108[0m  [33mthis-sb=39,976,960 pos (610 batches x 65,536)[0m  [36mtotal=75,596,431,360 pos[0m  [1;36mtrain_time=26873.6s[0m  [1;32mpos/s=2,813,035[0m
  cuda-cpp HalfKA2 validation forward = gpu: positions=300000, batch_size=8192, elapsed=0.594s
  test: accuracy=70.2817% (210845/300000 decisive; draws=0 excluded; mate=0 filtered), loss=0.075393 (n=300000)
  [2mcuda-cpp HalfKA2[0m [1;33mvalidation detail[0m: positions=300,000, batch_size=8,192, load/cache=0.000s, weight_fold=0.201s, context=0.000s, weight_upload=0.040s, batches=0.594s, metrics=0.005s, total=0.840s
  [2mcuda-cpp SFNN[0m [1;36m[progress][0m  [1;36mepoch 18[0m  [1;33msb 56/108[0m  [33mthis-sb=39,976,960 pos (610 batches x 65,536)[0m  [36mtotal=75,636,408,320 pos[0m  [1;36mtrain_time=26887.8s[0m  [1;32mpos/s=2,813,039[0m
  [2mcuda-cpp SFNN[0m [1;33mvalidation overhead[0m: [35mreadback=0.232s[0m  [33mvalidation=0.863s[0m  [2msave=skipped[0m  [1;32mtotal=1.094s[0m
  [2mcuda-cpp SFNN[0m [33mvalidation[0m: epoch=18, superbatch=56, [35mtest_value_accuracy=0.7028167[0m, [35mtest_value_loss=0.07539281[0m, [1;36melapsed=0.863s[0m
  [2mcuda-cpp SFNN[0m [1;36m[progress][0m  [1;36mepoch 18[0m  [1;33msb 57/108[0m  [33mthis-sb=39,976,960 pos (610 batches x 65,536)[0m  [36mtotal=75,676,385,280 pos[0m  [1;36mtrain_time=26902.0s[0m  [1;32mpos/s=2,813,042[0m
  [2mcuda-cpp SFNN[0m [1;36m[progress][0m  [1;36mepoch 18[0m  [1;33msb 58/108[0m  [33mthis-sb=39,976,960 pos (610 batches x 65,536)[0m  [36mtotal=75,716,362,240 pos[0m  [1;36mtrain_time=26916.1s[0m  [1;32mpos/s=2,813,048[0m
  [2mcuda-cpp SFNN[0m [1;36m[progress][0m  [1;36mepoch 18[0m  [1;33msb 59/108[0m  [33mthis-sb=39,976,960 pos (610 batches x 65,536)[0m  [36mtotal=75,756,339,200 pos[0m  [1;36mtrain_time=26930.3s[0m  [1;32mpos/s=2,813,051[0m
  cuda-cpp HalfKA2 validation forward = gpu: positions=300000, batch_size=8192, elapsed=0.611s
  test: accuracy=70.2873% (210862/300000 decisive; draws=0 excluded; mate=0 filtered), loss=0.075532 (n=300000)
  [2mcuda-cpp HalfKA2[0m [1;33mvalidation detail[0m: positions=300,000, batch_size=8,192, load/cache=0.000s, weight_fold=0.204s, context=0.000s, weight_upload=0.040s, batches=0.611s, metrics=0.005s, total=0.861s
  [2mcuda-cpp SFNN[0m [1;36m[progress][0m  [1;36mepoch 18[0m  [1;33msb 60/108[0m  [33mthis-sb=39,976,960 pos (610 batches x 65,536)[0m  [36mtotal=75,796,316,160 pos[0m  [1;36mtrain_time=26944.5s[0m  [1;32mpos/s=2,813,055[0m
  [2mcuda-cpp SFNN[0m [1;33mvalidation overhead[0m: [35mreadback=0.229s[0m  [33mvalidation=0.887s[0m  [2msave=skipped[0m  [1;32mtotal=1.116s[0m
  [2mcuda-cpp SFNN[0m [33mvalidation[0m: epoch=18, superbatch=60, [35mtest_value_accuracy=0.7028733[0m, [35mtest_value_loss=0.07553237[0m, [1;36melapsed=0.887s[0m
  [2mcuda-cpp SFNN[0m [1;36m[progress][0m  [1;36mepoch 18[0m  [1;33msb 61/108[0m  [33mthis-sb=39,976,960 pos (610 batches x 65,536)[0m  [36mtotal=75,836,293,120 pos[0m  [1;36mtrain_time=26958.7s[0m  [1;32mpos/s=2,813,057[0m
  [2mcuda-cpp SFNN[0m [1;36m[progress][0m  [1;36mepoch 18[0m  [1;33msb 62/108[0m  [33mthis-sb=39,976,960 pos (610 batches x 65,536)[0m  [36mtotal=75,876,270,080 pos[0m  [1;36mtrain_time=26972.9s[0m  [1;32mpos/s=2,813,061[0m
  [2mcuda-cpp SFNN[0m [1;36m[progress][0m  [1;36mepoch 18[0m  [1;33msb 63/108[0m  [33mthis-sb=39,976,960 pos (610 batches x 65,536)[0m  [36mtotal=75,916,247,040 pos[0m  [1;36mtrain_time=26987.0s[0m  [1;32mpos/s=2,813,064[0m
  cuda-cpp HalfKA2 validation forward = gpu: positions=300000, batch_size=8192, elapsed=0.596s
  test: accuracy=70.3190% (210957/300000 decisive; draws=0 excluded; mate=0 filtered), loss=0.075409 (n=300000)
  [2mcuda-cpp HalfKA2[0m [1;33mvalidation detail[0m: positions=300,000, batch_size=8,192, load/cache=0.000s, weight_fold=0.191s, context=0.000s, weight_upload=0.040s, batches=0.596s, metrics=0.005s, total=0.833s
  [2mcuda-cpp SFNN[0m [1;36m[progress][0m  [1;36mepoch 18[0m  [1;33msb 64/108[0m  [33mthis-sb=39,976,960 pos (610 batches x 65,536)[0m  [36mtotal=75,956,224,000 pos[0m  [1;36mtrain_time=27001.2s[0m  [1;32mpos/s=2,813,069[0m
  [2mcuda-cpp SFNN[0m [1;33mvalidation overhead[0m: [35mreadback=0.229s[0m  [33mvalidation=0.856s[0m  [2msave=skipped[0m  [1;32mtotal=1.086s[0m
  [2mcuda-cpp SFNN[0m [33mvalidation[0m: epoch=18, superbatch=64, [35mtest_value_accuracy=0.7031900[0m, [35mtest_value_loss=0.07540920[0m, [1;36melapsed=0.856s[0m
  [2mcuda-cpp SFNN[0m [1;36m[progress][0m  [1;36mepoch 18[0m  [1;33msb 65/108[0m  [33mthis-sb=39,976,960 pos (610 batches x 65,536)[0m  [36mtotal=75,996,200,960 pos[0m  [1;36mtrain_time=27015.4s[0m  [1;32mpos/s=2,813,072[0m
  [2mcuda-cpp SFNN[0m [1;36m[progress][0m  [1;36mepoch 18[0m  [1;33msb 66/108[0m  [33mthis-sb=39,976,960 pos (610 batches x 65,536)[0m  [36mtotal=76,036,177,920 pos[0m  [1;36mtrain_time=27029.5s[0m  [1;32mpos/s=2,813,076[0m
  [2mcuda-cpp SFNN[0m [1;36m[progress][0m  [1;36mepoch 18[0m  [1;33msb 67/108[0m  [33mthis-sb=39,976,960 pos (610 batches x 65,536)[0m  [36mtotal=76,076,154,880 pos[0m  [1;36mtrain_time=27043.7s[0m  [1;32mpos/s=2,813,082[0m
  cuda-cpp HalfKA2 validation forward = gpu: positions=300000, batch_size=8192, elapsed=0.592s
  test: accuracy=70.3230% (210969/300000 decisive; draws=0 excluded; mate=0 filtered), loss=0.075541 (n=300000)
  [2mcuda-cpp HalfKA2[0m [1;33mvalidation detail[0m: positions=300,000, batch_size=8,192, load/cache=0.000s, weight_fold=0.187s, context=0.000s, weight_upload=0.038s, batches=0.592s, metrics=0.005s, total=0.822s
  [2mcuda-cpp SFNN[0m [1;36m[progress][0m  [1;36mepoch 18[0m  [1;33msb 68/108[0m  [33mthis-sb=39,976,960 pos (610 batches x 65,536)[0m  [36mtotal=76,116,131,840 pos[0m  [1;36mtrain_time=27057.9s[0m  [1;32mpos/s=2,813,086[0m
  [2mcuda-cpp SFNN[0m [1;33mvalidation overhead[0m: [35mreadback=0.226s[0m  [33mvalidation=0.843s[0m  [2msave=skipped[0m  [1;32mtotal=1.068s[0m
  [2mcuda-cpp SFNN[0m [33mvalidation[0m: epoch=18, superbatch=68, [35mtest_value_accuracy=0.7032300[0m, [35mtest_value_loss=0.07554114[0m, [1;36melapsed=0.843s[0m
  [2mcuda-cpp SFNN[0m [1;36m[progress][0m  [1;36mepoch 18[0m  [1;33msb 69/108[0m  [33mthis-sb=39,976,960 pos (610 batches x 65,536)[0m  [36mtotal=76,156,108,800 pos[0m  [1;36mtrain_time=27072.1s[0m  [1;32mpos/s=2,813,089[0m
  [2mcuda-cpp SFNN[0m [1;36m[progress][0m  [1;36mepoch 18[0m  [1;33msb 70/108[0m  [33mthis-sb=39,976,960 pos (610 batches x 65,536)[0m  [36mtotal=76,196,085,760 pos[0m  [1;36mtrain_time=27086.2s[0m  [1;32mpos/s=2,813,093[0m
  [2mcuda-cpp SFNN[0m [1;36m[progress][0m  [1;36mepoch 18[0m  [1;33msb 71/108[0m  [33mthis-sb=39,976,960 pos (610 batches x 65,536)[0m  [36mtotal=76,236,062,720 pos[0m  [1;36mtrain_time=27100.4s[0m  [1;32mpos/s=2,813,097[0m
  cuda-cpp HalfKA2 validation forward = gpu: positions=300000, batch_size=8192, elapsed=0.593s
  test: accuracy=70.3480% (211044/300000 decisive; draws=0 excluded; mate=0 filtered), loss=0.075376 (n=300000)
  [2mcuda-cpp HalfKA2[0m [1;33mvalidation detail[0m: positions=300,000, batch_size=8,192, load/cache=0.000s, weight_fold=0.208s, context=0.001s, weight_upload=0.039s, batches=0.593s, metrics=0.005s, total=0.846s
  [2mcuda-cpp SFNN[0m [1;36m[progress][0m  [1;36mepoch 18[0m  [1;33msb 72/108[0m  [33mthis-sb=39,976,960 pos (610 batches x 65,536)[0m  [36mtotal=76,276,039,680 pos[0m  [1;36mtrain_time=27114.6s[0m  [1;32mpos/s=2,813,101[0m
  [2mcuda-cpp SFNN[0m [1;33mvalidation overhead[0m: [35mreadback=0.229s[0m  [33mvalidation=0.872s[0m  [2msave=skipped[0m  [1;32mtotal=1.102s[0m
  [2mcuda-cpp SFNN[0m [33mvalidation[0m: epoch=18, superbatch=72, [35mtest_value_accuracy=0.7034800[0m, [35mtest_value_loss=0.07537580[0m, [1;36melapsed=0.872s[0m
  [2mcuda-cpp SFNN[0m [1;36m[progress][0m  [1;36mepoch 18[0m  [1;33msb 73/108[0m  [33mthis-sb=39,976,960 pos (610 batches x 65,536)[0m  [36mtotal=76,316,016,640 pos[0m  [1;36mtrain_time=27128.7s[0m  [1;32mpos/s=2,813,105[0m
  [2mcuda-cpp SFNN[0m [1;36m[progress][0m  [1;36mepoch 18[0m  [1;33msb 74/108[0m  [33mthis-sb=39,976,960 pos (610 batches x 65,536)[0m  [36mtotal=76,355,993,600 pos[0m  [1;36mtrain_time=27142.9s[0m  [1;32mpos/s=2,813,110[0m
  [2mcuda-cpp SFNN[0m [1;36m[progress][0m  [1;36mepoch 18[0m  [1;33msb 75/108[0m  [33mthis-sb=39,976,960 pos (610 batches x 65,536)[0m  [36mtotal=76,395,970,560 pos[0m  [1;36mtrain_time=27157.1s[0m  [1;32mpos/s=2,813,114[0m
  cuda-cpp HalfKA2 validation forward = gpu: positions=300000, batch_size=8192, elapsed=0.597s
  test: accuracy=70.3630% (211089/300000 decisive; draws=0 excluded; mate=0 filtered), loss=0.075265 (n=300000)
  [2mcuda-cpp HalfKA2[0m [1;33mvalidation detail[0m: positions=300,000, batch_size=8,192, load/cache=0.000s, weight_fold=0.206s, context=0.001s, weight_upload=0.046s, batches=0.597s, metrics=0.005s, total=0.854s
  [2mcuda-cpp SFNN[0m [1;36m[progress][0m  [1;36mepoch 18[0m  [1;33msb 76/108[0m  [33mthis-sb=39,976,960 pos (610 batches x 65,536)[0m  [36mtotal=76,435,947,520 pos[0m  [1;36mtrain_time=27171.3s[0m  [1;32mpos/s=2,813,117[0m
  [2mcuda-cpp SFNN[0m [1;33mvalidation overhead[0m: [35mreadback=0.227s[0m  [33mvalidation=0.880s[0m  [2msave=skipped[0m  [1;32mtotal=1.106s[0m
  [2mcuda-cpp SFNN[0m [33mvalidation[0m: epoch=18, superbatch=76, [35mtest_value_accuracy=0.7036300[0m, [35mtest_value_loss=0.07526547[0m, [1;36melapsed=0.880s[0m
  [2mcuda-cpp SFNN[0m [1;36m[progress][0m  [1;36mepoch 18[0m  [1;33msb 77/108[0m  [33mthis-sb=39,976,960 pos (610 batches x 65,536)[0m  [36mtotal=76,475,924,480 pos[0m  [1;36mtrain_time=27185.5s[0m  [1;32mpos/s=2,813,119[0m
  [2mcuda-cpp SFNN[0m [1;36m[progress][0m  [1;36mepoch 18[0m  [1;33msb 78/108[0m  [33mthis-sb=39,976,960 pos (610 batches x 65,536)[0m  [36mtotal=76,515,901,440 pos[0m  [1;36mtrain_time=27199.6s[0m  [1;32mpos/s=2,813,123[0m
  [2mcuda-cpp SFNN[0m [1;36m[progress][0m  [1;36mepoch 18[0m  [1;33msb 79/108[0m  [33mthis-sb=39,976,960 pos (610 batches x 65,536)[0m  [36mtotal=76,555,878,400 pos[0m  [1;36mtrain_time=27213.8s[0m  [1;32mpos/s=2,813,125[0m
  cuda-cpp HalfKA2 validation forward = gpu: positions=300000, batch_size=8192, elapsed=0.599s
  test: accuracy=70.3510% (211053/300000 decisive; draws=0 excluded; mate=0 filtered), loss=0.075364 (n=300000)
  [2mcuda-cpp HalfKA2[0m [1;33mvalidation detail[0m: positions=300,000, batch_size=8,192, load/cache=0.000s, weight_fold=0.192s, context=0.000s, weight_upload=0.039s, batches=0.599s, metrics=0.005s, total=0.835s
  [2mcuda-cpp SFNN[0m [1;36m[progress][0m  [1;36mepoch 18[0m  [1;33msb 80/108[0m  [33mthis-sb=39,976,960 pos (610 batches x 65,536)[0m  [36mtotal=76,595,855,360 pos[0m  [1;36mtrain_time=27228.0s[0m  [1;32mpos/s=2,813,128[0m
  [2mcuda-cpp SFNN[0m [1;33mvalidation overhead[0m: [35mreadback=0.239s[0m  [33mvalidation=0.857s[0m  [2msave=skipped[0m  [1;32mtotal=1.096s[0m
  [2mcuda-cpp SFNN[0m [33mvalidation[0m: epoch=18, superbatch=80, [35mtest_value_accuracy=0.7035100[0m, [35mtest_value_loss=0.07536407[0m, [1;36melapsed=0.857s[0m
  [2mcuda-cpp SFNN[0m [1;36m[progress][0m  [1;36mepoch 18[0m  [1;33msb 81/108[0m  [33mthis-sb=39,976,960 pos (610 batches x 65,536)[0m  [36mtotal=76,635,832,320 pos[0m  [1;36mtrain_time=27242.2s[0m  [1;32mpos/s=2,813,130[0m
  [2mcuda-cpp SFNN[0m [1;36m[progress][0m  [1;36mepoch 18[0m  [1;33msb 82/108[0m  [33mthis-sb=39,976,960 pos (610 batches x 65,536)[0m  [36mtotal=76,675,809,280 pos[0m  [1;36mtrain_time=27256.4s[0m  [1;32mpos/s=2,813,133[0m
  [2mcuda-cpp SFNN[0m [1;36m[progress][0m  [1;36mepoch 18[0m  [1;33msb 83/108[0m  [33mthis-sb=39,976,960 pos (610 batches x 65,536)[0m  [36mtotal=76,715,786,240 pos[0m  [1;36mtrain_time=27270.6s[0m  [1;32mpos/s=2,813,136[0m
  cuda-cpp HalfKA2 validation forward = gpu: positions=300000, batch_size=8192, elapsed=0.592s
  test: accuracy=70.3883% (211165/300000 decisive; draws=0 excluded; mate=0 filtered), loss=0.075346 (n=300000)
  [2mcuda-cpp HalfKA2[0m [1;33mvalidation detail[0m: positions=300,000, batch_size=8,192, load/cache=0.000s, weight_fold=0.204s, context=0.000s, weight_upload=0.040s, batches=0.592s, metrics=0.005s, total=0.842s
  [2mcuda-cpp SFNN[0m [1;36m[progress][0m  [1;36mepoch 18[0m  [1;33msb 84/108[0m  [33mthis-sb=39,976,960 pos (610 batches x 65,536)[0m  [36mtotal=76,755,763,200 pos[0m  [1;36mtrain_time=27284.7s[0m  [1;32mpos/s=2,813,140[0m
  [2mcuda-cpp SFNN[0m [1;33mvalidation overhead[0m: [35mreadback=0.233s[0m  [33mvalidation=0.869s[0m  [2msave=skipped[0m  [1;32mtotal=1.102s[0m
  [2mcuda-cpp SFNN[0m [33mvalidation[0m: epoch=18, superbatch=84, [35mtest_value_accuracy=0.7038833[0m, [35mtest_value_loss=0.07534605[0m, [1;36melapsed=0.869s[0m
  [2mcuda-cpp SFNN[0m [1;36m[progress][0m  [1;36mepoch 18[0m  [1;33msb 85/108[0m  [33mthis-sb=39,976,960 pos (610 batches x 65,536)[0m  [36mtotal=76,795,740,160 pos[0m  [1;36mtrain_time=27298.9s[0m  [1;32mpos/s=2,813,142[0m
  [2mcuda-cpp SFNN[0m [1;36m[progress][0m  [1;36mepoch 18[0m  [1;33msb 86/108[0m  [33mthis-sb=39,976,960 pos (610 batches x 65,536)[0m  [36mtotal=76,835,717,120 pos[0m  [1;36mtrain_time=27313.1s[0m  [1;32mpos/s=2,813,145[0m
  [2mcuda-cpp SFNN[0m [1;36m[progress][0m  [1;36mepoch 18[0m  [1;33msb 87/108[0m  [33mthis-sb=39,976,960 pos (610 batches x 65,536)[0m  [36mtotal=76,875,694,080 pos[0m  [1;36mtrain_time=27327.3s[0m  [1;32mpos/s=2,813,148[0m
  cuda-cpp HalfKA2 validation forward = gpu: positions=300000, batch_size=8192, elapsed=0.594s
  test: accuracy=70.3160% (210948/300000 decisive; draws=0 excluded; mate=0 filtered), loss=0.075235 (n=300000)
  [2mcuda-cpp HalfKA2[0m [1;33mvalidation detail[0m: positions=300,000, batch_size=8,192, load/cache=0.000s, weight_fold=0.204s, context=0.000s, weight_upload=0.042s, batches=0.594s, metrics=0.005s, total=0.845s
  [2mcuda-cpp SFNN[0m [1;36m[progress][0m  [1;36mepoch 18[0m  [1;33msb 88/108[0m  [33mthis-sb=39,976,960 pos (610 batches x 65,536)[0m  [36mtotal=76,915,671,040 pos[0m  [1;36mtrain_time=27341.5s[0m  [1;32mpos/s=2,813,151[0m
  [2mcuda-cpp SFNN[0m [1;33mvalidation overhead[0m: [35mreadback=0.229s[0m  [33mvalidation=0.872s[0m  [2msave=skipped[0m  [1;32mtotal=1.100s[0m
  [2mcuda-cpp SFNN[0m [33mvalidation[0m: epoch=18, superbatch=88, [35mtest_value_accuracy=0.7031600[0m, [35mtest_value_loss=0.07523529[0m, [1;36melapsed=0.872s[0m
  [2mcuda-cpp SFNN[0m [1;36m[progress][0m  [1;36mepoch 18[0m  [1;33msb 89/108[0m  [33mthis-sb=39,976,960 pos (610 batches x 65,536)[0m  [36mtotal=76,955,648,000 pos[0m  [1;36mtrain_time=27355.7s[0m  [1;32mpos/s=2,813,153[0m
  [2mcuda-cpp SFNN[0m [1;36m[progress][0m  [1;36mepoch 18[0m  [1;33msb 90/108[0m  [33mthis-sb=39,976,960 pos (610 batches x 65,536)[0m  [36mtotal=76,995,624,960 pos[0m  [1;36mtrain_time=27369.8s[0m  [1;32mpos/s=2,813,156[0m
  [2mcuda-cpp SFNN[0m [1;36m[progress][0m  [1;36mepoch 18[0m  [1;33msb 91/108[0m  [33mthis-sb=39,976,960 pos (610 batches x 65,536)[0m  [36mtotal=77,035,601,920 pos[0m  [1;36mtrain_time=27384.0s[0m  [1;32mpos/s=2,813,162[0m
  cuda-cpp HalfKA2 validation forward = gpu: positions=300000, batch_size=8192, elapsed=0.590s
  test: accuracy=70.3597% (211079/300000 decisive; draws=0 excluded; mate=0 filtered), loss=0.075413 (n=300000)
  [2mcuda-cpp HalfKA2[0m [1;33mvalidation detail[0m: positions=300,000, batch_size=8,192, load/cache=0.000s, weight_fold=0.225s, context=0.000s, weight_upload=0.040s, batches=0.590s, metrics=0.005s, total=0.861s
  [2mcuda-cpp SFNN[0m [1;36m[progress][0m  [1;36mepoch 18[0m  [1;33msb 92/108[0m  [33mthis-sb=39,976,960 pos (610 batches x 65,536)[0m  [36mtotal=77,075,578,880 pos[0m  [1;36mtrain_time=27398.2s[0m  [1;32mpos/s=2,813,166[0m
  [2mcuda-cpp SFNN[0m [1;33mvalidation overhead[0m: [35mreadback=0.223s[0m  [33mvalidation=0.888s[0m  [2msave=skipped[0m  [1;32mtotal=1.111s[0m
  [2mcuda-cpp SFNN[0m [33mvalidation[0m: epoch=18, superbatch=92, [35mtest_value_accuracy=0.7035967[0m, [35mtest_value_loss=0.07541333[0m, [1;36melapsed=0.888s[0m
  [2mcuda-cpp SFNN[0m [1;36m[progress][0m  [1;36mepoch 18[0m  [1;33msb 93/108[0m  [33mthis-sb=39,976,960 pos (610 batches x 65,536)[0m  [36mtotal=77,115,555,840 pos[0m  [1;36mtrain_time=27412.4s[0m  [1;32mpos/s=2,813,168[0m
  [2mcuda-cpp SFNN[0m [1;36m[progress][0m  [1;36mepoch 18[0m  [1;33msb 94/108[0m  [33mthis-sb=39,976,960 pos (610 batches x 65,536)[0m  [36mtotal=77,155,532,800 pos[0m  [1;36mtrain_time=27426.5s[0m  [1;32mpos/s=2,813,173[0m
  [2mcuda-cpp SFNN[0m [1;36m[progress][0m  [1;36mepoch 18[0m  [1;33msb 95/108[0m  [33mthis-sb=39,976,960 pos (610 batches x 65,536)[0m  [36mtotal=77,195,509,760 pos[0m  [1;36mtrain_time=27440.7s[0m  [1;32mpos/s=2,813,177[0m
  cuda-cpp HalfKA2 validation forward = gpu: positions=300000, batch_size=8192, elapsed=0.593s
  test: accuracy=70.3853% (211156/300000 decisive; draws=0 excluded; mate=0 filtered), loss=0.075322 (n=300000)
  [2mcuda-cpp HalfKA2[0m [1;33mvalidation detail[0m: positions=300,000, batch_size=8,192, load/cache=0.000s, weight_fold=0.196s, context=0.000s, weight_upload=0.041s, batches=0.593s, metrics=0.005s, total=0.836s
  [2mcuda-cpp SFNN[0m [1;36m[progress][0m  [1;36mepoch 18[0m  [1;33msb 96/108[0m  [33mthis-sb=39,976,960 pos (610 batches x 65,536)[0m  [36mtotal=77,235,486,720 pos[0m  [1;36mtrain_time=27454.8s[0m  [1;32mpos/s=2,813,182[0m
  [2mcuda-cpp SFNN[0m [1;33mvalidation overhead[0m: [35mreadback=0.242s[0m  [33mvalidation=0.857s[0m  [2msave=skipped[0m  [1;32mtotal=1.100s[0m
  [2mcuda-cpp SFNN[0m [33mvalidation[0m: epoch=18, superbatch=96, [35mtest_value_accuracy=0.7038533[0m, [35mtest_value_loss=0.07532220[0m, [1;36melapsed=0.857s[0m
  [2mcuda-cpp SFNN[0m [1;36m[progress][0m  [1;36mepoch 18[0m  [1;33msb 97/108[0m  [33mthis-sb=39,976,960 pos (610 batches x 65,536)[0m  [36mtotal=77,275,463,680 pos[0m  [1;36mtrain_time=27469.0s[0m  [1;32mpos/s=2,813,187[0m
  [2mcuda-cpp SFNN[0m [1;36m[progress][0m  [1;36mepoch 18[0m  [1;33msb 98/108[0m  [33mthis-sb=39,976,960 pos (610 batches x 65,536)[0m  [36mtotal=77,315,440,640 pos[0m  [1;36mtrain_time=27483.2s[0m  [1;32mpos/s=2,813,193[0m
  [2mcuda-cpp SFNN[0m [1;36m[progress][0m  [1;36mepoch 18[0m  [1;33msb 99/108[0m  [33mthis-sb=39,976,960 pos (610 batches x 65,536)[0m  [36mtotal=77,355,417,600 pos[0m  [1;36mtrain_time=27497.3s[0m  [1;32mpos/s=2,813,199[0m
  cuda-cpp HalfKA2 validation forward = gpu: positions=300000, batch_size=8192, elapsed=0.593s
  test: accuracy=70.3663% (211099/300000 decisive; draws=0 excluded; mate=0 filtered), loss=0.075282 (n=300000)
  [2mcuda-cpp HalfKA2[0m [1;33mvalidation detail[0m: positions=300,000, batch_size=8,192, load/cache=0.000s, weight_fold=0.216s, context=0.000s, weight_upload=0.041s, batches=0.593s, metrics=0.005s, total=0.854s
  [2mcuda-cpp SFNN[0m [1;36m[progress][0m  [1;36mepoch 18[0m  [1;33msb 100/108[0m  [33mthis-sb=39,976,960 pos (610 batches x 65,536)[0m  [36mtotal=77,395,394,560 pos[0m  [1;36mtrain_time=27511.5s[0m  [1;32mpos/s=2,813,203[0m
  [2mcuda-cpp SFNN[0m [1;33mvalidation overhead[0m: [35mreadback=0.225s[0m  [33mvalidation=0.882s[0m  [2msave=skipped[0m  [1;32mtotal=1.107s[0m
  [2mcuda-cpp SFNN[0m [33mvalidation[0m: epoch=18, superbatch=100, [35mtest_value_accuracy=0.7036633[0m, [35mtest_value_loss=0.07528171[0m, [1;36melapsed=0.882s[0m
  [2mcuda-cpp SFNN[0m [1;36m[progress][0m  [1;36mepoch 18[0m  [1;33msb 101/108[0m  [33mthis-sb=39,976,960 pos (610 batches x 65,536)[0m  [36mtotal=77,435,371,520 pos[0m  [1;36mtrain_time=27525.7s[0m  [1;32mpos/s=2,813,208[0m
  [2mcuda-cpp SFNN[0m [1;36m[progress][0m  [1;36mepoch 18[0m  [1;33msb 102/108[0m  [33mthis-sb=39,976,960 pos (610 batches x 65,536)[0m  [36mtotal=77,475,348,480 pos[0m  [1;36mtrain_time=27539.8s[0m  [1;32mpos/s=2,813,212[0m
  [2mcuda-cpp SFNN[0m [1;36m[progress][0m  [1;36mepoch 18[0m  [1;33msb 103/108[0m  [33mthis-sb=39,976,960 pos (610 batches x 65,536)[0m  [36mtotal=77,515,325,440 pos[0m  [1;36mtrain_time=27554.0s[0m  [1;32mpos/s=2,813,216[0m
  cuda-cpp HalfKA2 validation forward = gpu: positions=300000, batch_size=8192, elapsed=0.593s
  test: accuracy=70.3867% (211160/300000 decisive; draws=0 excluded; mate=0 filtered), loss=0.075116 (n=300000)
  [2mcuda-cpp HalfKA2[0m [1;33mvalidation detail[0m: positions=300,000, batch_size=8,192, load/cache=0.000s, weight_fold=0.208s, context=0.000s, weight_upload=0.039s, batches=0.593s, metrics=0.005s, total=0.845s
  [2mcuda-cpp SFNN[0m [1;36m[progress][0m  [1;36mepoch 18[0m  [1;33msb 104/108[0m  [33mthis-sb=39,976,960 pos (610 batches x 65,536)[0m  [36mtotal=77,555,302,400 pos[0m  [1;36mtrain_time=27568.2s[0m  [1;32mpos/s=2,813,221[0m
  [2mcuda-cpp SFNN[0m [1;33mvalidation overhead[0m: [35mreadback=0.230s[0m  [33mvalidation=0.868s[0m  [2msave=skipped[0m  [1;32mtotal=1.099s[0m
  [2mcuda-cpp SFNN[0m [33mvalidation[0m: epoch=18, superbatch=104, [35mtest_value_accuracy=0.7038667[0m, [35mtest_value_loss=0.07511622[0m, [1;36melapsed=0.868s[0m
  [2mcuda-cpp SFNN[0m [1;36m[progress][0m  [1;36mepoch 18[0m  [1;33msb 105/108[0m  [33mthis-sb=39,976,960 pos (610 batches x 65,536)[0m  [36mtotal=77,595,279,360 pos[0m  [1;36mtrain_time=27582.3s[0m  [1;32mpos/s=2,813,225[0m
  [2mcuda-cpp SFNN[0m [1;36m[progress][0m  [1;36mepoch 18[0m  [1;33msb 106/108[0m  [33mthis-sb=39,976,960 pos (610 batches x 65,536)[0m  [36mtotal=77,635,256,320 pos[0m  [1;36mtrain_time=27596.5s[0m  [1;32mpos/s=2,813,230[0m
  [2mcuda-cpp SFNN[0m [1;36m[progress][0m  [1;36mepoch 18[0m  [1;33msb 107/108[0m  [33mthis-sb=39,976,960 pos (610 batches x 65,536)[0m  [36mtotal=77,675,233,280 pos[0m  [1;36mtrain_time=27610.6s[0m  [1;32mpos/s=2,813,235[0m
  cuda-cpp HalfKA2 validation forward = gpu: positions=300000, batch_size=8192, elapsed=0.592s
  test: accuracy=70.4170% (211251/300000 decisive; draws=0 excluded; mate=0 filtered), loss=0.075174 (n=300000)
  [2mcuda-cpp HalfKA2[0m [1;33mvalidation detail[0m: positions=300,000, batch_size=8,192, load/cache=0.000s, weight_fold=0.207s, context=0.000s, weight_upload=0.041s, batches=0.592s, metrics=0.005s, total=0.845s
  [2mcuda-cpp SFNN[0m [1;32m[checkpoint][0m  [1;36mepoch 18[0m  [1;33msb 108/108[0m  [33mthis-sb=39,976,960 pos (610 batches x 65,536)[0m  [36mtotal=77,715,210,240 pos[0m  [1;36mtrain_time=27624.8s[0m  [1;32mpos/s=2,813,239[0m
  [2mcuda-cpp SFNN[0m [1;33mcheckpoint overhead[0m: [35mreadback=0.891s[0m  [33mvalidation=0.870s[0m  [36msave=4.453s (state.bin 2.04 GiB, 469 MiB/s)[0m  [1;32mtotal=6.214s[0m
  [2mcuda-cpp SFNN[0m [33mvalidation[0m: epoch=18, superbatch=108, [35mtest_value_accuracy=0.7041700[0m, [35mtest_value_loss=0.07517413[0m, [1;36melapsed=0.870s[0m
  [2mcuda-cpp SFNN[0m [1;36m[progress][0m  [1;36mepoch 19[0m  [1;33msb 1/108[0m  [33mthis-sb=39,976,960 pos (610 batches x 65,536)[0m  [36mtotal=77,755,187,200 pos[0m  [1;36mtrain_time=27639.0s[0m  [1;32mpos/s=2,813,239[0m
  [2mcuda-cpp SFNN[0m [1;36m[progress][0m  [1;36mepoch 19[0m  [1;33msb 2/108[0m  [33mthis-sb=39,976,960 pos (610 batches x 65,536)[0m  [36mtotal=77,795,164,160 pos[0m  [1;36mtrain_time=27653.2s[0m  [1;32mpos/s=2,813,246[0m
  [2mcuda-cpp SFNN[0m [1;36m[progress][0m  [1;36mepoch 19[0m  [1;33msb 3/108[0m  [33mthis-sb=39,976,960 pos (610 batches x 65,536)[0m  [36mtotal=77,835,141,120 pos[0m  [1;36mtrain_time=27667.3s[0m  [1;32mpos/s=2,813,252[0m
  cuda-cpp HalfKA2 validation forward = gpu: positions=300000, batch_size=8192, elapsed=0.596s
  test: accuracy=70.1110% (210333/300000 decisive; draws=0 excluded; mate=0 filtered), loss=0.076280 (n=300000)
  [2mcuda-cpp HalfKA2[0m [1;33mvalidation detail[0m: positions=300,000, batch_size=8,192, load/cache=0.000s, weight_fold=0.196s, context=0.000s, weight_upload=0.040s, batches=0.596s, metrics=0.005s, total=0.838s
  [2mcuda-cpp SFNN[0m [1;36m[progress][0m  [1;36mepoch 19[0m  [1;33msb 4/108[0m  [33mthis-sb=39,976,960 pos (610 batches x 65,536)[0m  [36mtotal=77,875,118,080 pos[0m  [1;36mtrain_time=27681.5s[0m  [1;32mpos/s=2,813,259[0m
  [2mcuda-cpp SFNN[0m [1;33mvalidation overhead[0m: [35mreadback=0.224s[0m  [33mvalidation=0.864s[0m  [2msave=skipped[0m  [1;32mtotal=1.088s[0m
  [2mcuda-cpp SFNN[0m [33mvalidation[0m: epoch=19, superbatch=4, [35mtest_value_accuracy=0.7011100[0m, [35mtest_value_loss=0.07628020[0m, [1;36melapsed=0.864s[0m
  [2mcuda-cpp SFNN[0m [1;36m[progress][0m  [1;36mepoch 19[0m  [1;33msb 5/108[0m  [33mthis-sb=39,976,960 pos (610 batches x 65,536)[0m  [36mtotal=77,915,095,040 pos[0m  [1;36mtrain_time=27695.6s[0m  [1;32mpos/s=2,813,264[0m
  [2mcuda-cpp SFNN[0m [1;36m[progress][0m  [1;36mepoch 19[0m  [1;33msb 6/108[0m  [33mthis-sb=39,976,960 pos (610 batches x 65,536)[0m  [36mtotal=77,955,072,000 pos[0m  [1;36mtrain_time=27709.8s[0m  [1;32mpos/s=2,813,271[0m
  [2mcuda-cpp SFNN[0m [1;36m[progress][0m  [1;36mepoch 19[0m  [1;33msb 7/108[0m  [33mthis-sb=39,976,960 pos (610 batches x 65,536)[0m  [36mtotal=77,995,048,960 pos[0m  [1;36mtrain_time=27723.9s[0m  [1;32mpos/s=2,813,277[0m
  cuda-cpp HalfKA2 validation forward = gpu: positions=300000, batch_size=8192, elapsed=0.598s
  test: accuracy=70.0940% (210282/300000 decisive; draws=0 excluded; mate=0 filtered), loss=0.076138 (n=300000)
  [2mcuda-cpp HalfKA2[0m [1;33mvalidation detail[0m: positions=300,000, batch_size=8,192, load/cache=0.000s, weight_fold=0.191s, context=0.001s, weight_upload=0.040s, batches=0.598s, metrics=0.005s, total=0.835s
  [2mcuda-cpp SFNN[0m [1;36m[progress][0m  [1;36mepoch 19[0m  [1;33msb 8/108[0m  [33mthis-sb=39,976,960 pos (610 batches x 65,536)[0m  [36mtotal=78,035,025,920 pos[0m  [1;36mtrain_time=27738.1s[0m  [1;32mpos/s=2,813,281[0m
  [2mcuda-cpp SFNN[0m [1;33mvalidation overhead[0m: [35mreadback=0.230s[0m  [33mvalidation=0.855s[0m  [2msave=skipped[0m  [1;32mtotal=1.085s[0m
  [2mcuda-cpp SFNN[0m [33mvalidation[0m: epoch=19, superbatch=8, [35mtest_value_accuracy=0.7009400[0m, [35mtest_value_loss=0.07613836[0m, [1;36melapsed=0.855s[0m
  [2mcuda-cpp SFNN[0m [1;36m[progress][0m  [1;36mepoch 19[0m  [1;33msb 9/108[0m  [33mthis-sb=39,976,960 pos (610 batches x 65,536)[0m  [36mtotal=78,075,002,880 pos[0m  [1;36mtrain_time=27752.3s[0m  [1;32mpos/s=2,813,285[0m
  [2mcuda-cpp SFNN[0m [1;36m[progress][0m  [1;36mepoch 19[0m  [1;33msb 10/108[0m  [33mthis-sb=39,976,960 pos (610 batches x 65,536)[0m  [36mtotal=78,114,979,840 pos[0m  [1;36mtrain_time=27766.4s[0m  [1;32mpos/s=2,813,291[0m
  [2mcuda-cpp SFNN[0m [1;36m[progress][0m  [1;36mepoch 19[0m  [1;33msb 11/108[0m  [33mthis-sb=39,976,960 pos (610 batches x 65,536)[0m  [36mtotal=78,154,956,800 pos[0m  [1;36mtrain_time=27780.6s[0m  [1;32mpos/s=2,813,295[0m
  cuda-cpp HalfKA2 validation forward = gpu: positions=300000, batch_size=8192, elapsed=0.592s
  test: accuracy=70.0480% (210144/300000 decisive; draws=0 excluded; mate=0 filtered), loss=0.075553 (n=300000)
  [2mcuda-cpp HalfKA2[0m [1;33mvalidation detail[0m: positions=300,000, batch_size=8,192, load/cache=0.000s, weight_fold=0.209s, context=0.000s, weight_upload=0.040s, batches=0.592s, metrics=0.005s, total=0.847s
  [2mcuda-cpp SFNN[0m [1;36m[progress][0m  [1;36mepoch 19[0m  [1;33msb 12/108[0m  [33mthis-sb=39,976,960 pos (610 batches x 65,536)[0m  [36mtotal=78,194,933,760 pos[0m  [1;36mtrain_time=27794.7s[0m  [1;32mpos/s=2,813,299[0m
  [2mcuda-cpp SFNN[0m [1;33mvalidation overhead[0m: [35mreadback=0.226s[0m  [33mvalidation=0.871s[0m  [2msave=skipped[0m  [1;32mtotal=1.097s[0m
  [2mcuda-cpp SFNN[0m [33mvalidation[0m: epoch=19, superbatch=12, [35mtest_value_accuracy=0.7004800[0m, [35mtest_value_loss=0.07555297[0m, [1;36melapsed=0.871s[0m
  [2mcuda-cpp SFNN[0m [1;36m[progress][0m  [1;36mepoch 19[0m  [1;33msb 13/108[0m  [33mthis-sb=39,976,960 pos (610 batches x 65,536)[0m  [36mtotal=78,234,910,720 pos[0m  [1;36mtrain_time=27808.9s[0m  [1;32mpos/s=2,813,303[0m
  [2mcuda-cpp SFNN[0m [1;36m[progress][0m  [1;36mepoch 19[0m  [1;33msb 14/108[0m  [33mthis-sb=39,976,960 pos (610 batches x 65,536)[0m  [36mtotal=78,274,887,680 pos[0m  [1;36mtrain_time=27823.1s[0m  [1;32mpos/s=2,813,307[0m
  [2mcuda-cpp SFNN[0m [1;36m[progress][0m  [1;36mepoch 19[0m  [1;33msb 15/108[0m  [33mthis-sb=39,976,960 pos (610 batches x 65,536)[0m  [36mtotal=78,314,864,640 pos[0m  [1;36mtrain_time=27837.2s[0m  [1;32mpos/s=2,813,312[0m
  cuda-cpp HalfKA2 validation forward = gpu: positions=300000, batch_size=8192, elapsed=0.594s
  test: accuracy=70.1660% (210498/300000 decisive; draws=0 excluded; mate=0 filtered), loss=0.075810 (n=300000)
  [2mcuda-cpp HalfKA2[0m [1;33mvalidation detail[0m: positions=300,000, batch_size=8,192, load/cache=0.000s, weight_fold=0.191s, context=0.001s, weight_upload=0.041s, batches=0.594s, metrics=0.005s, total=0.832s
  [2mcuda-cpp SFNN[0m [1;36m[progress][0m  [1;36mepoch 19[0m  [1;33msb 16/108[0m  [33mthis-sb=39,976,960 pos (610 batches x 65,536)[0m  [36mtotal=78,354,841,600 pos[0m  [1;36mtrain_time=27851.4s[0m  [1;32mpos/s=2,813,317[0m
  [2mcuda-cpp SFNN[0m [1;33mvalidation overhead[0m: [35mreadback=0.236s[0m  [33mvalidation=0.856s[0m  [2msave=skipped[0m  [1;32mtotal=1.092s[0m
  [2mcuda-cpp SFNN[0m [33mvalidation[0m: epoch=19, superbatch=16, [35mtest_value_accuracy=0.7016600[0m, [35mtest_value_loss=0.07581022[0m, [1;36melapsed=0.856s[0m
  [2mcuda-cpp SFNN[0m [1;36m[progress][0m  [1;36mepoch 19[0m  [1;33msb 17/108[0m  [33mthis-sb=39,976,960 pos (610 batches x 65,536)[0m  [36mtotal=78,394,818,560 pos[0m  [1;36mtrain_time=27865.6s[0m  [1;32mpos/s=2,813,321[0m
  [2mcuda-cpp SFNN[0m [1;36m[progress][0m  [1;36mepoch 19[0m  [1;33msb 18/108[0m  [33mthis-sb=39,976,960 pos (610 batches x 65,536)[0m  [36mtotal=78,434,795,520 pos[0m  [1;36mtrain_time=27879.7s[0m  [1;32mpos/s=2,813,326[0m
  [2mcuda-cpp SFNN[0m [1;36m[progress][0m  [1;36mepoch 19[0m  [1;33msb 19/108[0m  [33mthis-sb=39,976,960 pos (610 batches x 65,536)[0m  [36mtotal=78,474,772,480 pos[0m  [1;36mtrain_time=27893.9s[0m  [1;32mpos/s=2,813,330[0m
  cuda-cpp HalfKA2 validation forward = gpu: positions=300000, batch_size=8192, elapsed=0.593s
  test: accuracy=70.1673% (210502/300000 decisive; draws=0 excluded; mate=0 filtered), loss=0.075646 (n=300000)
  [2mcuda-cpp HalfKA2[0m [1;33mvalidation detail[0m: positions=300,000, batch_size=8,192, load/cache=0.000s, weight_fold=0.191s, context=0.000s, weight_upload=0.041s, batches=0.593s, metrics=0.005s, total=0.830s
  [2mcuda-cpp SFNN[0m [1;36m[progress][0m  [1;36mepoch 19[0m  [1;33msb 20/108[0m  [33mthis-sb=39,976,960 pos (610 batches x 65,536)[0m  [36mtotal=78,514,749,440 pos[0m  [1;36mtrain_time=27908.1s[0m  [1;32mpos/s=2,813,333[0m
  [2mcuda-cpp SFNN[0m [1;33mvalidation overhead[0m: [35mreadback=0.228s[0m  [33mvalidation=0.855s[0m  [2msave=skipped[0m  [1;32mtotal=1.082s[0m
  [2mcuda-cpp SFNN[0m [33mvalidation[0m: epoch=19, superbatch=20, [35mtest_value_accuracy=0.7016733[0m, [35mtest_value_loss=0.07564608[0m, [1;36melapsed=0.855s[0m
  [2mcuda-cpp SFNN[0m [1;36m[progress][0m  [1;36mepoch 19[0m  [1;33msb 21/108[0m  [33mthis-sb=39,976,960 pos (610 batches x 65,536)[0m  [36mtotal=78,554,726,400 pos[0m  [1;36mtrain_time=27922.3s[0m  [1;32mpos/s=2,813,334[0m
  [2mcuda-cpp SFNN[0m [1;36m[progress][0m  [1;36mepoch 19[0m  [1;33msb 22/108[0m  [33mthis-sb=39,976,960 pos (610 batches x 65,536)[0m  [36mtotal=78,594,703,360 pos[0m  [1;36mtrain_time=27936.5s[0m  [1;32mpos/s=2,813,339[0m
  [2mcuda-cpp SFNN[0m [1;36m[progress][0m  [1;36mepoch 19[0m  [1;33msb 23/108[0m  [33mthis-sb=39,976,960 pos (610 batches x 65,536)[0m  [36mtotal=78,634,680,320 pos[0m  [1;36mtrain_time=27950.6s[0m  [1;32mpos/s=2,813,343[0m
  cuda-cpp HalfKA2 validation forward = gpu: positions=300000, batch_size=8192, elapsed=0.595s
  test: accuracy=70.1773% (210532/300000 decisive; draws=0 excluded; mate=0 filtered), loss=0.075825 (n=300000)
  [2mcuda-cpp HalfKA2[0m [1;33mvalidation detail[0m: positions=300,000, batch_size=8,192, load/cache=0.000s, weight_fold=0.194s, context=0.000s, weight_upload=0.042s, batches=0.595s, metrics=0.005s, total=0.836s
  [2mcuda-cpp SFNN[0m [1;36m[progress][0m  [1;36mepoch 19[0m  [1;33msb 24/108[0m  [33mthis-sb=39,976,960 pos (610 batches x 65,536)[0m  [36mtotal=78,674,657,280 pos[0m  [1;36mtrain_time=27964.8s[0m  [1;32mpos/s=2,813,347[0m
  [2mcuda-cpp SFNN[0m [1;33mvalidation overhead[0m: [35mreadback=0.231s[0m  [33mvalidation=0.857s[0m  [2msave=skipped[0m  [1;32mtotal=1.088s[0m
  [2mcuda-cpp SFNN[0m [33mvalidation[0m: epoch=19, superbatch=24, [35mtest_value_accuracy=0.7017733[0m, [35mtest_value_loss=0.07582471[0m, [1;36melapsed=0.857s[0m
  [2mcuda-cpp SFNN[0m [1;36m[progress][0m  [1;36mepoch 19[0m  [1;33msb 25/108[0m  [33mthis-sb=39,976,960 pos (610 batches x 65,536)[0m  [36mtotal=78,714,634,240 pos[0m  [1;36mtrain_time=27979.0s[0m  [1;32mpos/s=2,813,351[0m
  [2mcuda-cpp SFNN[0m [1;36m[progress][0m  [1;36mepoch 19[0m  [1;33msb 26/108[0m  [33mthis-sb=39,976,960 pos (610 batches x 65,536)[0m  [36mtotal=78,754,611,200 pos[0m  [1;36mtrain_time=27993.1s[0m  [1;32mpos/s=2,813,355[0m
  [2mcuda-cpp SFNN[0m [1;36m[progress][0m  [1;36mepoch 19[0m  [1;33msb 27/108[0m  [33mthis-sb=39,976,960 pos (610 batches x 65,536)[0m  [36mtotal=78,794,588,160 pos[0m  [1;36mtrain_time=28007.3s[0m  [1;32mpos/s=2,813,358[0m
  cuda-cpp HalfKA2 validation forward = gpu: positions=300000, batch_size=8192, elapsed=0.592s
  test: accuracy=70.2333% (210700/300000 decisive; draws=0 excluded; mate=0 filtered), loss=0.075600 (n=300000)
  [2mcuda-cpp HalfKA2[0m [1;33mvalidation detail[0m: positions=300,000, batch_size=8,192, load/cache=0.000s, weight_fold=0.195s, context=0.000s, weight_upload=0.039s, batches=0.592s, metrics=0.005s, total=0.831s
  [2mcuda-cpp SFNN[0m [1;36m[progress][0m  [1;36mepoch 19[0m  [1;33msb 28/108[0m  [33mthis-sb=39,976,960 pos (610 batches x 65,536)[0m  [36mtotal=78,834,565,120 pos[0m  [1;36mtrain_time=28021.5s[0m  [1;32mpos/s=2,813,362[0m
  [2mcuda-cpp SFNN[0m [1;33mvalidation overhead[0m: [35mreadback=0.230s[0m  [33mvalidation=0.852s[0m  [2msave=skipped[0m  [1;32mtotal=1.082s[0m
  [2mcuda-cpp SFNN[0m [33mvalidation[0m: epoch=19, superbatch=28, [35mtest_value_accuracy=0.7023333[0m, [35mtest_value_loss=0.07560026[0m, [1;36melapsed=0.852s[0m
  [2mcuda-cpp SFNN[0m [1;36m[progress][0m  [1;36mepoch 19[0m  [1;33msb 29/108[0m  [33mthis-sb=39,976,960 pos (610 batches x 65,536)[0m  [36mtotal=78,874,542,080 pos[0m  [1;36mtrain_time=28035.7s[0m  [1;32mpos/s=2,813,364[0m
  [2mcuda-cpp SFNN[0m [1;36m[progress][0m  [1;36mepoch 19[0m  [1;33msb 30/108[0m  [33mthis-sb=39,976,960 pos (610 batches x 65,536)[0m  [36mtotal=78,914,519,040 pos[0m  [1;36mtrain_time=28049.9s[0m  [1;32mpos/s=2,813,366[0m
  [2mcuda-cpp SFNN[0m [1;36m[progress][0m  [1;36mepoch 19[0m  [1;33msb 31/108[0m  [33mthis-sb=39,976,960 pos (610 batches x 65,536)[0m  [36mtotal=78,954,496,000 pos[0m  [1;36mtrain_time=28064.0s[0m  [1;32mpos/s=2,813,370[0m
  cuda-cpp HalfKA2 validation forward = gpu: positions=300000, batch_size=8192, elapsed=0.596s
  test: accuracy=70.2680% (210804/300000 decisive; draws=0 excluded; mate=0 filtered), loss=0.075544 (n=300000)
  [2mcuda-cpp HalfKA2[0m [1;33mvalidation detail[0m: positions=300,000, batch_size=8,192, load/cache=0.000s, weight_fold=0.197s, context=0.000s, weight_upload=0.040s, batches=0.596s, metrics=0.005s, total=0.838s
  [2mcuda-cpp SFNN[0m [1;36m[progress][0m  [1;36mepoch 19[0m  [1;33msb 32/108[0m  [33mthis-sb=39,976,960 pos (610 batches x 65,536)[0m  [36mtotal=78,994,472,960 pos[0m  [1;36mtrain_time=28078.2s[0m  [1;32mpos/s=2,813,372[0m
  [2mcuda-cpp SFNN[0m [1;33mvalidation overhead[0m: [35mreadback=0.293s[0m  [33mvalidation=0.861s[0m  [2msave=skipped[0m  [1;32mtotal=1.153s[0m
  [2mcuda-cpp SFNN[0m [33mvalidation[0m: epoch=19, superbatch=32, [35mtest_value_accuracy=0.7026800[0m, [35mtest_value_loss=0.07554369[0m, [1;36melapsed=0.861s[0m
  [2mcuda-cpp SFNN[0m [1;36m[progress][0m  [1;36mepoch 19[0m  [1;33msb 33/108[0m  [33mthis-sb=39,976,960 pos (610 batches x 65,536)[0m  [36mtotal=79,034,449,920 pos[0m  [1;36mtrain_time=28092.5s[0m  [1;32mpos/s=2,813,368[0m
  [2mcuda-cpp SFNN[0m [1;36m[progress][0m  [1;36mepoch 19[0m  [1;33msb 34/108[0m  [33mthis-sb=39,976,960 pos (610 batches x 65,536)[0m  [36mtotal=79,074,426,880 pos[0m  [1;36mtrain_time=28106.7s[0m  [1;32mpos/s=2,813,370[0m
  [2mcuda-cpp SFNN[0m [1;36m[progress][0m  [1;36mepoch 19[0m  [1;33msb 35/108[0m  [33mthis-sb=39,976,960 pos (610 batches x 65,536)[0m  [36mtotal=79,114,403,840 pos[0m  [1;36mtrain_time=28120.8s[0m  [1;32mpos/s=2,813,372[0m
  cuda-cpp HalfKA2 validation forward = gpu: positions=300000, batch_size=8192, elapsed=0.595s
  test: accuracy=70.2527% (210758/300000 decisive; draws=0 excluded; mate=0 filtered), loss=0.075555 (n=300000)
  [2mcuda-cpp HalfKA2[0m [1;33mvalidation detail[0m: positions=300,000, batch_size=8,192, load/cache=0.000s, weight_fold=0.194s, context=0.000s, weight_upload=0.040s, batches=0.595s, metrics=0.005s, total=0.834s
  [2mcuda-cpp SFNN[0m [1;36m[progress][0m  [1;36mepoch 19[0m  [1;33msb 36/108[0m  [33mthis-sb=39,976,960 pos (610 batches x 65,536)[0m  [36mtotal=79,154,380,800 pos[0m  [1;36mtrain_time=28135.0s[0m  [1;32mpos/s=2,813,375[0m
  [2mcuda-cpp SFNN[0m [1;33mvalidation overhead[0m: [35mreadback=0.228s[0m  [33mvalidation=0.855s[0m  [2msave=skipped[0m  [1;32mtotal=1.082s[0m
  [2mcuda-cpp SFNN[0m [33mvalidation[0m: epoch=19, superbatch=36, [35mtest_value_accuracy=0.7025267[0m, [35mtest_value_loss=0.07555474[0m, [1;36melapsed=0.855s[0m
  [2mcuda-cpp SFNN[0m [1;36m[progress][0m  [1;36mepoch 19[0m  [1;33msb 37/108[0m  [33mthis-sb=39,976,960 pos (610 batches x 65,536)[0m  [36mtotal=79,194,357,760 pos[0m  [1;36mtrain_time=28149.2s[0m  [1;32mpos/s=2,813,377[0m
  [2mcuda-cpp SFNN[0m [1;36m[progress][0m  [1;36mepoch 19[0m  [1;33msb 38/108[0m  [33mthis-sb=39,976,960 pos (610 batches x 65,536)[0m  [36mtotal=79,234,334,720 pos[0m  [1;36mtrain_time=28163.4s[0m  [1;32mpos/s=2,813,380[0m
  [2mcuda-cpp SFNN[0m [1;36m[progress][0m  [1;36mepoch 19[0m  [1;33msb 39/108[0m  [33mthis-sb=39,976,960 pos (610 batches x 65,536)[0m  [36mtotal=79,274,311,680 pos[0m  [1;36mtrain_time=28177.6s[0m  [1;32mpos/s=2,813,383[0m
  cuda-cpp HalfKA2 validation forward = gpu: positions=300000, batch_size=8192, elapsed=0.592s
  test: accuracy=70.3033% (210910/300000 decisive; draws=0 excluded; mate=0 filtered), loss=0.075277 (n=300000)
  [2mcuda-cpp HalfKA2[0m [1;33mvalidation detail[0m: positions=300,000, batch_size=8,192, load/cache=0.000s, weight_fold=0.192s, context=0.000s, weight_upload=0.040s, batches=0.592s, metrics=0.005s, total=0.829s
  [2mcuda-cpp SFNN[0m [1;36m[progress][0m  [1;36mepoch 19[0m  [1;33msb 40/108[0m  [33mthis-sb=39,976,960 pos (610 batches x 65,536)[0m  [36mtotal=79,314,288,640 pos[0m  [1;36mtrain_time=28191.8s[0m  [1;32mpos/s=2,813,386[0m
  [2mcuda-cpp SFNN[0m [1;33mvalidation overhead[0m: [35mreadback=0.228s[0m  [33mvalidation=0.850s[0m  [2msave=skipped[0m  [1;32mtotal=1.078s[0m
  [2mcuda-cpp SFNN[0m [33mvalidation[0m: epoch=19, superbatch=40, [35mtest_value_accuracy=0.7030333[0m, [35mtest_value_loss=0.07527725[0m, [1;36melapsed=0.850s[0m
  [2mcuda-cpp SFNN[0m [1;36m[progress][0m  [1;36mepoch 19[0m  [1;33msb 41/108[0m  [33mthis-sb=39,976,960 pos (610 batches x 65,536)[0m  [36mtotal=79,354,265,600 pos[0m  [1;36mtrain_time=28205.9s[0m  [1;32mpos/s=2,813,388[0m
  [2mcuda-cpp SFNN[0m [1;36m[progress][0m  [1;36mepoch 19[0m  [1;33msb 42/108[0m  [33mthis-sb=39,976,960 pos (610 batches x 65,536)[0m  [36mtotal=79,394,242,560 pos[0m  [1;36mtrain_time=28220.1s[0m  [1;32mpos/s=2,813,392[0m
  [2mcuda-cpp SFNN[0m [1;36m[progress][0m  [1;36mepoch 19[0m  [1;33msb 43/108[0m  [33mthis-sb=39,976,960 pos (610 batches x 65,536)[0m  [36mtotal=79,434,219,520 pos[0m  [1;36mtrain_time=28234.3s[0m  [1;32mpos/s=2,813,396[0m
  cuda-cpp HalfKA2 validation forward = gpu: positions=300000, batch_size=8192, elapsed=0.591s
  test: accuracy=70.3473% (211042/300000 decisive; draws=0 excluded; mate=0 filtered), loss=0.075473 (n=300000)
  [2mcuda-cpp HalfKA2[0m [1;33mvalidation detail[0m: positions=300,000, batch_size=8,192, load/cache=0.000s, weight_fold=0.192s, context=0.000s, weight_upload=0.040s, batches=0.591s, metrics=0.005s, total=0.829s
  [2mcuda-cpp SFNN[0m [1;36m[progress][0m  [1;36mepoch 19[0m  [1;33msb 44/108[0m  [33mthis-sb=39,976,960 pos (610 batches x 65,536)[0m  [36mtotal=79,474,196,480 pos[0m  [1;36mtrain_time=28248.5s[0m  [1;32mpos/s=2,813,393[0m
  [2mcuda-cpp SFNN[0m [1;33mvalidation overhead[0m: [35mreadback=0.229s[0m  [33mvalidation=0.849s[0m  [2msave=skipped[0m  [1;32mtotal=1.078s[0m
  [2mcuda-cpp SFNN[0m [33mvalidation[0m: epoch=19, superbatch=44, [35mtest_value_accuracy=0.7034733[0m, [35mtest_value_loss=0.07547347[0m, [1;36melapsed=0.849s[0m
  [2mcuda-cpp SFNN[0m [1;36m[progress][0m  [1;36mepoch 19[0m  [1;33msb 45/108[0m  [33mthis-sb=39,976,960 pos (610 batches x 65,536)[0m  [36mtotal=79,514,173,440 pos[0m  [1;36mtrain_time=28262.7s[0m  [1;32mpos/s=2,813,397[0m
  [2mcuda-cpp SFNN[0m [1;36m[progress][0m  [1;36mepoch 19[0m  [1;33msb 46/108[0m  [33mthis-sb=39,976,960 pos (610 batches x 65,536)[0m  [36mtotal=79,554,150,400 pos[0m  [1;36mtrain_time=28276.9s[0m  [1;32mpos/s=2,813,402[0m
  [2mcuda-cpp SFNN[0m [1;36m[progress][0m  [1;36mepoch 19[0m  [1;33msb 47/108[0m  [33mthis-sb=39,976,960 pos (610 batches x 65,536)[0m  [36mtotal=79,594,127,360 pos[0m  [1;36mtrain_time=28291.1s[0m  [1;32mpos/s=2,813,403[0m
  cuda-cpp HalfKA2 validation forward = gpu: positions=300000, batch_size=8192, elapsed=0.592s
  test: accuracy=70.3487% (211046/300000 decisive; draws=0 excluded; mate=0 filtered), loss=0.075561 (n=300000)
  [2mcuda-cpp HalfKA2[0m [1;33mvalidation detail[0m: positions=300,000, batch_size=8,192, load/cache=0.000s, weight_fold=0.199s, context=0.001s, weight_upload=0.038s, batches=0.592s, metrics=0.005s, total=0.834s
  [2mcuda-cpp SFNN[0m [1;36m[progress][0m  [1;36mepoch 19[0m  [1;33msb 48/108[0m  [33mthis-sb=39,976,960 pos (610 batches x 65,536)[0m  [36mtotal=79,634,104,320 pos[0m  [1;36mtrain_time=28305.3s[0m  [1;32mpos/s=2,813,403[0m
  [2mcuda-cpp SFNN[0m [1;33mvalidation overhead[0m: [35mreadback=0.236s[0m  [33mvalidation=0.857s[0m  [2msave=skipped[0m  [1;32mtotal=1.092s[0m
  [2mcuda-cpp SFNN[0m [33mvalidation[0m: epoch=19, superbatch=48, [35mtest_value_accuracy=0.7034867[0m, [35mtest_value_loss=0.07556079[0m, [1;36melapsed=0.857s[0m
  [2mcuda-cpp SFNN[0m [1;36m[progress][0m  [1;36mepoch 19[0m  [1;33msb 49/108[0m  [33mthis-sb=39,976,960 pos (610 batches x 65,536)[0m  [36mtotal=79,674,081,280 pos[0m  [1;36mtrain_time=28319.4s[0m  [1;32mpos/s=2,813,405[0m
  [2mcuda-cpp SFNN[0m [1;36m[progress][0m  [1;36mepoch 19[0m  [1;33msb 50/108[0m  [33mthis-sb=39,976,960 pos (610 batches x 65,536)[0m  [36mtotal=79,714,058,240 pos[0m  [1;36mtrain_time=28333.6s[0m  [1;32mpos/s=2,813,407[0m
  [2mcuda-cpp SFNN[0m [1;36m[progress][0m  [1;36mepoch 19[0m  [1;33msb 51/108[0m  [33mthis-sb=39,976,960 pos (610 batches x 65,536)[0m  [36mtotal=79,754,035,200 pos[0m  [1;36mtrain_time=28348.0s[0m  [1;32mpos/s=2,813,392[0m
  cuda-cpp HalfKA2 validation forward = gpu: positions=300000, batch_size=8192, elapsed=0.593s
  test: accuracy=70.3100% (210930/300000 decisive; draws=0 excluded; mate=0 filtered), loss=0.075628 (n=300000)
  [2mcuda-cpp HalfKA2[0m [1;33mvalidation detail[0m: positions=300,000, batch_size=8,192, load/cache=0.000s, weight_fold=0.195s, context=0.000s, weight_upload=0.041s, batches=0.593s, metrics=0.005s, total=0.834s
  [2mcuda-cpp SFNN[0m [1;36m[progress][0m  [1;36mepoch 19[0m  [1;33msb 52/108[0m  [33mthis-sb=39,976,960 pos (610 batches x 65,536)[0m  [36mtotal=79,794,012,160 pos[0m  [1;36mtrain_time=28362.2s[0m  [1;32mpos/s=2,813,397[0m
  [2mcuda-cpp SFNN[0m [1;33mvalidation overhead[0m: [35mreadback=0.229s[0m  [33mvalidation=0.856s[0m  [2msave=skipped[0m  [1;32mtotal=1.086s[0m
  [2mcuda-cpp SFNN[0m [33mvalidation[0m: epoch=19, superbatch=52, [35mtest_value_accuracy=0.7031000[0m, [35mtest_value_loss=0.07562807[0m, [1;36melapsed=0.856s[0m
  [2mcuda-cpp SFNN[0m [1;36m[progress][0m  [1;36mepoch 19[0m  [1;33msb 53/108[0m  [33mthis-sb=39,976,960 pos (610 batches x 65,536)[0m  [36mtotal=79,833,989,120 pos[0m  [1;36mtrain_time=28376.3s[0m  [1;32mpos/s=2,813,399[0m
  [2mcuda-cpp SFNN[0m [1;36m[progress][0m  [1;36mepoch 19[0m  [1;33msb 54/108[0m  [33mthis-sb=39,976,960 pos (610 batches x 65,536)[0m  [36mtotal=79,873,966,080 pos[0m  [1;36mtrain_time=28390.5s[0m  [1;32mpos/s=2,813,404[0m
  [2mcuda-cpp SFNN[0m [1;36m[progress][0m  [1;36mepoch 19[0m  [1;33msb 55/108[0m  [33mthis-sb=39,976,960 pos (610 batches x 65,536)[0m  [36mtotal=79,913,943,040 pos[0m  [1;36mtrain_time=28404.7s[0m  [1;32mpos/s=2,813,407[0m
  cuda-cpp HalfKA2 validation forward = gpu: positions=300000, batch_size=8192, elapsed=0.592s
  test: accuracy=70.3323% (210997/300000 decisive; draws=0 excluded; mate=0 filtered), loss=0.075524 (n=300000)
  [2mcuda-cpp HalfKA2[0m [1;33mvalidation detail[0m: positions=300,000, batch_size=8,192, load/cache=0.000s, weight_fold=0.196s, context=0.001s, weight_upload=0.039s, batches=0.592s, metrics=0.005s, total=0.833s
  [2mcuda-cpp SFNN[0m [1;36m[progress][0m  [1;36mepoch 19[0m  [1;33msb 56/108[0m  [33mthis-sb=39,976,960 pos (610 batches x 65,536)[0m  [36mtotal=79,953,920,000 pos[0m  [1;36mtrain_time=28418.8s[0m  [1;32mpos/s=2,813,412[0m
  [2mcuda-cpp SFNN[0m [1;33mvalidation overhead[0m: [35mreadback=0.229s[0m  [33mvalidation=0.856s[0m  [2msave=skipped[0m  [1;32mtotal=1.085s[0m
  [2mcuda-cpp SFNN[0m [33mvalidation[0m: epoch=19, superbatch=56, [35mtest_value_accuracy=0.7033233[0m, [35mtest_value_loss=0.07552405[0m, [1;36melapsed=0.856s[0m
  [2mcuda-cpp SFNN[0m [1;36m[progress][0m  [1;36mepoch 19[0m  [1;33msb 57/108[0m  [33mthis-sb=39,976,960 pos (610 batches x 65,536)[0m  [36mtotal=79,993,896,960 pos[0m  [1;36mtrain_time=28433.0s[0m  [1;32mpos/s=2,813,415[0m
  [2mcuda-cpp SFNN[0m [1;36m[progress][0m  [1;36mepoch 19[0m  [1;33msb 58/108[0m  [33mthis-sb=39,976,960 pos (610 batches x 65,536)[0m  [36mtotal=80,033,873,920 pos[0m  [1;36mtrain_time=28447.2s[0m  [1;32mpos/s=2,813,420[0m
  [2mcuda-cpp SFNN[0m [1;36m[progress][0m  [1;36mepoch 19[0m  [1;33msb 59/108[0m  [33mthis-sb=39,976,960 pos (610 batches x 65,536)[0m  [36mtotal=80,073,850,880 pos[0m  [1;36mtrain_time=28461.4s[0m  [1;32mpos/s=2,813,424[0m
  cuda-cpp HalfKA2 validation forward = gpu: positions=300000, batch_size=8192, elapsed=0.592s
  test: accuracy=70.3883% (211165/300000 decisive; draws=0 excluded; mate=0 filtered), loss=0.075467 (n=300000)
  [2mcuda-cpp HalfKA2[0m [1;33mvalidation detail[0m: positions=300,000, batch_size=8,192, load/cache=0.000s, weight_fold=0.196s, context=0.000s, weight_upload=0.040s, batches=0.592s, metrics=0.005s, total=0.833s
  [2mcuda-cpp SFNN[0m [1;36m[progress][0m  [1;36mepoch 19[0m  [1;33msb 60/108[0m  [33mthis-sb=39,976,960 pos (610 batches x 65,536)[0m  [36mtotal=80,113,827,840 pos[0m  [1;36mtrain_time=28475.5s[0m  [1;32mpos/s=2,813,429[0m
  [2mcuda-cpp SFNN[0m [1;33mvalidation overhead[0m: [35mreadback=0.233s[0m  [33mvalidation=0.856s[0m  [2msave=skipped[0m  [1;32mtotal=1.089s[0m
  [2mcuda-cpp SFNN[0m [33mvalidation[0m: epoch=19, superbatch=60, [35mtest_value_accuracy=0.7038833[0m, [35mtest_value_loss=0.07546742[0m, [1;36melapsed=0.856s[0m
  [2mcuda-cpp SFNN[0m [1;36m[progress][0m  [1;36mepoch 19[0m  [1;33msb 61/108[0m  [33mthis-sb=39,976,960 pos (610 batches x 65,536)[0m  [36mtotal=80,153,804,800 pos[0m  [1;36mtrain_time=28489.7s[0m  [1;32mpos/s=2,813,433[0m
  [2mcuda-cpp SFNN[0m [1;36m[progress][0m  [1;36mepoch 19[0m  [1;33msb 62/108[0m  [33mthis-sb=39,976,960 pos (610 batches x 65,536)[0m  [36mtotal=80,193,781,760 pos[0m  [1;36mtrain_time=28503.8s[0m  [1;32mpos/s=2,813,437[0m
  [2mcuda-cpp SFNN[0m [1;36m[progress][0m  [1;36mepoch 19[0m  [1;33msb 63/108[0m  [33mthis-sb=39,976,960 pos (610 batches x 65,536)[0m  [36mtotal=80,233,758,720 pos[0m  [1;36mtrain_time=28518.0s[0m  [1;32mpos/s=2,813,441[0m
  cuda-cpp HalfKA2 validation forward = gpu: positions=300000, batch_size=8192, elapsed=0.589s
  test: accuracy=70.3633% (211090/300000 decisive; draws=0 excluded; mate=0 filtered), loss=0.075220 (n=300000)
  [2mcuda-cpp HalfKA2[0m [1;33mvalidation detail[0m: positions=300,000, batch_size=8,192, load/cache=0.000s, weight_fold=0.194s, context=0.001s, weight_upload=0.042s, batches=0.589s, metrics=0.005s, total=0.831s
  [2mcuda-cpp SFNN[0m [1;36m[progress][0m  [1;36mepoch 19[0m  [1;33msb 64/108[0m  [33mthis-sb=39,976,960 pos (610 batches x 65,536)[0m  [36mtotal=80,273,735,680 pos[0m  [1;36mtrain_time=28532.2s[0m  [1;32mpos/s=2,813,445[0m
  [2mcuda-cpp SFNN[0m [1;33mvalidation overhead[0m: [35mreadback=0.231s[0m  [33mvalidation=0.852s[0m  [2msave=skipped[0m  [1;32mtotal=1.083s[0m
  [2mcuda-cpp SFNN[0m [33mvalidation[0m: epoch=19, superbatch=64, [35mtest_value_accuracy=0.7036333[0m, [35mtest_value_loss=0.07522037[0m, [1;36melapsed=0.852s[0m
  [2mcuda-cpp SFNN[0m [1;36m[progress][0m  [1;36mepoch 19[0m  [1;33msb 65/108[0m  [33mthis-sb=39,976,960 pos (610 batches x 65,536)[0m  [36mtotal=80,313,712,640 pos[0m  [1;36mtrain_time=28546.4s[0m  [1;32mpos/s=2,813,446[0m
  [2mcuda-cpp SFNN[0m [1;36m[progress][0m  [1;36mepoch 19[0m  [1;33msb 66/108[0m  [33mthis-sb=39,976,960 pos (610 batches x 65,536)[0m  [36mtotal=80,353,689,600 pos[0m  [1;36mtrain_time=28560.6s[0m  [1;32mpos/s=2,813,449[0m
  [2mcuda-cpp SFNN[0m [1;36m[progress][0m  [1;36mepoch 19[0m  [1;33msb 67/108[0m  [33mthis-sb=39,976,960 pos (610 batches x 65,536)[0m  [36mtotal=80,393,666,560 pos[0m  [1;36mtrain_time=28574.7s[0m  [1;32mpos/s=2,813,453[0m
  cuda-cpp HalfKA2 validation forward = gpu: positions=300000, batch_size=8192, elapsed=0.598s
  test: accuracy=70.3530% (211059/300000 decisive; draws=0 excluded; mate=0 filtered), loss=0.075358 (n=300000)
  [2mcuda-cpp HalfKA2[0m [1;33mvalidation detail[0m: positions=300,000, batch_size=8,192, load/cache=0.000s, weight_fold=0.197s, context=0.000s, weight_upload=0.041s, batches=0.598s, metrics=0.005s, total=0.841s
  [2mcuda-cpp SFNN[0m [1;36m[progress][0m  [1;36mepoch 19[0m  [1;33msb 68/108[0m  [33mthis-sb=39,976,960 pos (610 batches x 65,536)[0m  [36mtotal=80,433,643,520 pos[0m  [1;36mtrain_time=28588.9s[0m  [1;32mpos/s=2,813,456[0m
  [2mcuda-cpp SFNN[0m [1;33mvalidation overhead[0m: [35mreadback=0.231s[0m  [33mvalidation=0.869s[0m  [2msave=skipped[0m  [1;32mtotal=1.100s[0m
  [2mcuda-cpp SFNN[0m [33mvalidation[0m: epoch=19, superbatch=68, [35mtest_value_accuracy=0.7035300[0m, [35mtest_value_loss=0.07535838[0m, [1;36melapsed=0.869s[0m
  [2mcuda-cpp SFNN[0m [1;36m[progress][0m  [1;36mepoch 19[0m  [1;33msb 69/108[0m  [33mthis-sb=39,976,960 pos (610 batches x 65,536)[0m  [36mtotal=80,473,620,480 pos[0m  [1;36mtrain_time=28603.1s[0m  [1;32mpos/s=2,813,457[0m
  [2mcuda-cpp SFNN[0m [1;36m[progress][0m  [1;36mepoch 19[0m  [1;33msb 70/108[0m  [33mthis-sb=39,976,960 pos (610 batches x 65,536)[0m  [36mtotal=80,513,597,440 pos[0m  [1;36mtrain_time=28617.3s[0m  [1;32mpos/s=2,813,463[0m
  [2mcuda-cpp SFNN[0m [1;36m[progress][0m  [1;36mepoch 19[0m  [1;33msb 71/108[0m  [33mthis-sb=39,976,960 pos (610 batches x 65,536)[0m  [36mtotal=80,553,574,400 pos[0m  [1;36mtrain_time=28631.4s[0m  [1;32mpos/s=2,813,467[0m
  cuda-cpp HalfKA2 validation forward = gpu: positions=300000, batch_size=8192, elapsed=0.594s
  test: accuracy=70.3817% (211145/300000 decisive; draws=0 excluded; mate=0 filtered), loss=0.075257 (n=300000)
  [2mcuda-cpp HalfKA2[0m [1;33mvalidation detail[0m: positions=300,000, batch_size=8,192, load/cache=0.000s, weight_fold=0.196s, context=0.000s, weight_upload=0.040s, batches=0.594s, metrics=0.005s, total=0.835s
  [2mcuda-cpp SFNN[0m [1;36m[progress][0m  [1;36mepoch 19[0m  [1;33msb 72/108[0m  [33mthis-sb=39,976,960 pos (610 batches x 65,536)[0m  [36mtotal=80,593,551,360 pos[0m  [1;36mtrain_time=28645.6s[0m  [1;32mpos/s=2,813,472[0m
  [2mcuda-cpp SFNN[0m [1;33mvalidation overhead[0m: [35mreadback=0.246s[0m  [33mvalidation=0.860s[0m  [2msave=skipped[0m  [1;32mtotal=1.106s[0m
  [2mcuda-cpp SFNN[0m [33mvalidation[0m: epoch=19, superbatch=72, [35mtest_value_accuracy=0.7038167[0m, [35mtest_value_loss=0.07525673[0m, [1;36melapsed=0.860s[0m
  [2mcuda-cpp SFNN[0m [1;36m[progress][0m  [1;36mepoch 19[0m  [1;33msb 73/108[0m  [33mthis-sb=39,976,960 pos (610 batches x 65,536)[0m  [36mtotal=80,633,528,320 pos[0m  [1;36mtrain_time=28659.8s[0m  [1;32mpos/s=2,813,474[0m
  [2mcuda-cpp SFNN[0m [1;36m[progress][0m  [1;36mepoch 19[0m  [1;33msb 74/108[0m  [33mthis-sb=39,976,960 pos (610 batches x 65,536)[0m  [36mtotal=80,673,505,280 pos[0m  [1;36mtrain_time=28674.0s[0m  [1;32mpos/s=2,813,477[0m
  [2mcuda-cpp SFNN[0m [1;36m[progress][0m  [1;36mepoch 19[0m  [1;33msb 75/108[0m  [33mthis-sb=39,976,960 pos (610 batches x 65,536)[0m  [36mtotal=80,713,482,240 pos[0m  [1;36mtrain_time=28688.1s[0m  [1;32mpos/s=2,813,481[0m
  cuda-cpp HalfKA2 validation forward = gpu: positions=300000, batch_size=8192, elapsed=0.594s
  test: accuracy=70.3917% (211175/300000 decisive; draws=0 excluded; mate=0 filtered), loss=0.075146 (n=300000)
  [2mcuda-cpp HalfKA2[0m [1;33mvalidation detail[0m: positions=300,000, batch_size=8,192, load/cache=0.000s, weight_fold=0.210s, context=0.000s, weight_upload=0.039s, batches=0.594s, metrics=0.005s, total=0.848s
  [2mcuda-cpp SFNN[0m [1;36m[progress][0m  [1;36mepoch 19[0m  [1;33msb 76/108[0m  [33mthis-sb=39,976,960 pos (610 batches x 65,536)[0m  [36mtotal=80,753,459,200 pos[0m  [1;36mtrain_time=28702.3s[0m  [1;32mpos/s=2,813,484[0m
  [2mcuda-cpp SFNN[0m [1;33mvalidation overhead[0m: [35mreadback=0.230s[0m  [33mvalidation=0.874s[0m  [2msave=skipped[0m  [1;32mtotal=1.103s[0m
  [2mcuda-cpp SFNN[0m [33mvalidation[0m: epoch=19, superbatch=76, [35mtest_value_accuracy=0.7039167[0m, [35mtest_value_loss=0.07514575[0m, [1;36melapsed=0.874s[0m
  [2mcuda-cpp SFNN[0m [1;36m[progress][0m  [1;36mepoch 19[0m  [1;33msb 77/108[0m  [33mthis-sb=39,976,960 pos (610 batches x 65,536)[0m  [36mtotal=80,793,436,160 pos[0m  [1;36mtrain_time=28716.5s[0m  [1;32mpos/s=2,813,485[0m
  [2mcuda-cpp SFNN[0m [1;36m[progress][0m  [1;36mepoch 19[0m  [1;33msb 78/108[0m  [33mthis-sb=39,976,960 pos (610 batches x 65,536)[0m  [36mtotal=80,833,413,120 pos[0m  [1;36mtrain_time=28730.7s[0m  [1;32mpos/s=2,813,489[0m
  [2mcuda-cpp SFNN[0m [1;36m[progress][0m  [1;36mepoch 19[0m  [1;33msb 79/108[0m  [33mthis-sb=39,976,960 pos (610 batches x 65,536)[0m  [36mtotal=80,873,390,080 pos[0m  [1;36mtrain_time=28744.8s[0m  [1;32mpos/s=2,813,494[0m
  cuda-cpp HalfKA2 validation forward = gpu: positions=300000, batch_size=8192, elapsed=0.593s
  test: accuracy=70.4133% (211240/300000 decisive; draws=0 excluded; mate=0 filtered), loss=0.075283 (n=300000)
  [2mcuda-cpp HalfKA2[0m [1;33mvalidation detail[0m: positions=300,000, batch_size=8,192, load/cache=0.000s, weight_fold=0.198s, context=0.001s, weight_upload=0.040s, batches=0.593s, metrics=0.005s, total=0.837s
  [2mcuda-cpp SFNN[0m [1;36m[progress][0m  [1;36mepoch 19[0m  [1;33msb 80/108[0m  [33mthis-sb=39,976,960 pos (610 batches x 65,536)[0m  [36mtotal=80,913,367,040 pos[0m  [1;36mtrain_time=28759.0s[0m  [1;32mpos/s=2,813,498[0m
  [2mcuda-cpp SFNN[0m [1;33mvalidation overhead[0m: [35mreadback=0.227s[0m  [33mvalidation=0.858s[0m  [2msave=skipped[0m  [1;32mtotal=1.085s[0m
  [2mcuda-cpp SFNN[0m [33mvalidation[0m: epoch=19, superbatch=80, [35mtest_value_accuracy=0.7041333[0m, [35mtest_value_loss=0.07528327[0m, [1;36melapsed=0.858s[0m
  [2mcuda-cpp SFNN[0m [1;36m[progress][0m  [1;36mepoch 19[0m  [1;33msb 81/108[0m  [33mthis-sb=39,976,960 pos (610 batches x 65,536)[0m  [36mtotal=80,953,344,000 pos[0m  [1;36mtrain_time=28773.2s[0m  [1;32mpos/s=2,813,501[0m
  [2mcuda-cpp SFNN[0m [1;36m[progress][0m  [1;36mepoch 19[0m  [1;33msb 82/108[0m  [33mthis-sb=39,976,960 pos (610 batches x 65,536)[0m  [36mtotal=80,993,320,960 pos[0m  [1;36mtrain_time=28787.3s[0m  [1;32mpos/s=2,813,505[0m
  [2mcuda-cpp SFNN[0m [1;36m[progress][0m  [1;36mepoch 19[0m  [1;33msb 83/108[0m  [33mthis-sb=39,976,960 pos (610 batches x 65,536)[0m  [36mtotal=81,033,297,920 pos[0m  [1;36mtrain_time=28801.5s[0m  [1;32mpos/s=2,813,508[0m
  cuda-cpp HalfKA2 validation forward = gpu: positions=300000, batch_size=8192, elapsed=0.592s
  test: accuracy=70.4043% (211213/300000 decisive; draws=0 excluded; mate=0 filtered), loss=0.075199 (n=300000)
  [2mcuda-cpp HalfKA2[0m [1;33mvalidation detail[0m: positions=300,000, batch_size=8,192, load/cache=0.000s, weight_fold=0.192s, context=0.000s, weight_upload=0.040s, batches=0.592s, metrics=0.005s, total=0.829s
  [2mcuda-cpp SFNN[0m [1;36m[progress][0m  [1;36mepoch 19[0m  [1;33msb 84/108[0m  [33mthis-sb=39,976,960 pos (610 batches x 65,536)[0m  [36mtotal=81,073,274,880 pos[0m  [1;36mtrain_time=28815.7s[0m  [1;32mpos/s=2,813,512[0m
  [2mcuda-cpp SFNN[0m [1;33mvalidation overhead[0m: [35mreadback=0.226s[0m  [33mvalidation=0.850s[0m  [2msave=skipped[0m  [1;32mtotal=1.076s[0m
  [2mcuda-cpp SFNN[0m [33mvalidation[0m: epoch=19, superbatch=84, [35mtest_value_accuracy=0.7040433[0m, [35mtest_value_loss=0.07519909[0m, [1;36melapsed=0.850s[0m
  [2mcuda-cpp SFNN[0m [1;36m[progress][0m  [1;36mepoch 19[0m  [1;33msb 85/108[0m  [33mthis-sb=39,976,960 pos (610 batches x 65,536)[0m  [36mtotal=81,113,251,840 pos[0m  [1;36mtrain_time=28829.9s[0m  [1;32mpos/s=2,813,513[0m
  [2mcuda-cpp SFNN[0m [1;36m[progress][0m  [1;36mepoch 19[0m  [1;33msb 86/108[0m  [33mthis-sb=39,976,960 pos (610 batches x 65,536)[0m  [36mtotal=81,153,228,800 pos[0m  [1;36mtrain_time=28844.0s[0m  [1;32mpos/s=2,813,519[0m
  [2mcuda-cpp SFNN[0m [1;36m[progress][0m  [1;36mepoch 19[0m  [1;33msb 87/108[0m  [33mthis-sb=39,976,960 pos (610 batches x 65,536)[0m  [36mtotal=81,193,205,760 pos[0m  [1;36mtrain_time=28858.2s[0m  [1;32mpos/s=2,813,524[0m
  cuda-cpp HalfKA2 validation forward = gpu: positions=300000, batch_size=8192, elapsed=0.594s
  test: accuracy=70.3830% (211149/300000 decisive; draws=0 excluded; mate=0 filtered), loss=0.075460 (n=300000)
  [2mcuda-cpp HalfKA2[0m [1;33mvalidation detail[0m: positions=300,000, batch_size=8,192, load/cache=0.000s, weight_fold=0.191s, context=0.000s, weight_upload=0.040s, batches=0.594s, metrics=0.005s, total=0.831s
  [2mcuda-cpp SFNN[0m [1;36m[progress][0m  [1;36mepoch 19[0m  [1;33msb 88/108[0m  [33mthis-sb=39,976,960 pos (610 batches x 65,536)[0m  [36mtotal=81,233,182,720 pos[0m  [1;36mtrain_time=28872.4s[0m  [1;32mpos/s=2,813,528[0m
  [2mcuda-cpp SFNN[0m [1;33mvalidation overhead[0m: [35mreadback=0.230s[0m  [33mvalidation=0.854s[0m  [2msave=skipped[0m  [1;32mtotal=1.084s[0m
  [2mcuda-cpp SFNN[0m [33mvalidation[0m: epoch=19, superbatch=88, [35mtest_value_accuracy=0.7038300[0m, [35mtest_value_loss=0.07546043[0m, [1;36melapsed=0.854s[0m
  [2mcuda-cpp SFNN[0m [1;36m[progress][0m  [1;36mepoch 19[0m  [1;33msb 89/108[0m  [33mthis-sb=39,976,960 pos (610 batches x 65,536)[0m  [36mtotal=81,273,159,680 pos[0m  [1;36mtrain_time=28886.5s[0m  [1;32mpos/s=2,813,531[0m
  [2mcuda-cpp SFNN[0m [1;36m[progress][0m  [1;36mepoch 19[0m  [1;33msb 90/108[0m  [33mthis-sb=39,976,960 pos (610 batches x 65,536)[0m  [36mtotal=81,313,136,640 pos[0m  [1;36mtrain_time=28900.7s[0m  [1;32mpos/s=2,813,536[0m
  [2mcuda-cpp SFNN[0m [1;36m[progress][0m  [1;36mepoch 19[0m  [1;33msb 91/108[0m  [33mthis-sb=39,976,960 pos (610 batches x 65,536)[0m  [36mtotal=81,353,113,600 pos[0m  [1;36mtrain_time=28914.8s[0m  [1;32mpos/s=2,813,541[0m
  cuda-cpp HalfKA2 validation forward = gpu: positions=300000, batch_size=8192, elapsed=0.596s
  test: accuracy=70.4037% (211211/300000 decisive; draws=0 excluded; mate=0 filtered), loss=0.075325 (n=300000)
  [2mcuda-cpp HalfKA2[0m [1;33mvalidation detail[0m: positions=300,000, batch_size=8,192, load/cache=0.000s, weight_fold=0.192s, context=0.000s, weight_upload=0.039s, batches=0.596s, metrics=0.005s, total=0.831s
  [2mcuda-cpp SFNN[0m [1;36m[progress][0m  [1;36mepoch 19[0m  [1;33msb 92/108[0m  [33mthis-sb=39,976,960 pos (610 batches x 65,536)[0m  [36mtotal=81,393,090,560 pos[0m  [1;36mtrain_time=28929.0s[0m  [1;32mpos/s=2,813,546[0m
  [2mcuda-cpp SFNN[0m [1;33mvalidation overhead[0m: [35mreadback=0.225s[0m  [33mvalidation=0.855s[0m  [2msave=skipped[0m  [1;32mtotal=1.080s[0m
  [2mcuda-cpp SFNN[0m [33mvalidation[0m: epoch=19, superbatch=92, [35mtest_value_accuracy=0.7040367[0m, [35mtest_value_loss=0.07532495[0m, [1;36melapsed=0.855s[0m
  [2mcuda-cpp SFNN[0m [1;36m[progress][0m  [1;36mepoch 19[0m  [1;33msb 93/108[0m  [33mthis-sb=39,976,960 pos (610 batches x 65,536)[0m  [36mtotal=81,433,067,520 pos[0m  [1;36mtrain_time=28943.2s[0m  [1;32mpos/s=2,813,548[0m
  [2mcuda-cpp SFNN[0m [1;36m[progress][0m  [1;36mepoch 19[0m  [1;33msb 94/108[0m  [33mthis-sb=39,976,960 pos (610 batches x 65,536)[0m  [36mtotal=81,473,044,480 pos[0m  [1;36mtrain_time=28957.3s[0m  [1;32mpos/s=2,813,554[0m
  [2mcuda-cpp SFNN[0m [1;36m[progress][0m  [1;36mepoch 19[0m  [1;33msb 95/108[0m  [33mthis-sb=39,976,960 pos (610 batches x 65,536)[0m  [36mtotal=81,513,021,440 pos[0m  [1;36mtrain_time=28971.5s[0m  [1;32mpos/s=2,813,558[0m
  cuda-cpp HalfKA2 validation forward = gpu: positions=300000, batch_size=8192, elapsed=0.596s
  test: accuracy=70.4253% (211276/300000 decisive; draws=0 excluded; mate=0 filtered), loss=0.075229 (n=300000)
  [2mcuda-cpp HalfKA2[0m [1;33mvalidation detail[0m: positions=300,000, batch_size=8,192, load/cache=0.000s, weight_fold=0.191s, context=0.000s, weight_upload=0.041s, batches=0.596s, metrics=0.005s, total=0.834s
  [2mcuda-cpp SFNN[0m [1;36m[progress][0m  [1;36mepoch 19[0m  [1;33msb 96/108[0m  [33mthis-sb=39,976,960 pos (610 batches x 65,536)[0m  [36mtotal=81,552,998,400 pos[0m  [1;36mtrain_time=28985.7s[0m  [1;32mpos/s=2,813,562[0m
  [2mcuda-cpp SFNN[0m [1;33mvalidation overhead[0m: [35mreadback=0.227s[0m  [33mvalidation=0.862s[0m  [2msave=skipped[0m  [1;32mtotal=1.089s[0m
  [2mcuda-cpp SFNN[0m [33mvalidation[0m: epoch=19, superbatch=96, [35mtest_value_accuracy=0.7042533[0m, [35mtest_value_loss=0.07522855[0m, [1;36melapsed=0.862s[0m
  [2mcuda-cpp SFNN[0m [1;36m[progress][0m  [1;36mepoch 19[0m  [1;33msb 97/108[0m  [33mthis-sb=39,976,960 pos (610 batches x 65,536)[0m  [36mtotal=81,592,975,360 pos[0m  [1;36mtrain_time=28999.8s[0m  [1;32mpos/s=2,813,566[0m
  [2mcuda-cpp SFNN[0m [1;36m[progress][0m  [1;36mepoch 19[0m  [1;33msb 98/108[0m  [33mthis-sb=39,976,960 pos (610 batches x 65,536)[0m  [36mtotal=81,632,952,320 pos[0m  [1;36mtrain_time=29014.0s[0m  [1;32mpos/s=2,813,571[0m
  [2mcuda-cpp SFNN[0m [1;36m[progress][0m  [1;36mepoch 19[0m  [1;33msb 99/108[0m  [33mthis-sb=39,976,960 pos (610 batches x 65,536)[0m  [36mtotal=81,672,929,280 pos[0m  [1;36mtrain_time=29028.2s[0m  [1;32mpos/s=2,813,575[0m
  cuda-cpp HalfKA2 validation forward = gpu: positions=300000, batch_size=8192, elapsed=0.592s
  test: accuracy=70.4033% (211210/300000 decisive; draws=0 excluded; mate=0 filtered), loss=0.075249 (n=300000)
  [2mcuda-cpp HalfKA2[0m [1;33mvalidation detail[0m: positions=300,000, batch_size=8,192, load/cache=0.000s, weight_fold=0.193s, context=0.000s, weight_upload=0.044s, batches=0.592s, metrics=0.005s, total=0.834s
  [2mcuda-cpp SFNN[0m [1;36m[progress][0m  [1;36mepoch 19[0m  [1;33msb 100/108[0m  [33mthis-sb=39,976,960 pos (610 batches x 65,536)[0m  [36mtotal=81,712,906,240 pos[0m  [1;36mtrain_time=29042.3s[0m  [1;32mpos/s=2,813,579[0m
  [2mcuda-cpp SFNN[0m [1;33mvalidation overhead[0m: [35mreadback=0.228s[0m  [33mvalidation=0.855s[0m  [2msave=skipped[0m  [1;32mtotal=1.084s[0m
  [2mcuda-cpp SFNN[0m [33mvalidation[0m: epoch=19, superbatch=100, [35mtest_value_accuracy=0.7040333[0m, [35mtest_value_loss=0.07524856[0m, [1;36melapsed=0.855s[0m
  [2mcuda-cpp SFNN[0m [1;36m[progress][0m  [1;36mepoch 19[0m  [1;33msb 101/108[0m  [33mthis-sb=39,976,960 pos (610 batches x 65,536)[0m  [36mtotal=81,752,883,200 pos[0m  [1;36mtrain_time=29056.5s[0m  [1;32mpos/s=2,813,581[0m
  [2mcuda-cpp SFNN[0m [1;36m[progress][0m  [1;36mepoch 19[0m  [1;33msb 102/108[0m  [33mthis-sb=39,976,960 pos (610 batches x 65,536)[0m  [36mtotal=81,792,860,160 pos[0m  [1;36mtrain_time=29070.7s[0m  [1;32mpos/s=2,813,585[0m
  [2mcuda-cpp SFNN[0m [1;36m[progress][0m  [1;36mepoch 19[0m  [1;33msb 103/108[0m  [33mthis-sb=39,976,960 pos (610 batches x 65,536)[0m  [36mtotal=81,832,837,120 pos[0m  [1;36mtrain_time=29084.9s[0m  [1;32mpos/s=2,813,588[0m
  cuda-cpp HalfKA2 validation forward = gpu: positions=300000, batch_size=8192, elapsed=0.591s
  test: accuracy=70.4233% (211270/300000 decisive; draws=0 excluded; mate=0 filtered), loss=0.075158 (n=300000)
  [2mcuda-cpp HalfKA2[0m [1;33mvalidation detail[0m: positions=300,000, batch_size=8,192, load/cache=0.000s, weight_fold=0.194s, context=0.000s, weight_upload=0.039s, batches=0.591s, metrics=0.005s, total=0.829s
  [2mcuda-cpp SFNN[0m [1;36m[progress][0m  [1;36mepoch 19[0m  [1;33msb 104/108[0m  [33mthis-sb=39,976,960 pos (610 batches x 65,536)[0m  [36mtotal=81,872,814,080 pos[0m  [1;36mtrain_time=29099.0s[0m  [1;32mpos/s=2,813,591[0m
  [2mcuda-cpp SFNN[0m [1;33mvalidation overhead[0m: [35mreadback=0.231s[0m  [33mvalidation=0.851s[0m  [2msave=skipped[0m  [1;32mtotal=1.081s[0m
  [2mcuda-cpp SFNN[0m [33mvalidation[0m: epoch=19, superbatch=104, [35mtest_value_accuracy=0.7042333[0m, [35mtest_value_loss=0.07515770[0m, [1;36melapsed=0.851s[0m
  [2mcuda-cpp SFNN[0m [1;36m[progress][0m  [1;36mepoch 19[0m  [1;33msb 105/108[0m  [33mthis-sb=39,976,960 pos (610 batches x 65,536)[0m  [36mtotal=81,912,791,040 pos[0m  [1;36mtrain_time=29113.2s[0m  [1;32mpos/s=2,813,593[0m
  [2mcuda-cpp SFNN[0m [1;36m[progress][0m  [1;36mepoch 19[0m  [1;33msb 106/108[0m  [33mthis-sb=39,976,960 pos (610 batches x 65,536)[0m  [36mtotal=81,952,768,000 pos[0m  [1;36mtrain_time=29127.4s[0m  [1;32mpos/s=2,813,597[0m
  [2mcuda-cpp SFNN[0m [1;36m[progress][0m  [1;36mepoch 19[0m  [1;33msb 107/108[0m  [33mthis-sb=39,976,960 pos (610 batches x 65,536)[0m  [36mtotal=81,992,744,960 pos[0m  [1;36mtrain_time=29141.6s[0m  [1;32mpos/s=2,813,602[0m
  cuda-cpp HalfKA2 validation forward = gpu: positions=300000, batch_size=8192, elapsed=0.594s
  test: accuracy=70.4203% (211261/300000 decisive; draws=0 excluded; mate=0 filtered), loss=0.075246 (n=300000)
  [2mcuda-cpp HalfKA2[0m [1;33mvalidation detail[0m: positions=300,000, batch_size=8,192, load/cache=0.000s, weight_fold=0.190s, context=0.000s, weight_upload=0.040s, batches=0.594s, metrics=0.005s, total=0.830s
  [2mcuda-cpp SFNN[0m [1;32m[checkpoint][0m  [1;36mepoch 19[0m  [1;33msb 108/108[0m  [33mthis-sb=39,976,960 pos (610 batches x 65,536)[0m  [36mtotal=82,032,721,920 pos[0m  [1;36mtrain_time=29155.7s[0m  [1;32mpos/s=2,813,605[0m
  [2mcuda-cpp SFNN[0m [1;33mcheckpoint overhead[0m: [35mreadback=0.920s[0m  [33mvalidation=0.850s[0m  [36msave=4.643s (state.bin 2.04 GiB, 450 MiB/s)[0m  [1;32mtotal=6.412s[0m
  [2mcuda-cpp SFNN[0m [33mvalidation[0m: epoch=19, superbatch=108, [35mtest_value_accuracy=0.7042033[0m, [35mtest_value_loss=0.07524569[0m, [1;36melapsed=0.850s[0m
  [2mcuda-cpp SFNN[0m [1;36m[progress][0m  [1;36mepoch 20[0m  [1;33msb 1/108[0m  [33mthis-sb=39,976,960 pos (610 batches x 65,536)[0m  [36mtotal=82,072,698,880 pos[0m  [1;36mtrain_time=29170.0s[0m  [1;32mpos/s=2,813,604[0m
  [2mcuda-cpp SFNN[0m [1;36m[progress][0m  [1;36mepoch 20[0m  [1;33msb 2/108[0m  [33mthis-sb=39,976,960 pos (610 batches x 65,536)[0m  [36mtotal=82,112,675,840 pos[0m  [1;36mtrain_time=29184.1s[0m  [1;32mpos/s=2,813,612[0m
  [2mcuda-cpp SFNN[0m [1;36m[progress][0m  [1;36mepoch 20[0m  [1;33msb 3/108[0m  [33mthis-sb=39,976,960 pos (610 batches x 65,536)[0m  [36mtotal=82,152,652,800 pos[0m  [1;36mtrain_time=29198.2s[0m  [1;32mpos/s=2,813,621[0m
  cuda-cpp HalfKA2 validation forward = gpu: positions=300000, batch_size=8192, elapsed=0.590s
  test: accuracy=70.0507% (210152/300000 decisive; draws=0 excluded; mate=0 filtered), loss=0.075830 (n=300000)
  [2mcuda-cpp HalfKA2[0m [1;33mvalidation detail[0m: positions=300,000, batch_size=8,192, load/cache=0.000s, weight_fold=0.192s, context=0.000s, weight_upload=0.041s, batches=0.590s, metrics=0.005s, total=0.829s
  [2mcuda-cpp SFNN[0m [1;36m[progress][0m  [1;36mepoch 20[0m  [1;33msb 4/108[0m  [33mthis-sb=39,976,960 pos (610 batches x 65,536)[0m  [36mtotal=82,192,629,760 pos[0m  [1;36mtrain_time=29212.3s[0m  [1;32mpos/s=2,813,629[0m
  [2mcuda-cpp SFNN[0m [1;33mvalidation overhead[0m: [35mreadback=0.227s[0m  [33mvalidation=0.850s[0m  [2msave=skipped[0m  [1;32mtotal=1.077s[0m
  [2mcuda-cpp SFNN[0m [33mvalidation[0m: epoch=20, superbatch=4, [35mtest_value_accuracy=0.7005067[0m, [35mtest_value_loss=0.07582968[0m, [1;36melapsed=0.850s[0m
  [2mcuda-cpp SFNN[0m [1;36m[progress][0m  [1;36mepoch 20[0m  [1;33msb 5/108[0m  [33mthis-sb=39,976,960 pos (610 batches x 65,536)[0m  [36mtotal=82,232,606,720 pos[0m  [1;36mtrain_time=29226.5s[0m  [1;32mpos/s=2,813,633[0m
  [2mcuda-cpp SFNN[0m [1;36m[progress][0m  [1;36mepoch 20[0m  [1;33msb 6/108[0m  [33mthis-sb=39,976,960 pos (610 batches x 65,536)[0m  [36mtotal=82,272,583,680 pos[0m  [1;36mtrain_time=29240.6s[0m  [1;32mpos/s=2,813,640[0m
  [2mcuda-cpp SFNN[0m [1;36m[progress][0m  [1;36mepoch 20[0m  [1;33msb 7/108[0m  [33mthis-sb=39,976,960 pos (610 batches x 65,536)[0m  [36mtotal=82,312,560,640 pos[0m  [1;36mtrain_time=29254.8s[0m  [1;32mpos/s=2,813,646[0m
  cuda-cpp HalfKA2 validation forward = gpu: positions=300000, batch_size=8192, elapsed=0.595s
  test: accuracy=70.0767% (210230/300000 decisive; draws=0 excluded; mate=0 filtered), loss=0.075899 (n=300000)
  [2mcuda-cpp HalfKA2[0m [1;33mvalidation detail[0m: positions=300,000, batch_size=8,192, load/cache=0.000s, weight_fold=0.193s, context=0.000s, weight_upload=0.041s, batches=0.595s, metrics=0.005s, total=0.834s
  [2mcuda-cpp SFNN[0m [1;36m[progress][0m  [1;36mepoch 20[0m  [1;33msb 8/108[0m  [33mthis-sb=39,976,960 pos (610 batches x 65,536)[0m  [36mtotal=82,352,537,600 pos[0m  [1;36mtrain_time=29268.9s[0m  [1;32mpos/s=2,813,652[0m
  [2mcuda-cpp SFNN[0m [1;33mvalidation overhead[0m: [35mreadback=0.233s[0m  [33mvalidation=0.855s[0m  [2msave=skipped[0m  [1;32mtotal=1.088s[0m
  [2mcuda-cpp SFNN[0m [33mvalidation[0m: epoch=20, superbatch=8, [35mtest_value_accuracy=0.7007667[0m, [35mtest_value_loss=0.07589856[0m, [1;36melapsed=0.855s[0m
  [2mcuda-cpp SFNN[0m [1;36m[progress][0m  [1;36mepoch 20[0m  [1;33msb 9/108[0m  [33mthis-sb=39,976,960 pos (610 batches x 65,536)[0m  [36mtotal=82,392,514,560 pos[0m  [1;36mtrain_time=29283.1s[0m  [1;32mpos/s=2,813,656[0m
  [2mcuda-cpp SFNN[0m [1;36m[progress][0m  [1;36mepoch 20[0m  [1;33msb 10/108[0m  [33mthis-sb=39,976,960 pos (610 batches x 65,536)[0m  [36mtotal=82,432,491,520 pos[0m  [1;36mtrain_time=29297.2s[0m  [1;32mpos/s=2,813,662[0m
  [2mcuda-cpp SFNN[0m [1;36m[progress][0m  [1;36mepoch 20[0m  [1;33msb 11/108[0m  [33mthis-sb=39,976,960 pos (610 batches x 65,536)[0m  [36mtotal=82,472,468,480 pos[0m  [1;36mtrain_time=29311.4s[0m  [1;32mpos/s=2,813,669[0m
  cuda-cpp HalfKA2 validation forward = gpu: positions=300000, batch_size=8192, elapsed=0.593s
  test: accuracy=70.1013% (210304/300000 decisive; draws=0 excluded; mate=0 filtered), loss=0.075643 (n=300000)
  [2mcuda-cpp HalfKA2[0m [1;33mvalidation detail[0m: positions=300,000, batch_size=8,192, load/cache=0.000s, weight_fold=0.197s, context=0.000s, weight_upload=0.040s, batches=0.593s, metrics=0.005s, total=0.835s
  [2mcuda-cpp SFNN[0m [1;36m[progress][0m  [1;36mepoch 20[0m  [1;33msb 12/108[0m  [33mthis-sb=39,976,960 pos (610 batches x 65,536)[0m  [36mtotal=82,512,445,440 pos[0m  [1;36mtrain_time=29325.5s[0m  [1;32mpos/s=2,813,674[0m
  [2mcuda-cpp SFNN[0m [1;33mvalidation overhead[0m: [35mreadback=0.231s[0m  [33mvalidation=0.858s[0m  [2msave=skipped[0m  [1;32mtotal=1.089s[0m
  [2mcuda-cpp SFNN[0m [33mvalidation[0m: epoch=20, superbatch=12, [35mtest_value_accuracy=0.7010133[0m, [35mtest_value_loss=0.07564279[0m, [1;36melapsed=0.858s[0m
  [2mcuda-cpp SFNN[0m [1;36m[progress][0m  [1;36mepoch 20[0m  [1;33msb 13/108[0m  [33mthis-sb=39,976,960 pos (610 batches x 65,536)[0m  [36mtotal=82,552,422,400 pos[0m  [1;36mtrain_time=29339.7s[0m  [1;32mpos/s=2,813,679[0m
  [2mcuda-cpp SFNN[0m [1;36m[progress][0m  [1;36mepoch 20[0m  [1;33msb 14/108[0m  [33mthis-sb=39,976,960 pos (610 batches x 65,536)[0m  [36mtotal=82,592,399,360 pos[0m  [1;36mtrain_time=29353.8s[0m  [1;32mpos/s=2,813,686[0m
  [2mcuda-cpp SFNN[0m [1;36m[progress][0m  [1;36mepoch 20[0m  [1;33msb 15/108[0m  [33mthis-sb=39,976,960 pos (610 batches x 65,536)[0m  [36mtotal=82,632,376,320 pos[0m  [1;36mtrain_time=29368.0s[0m  [1;32mpos/s=2,813,691[0m
  cuda-cpp HalfKA2 validation forward = gpu: positions=300000, batch_size=8192, elapsed=0.594s
  test: accuracy=70.1490% (210447/300000 decisive; draws=0 excluded; mate=0 filtered), loss=0.075870 (n=300000)
  [2mcuda-cpp HalfKA2[0m [1;33mvalidation detail[0m: positions=300,000, batch_size=8,192, load/cache=0.000s, weight_fold=0.193s, context=0.000s, weight_upload=0.040s, batches=0.594s, metrics=0.005s, total=0.832s
  [2mcuda-cpp SFNN[0m [1;36m[progress][0m  [1;36mepoch 20[0m  [1;33msb 16/108[0m  [33mthis-sb=39,976,960 pos (610 batches x 65,536)[0m  [36mtotal=82,672,353,280 pos[0m  [1;36mtrain_time=29382.1s[0m  [1;32mpos/s=2,813,696[0m
  [2mcuda-cpp SFNN[0m [1;33mvalidation overhead[0m: [35mreadback=0.227s[0m  [33mvalidation=0.852s[0m  [2msave=skipped[0m  [1;32mtotal=1.079s[0m
  [2mcuda-cpp SFNN[0m [33mvalidation[0m: epoch=20, superbatch=16, [35mtest_value_accuracy=0.7014900[0m, [35mtest_value_loss=0.07587046[0m, [1;36melapsed=0.852s[0m
  [2mcuda-cpp SFNN[0m [1;36m[progress][0m  [1;36mepoch 20[0m  [1;33msb 17/108[0m  [33mthis-sb=39,976,960 pos (610 batches x 65,536)[0m  [36mtotal=82,712,330,240 pos[0m  [1;36mtrain_time=29396.3s[0m  [1;32mpos/s=2,813,701[0m
  [2mcuda-cpp SFNN[0m [1;36m[progress][0m  [1;36mepoch 20[0m  [1;33msb 18/108[0m  [33mthis-sb=39,976,960 pos (610 batches x 65,536)[0m  [36mtotal=82,752,307,200 pos[0m  [1;36mtrain_time=29410.4s[0m  [1;32mpos/s=2,813,707[0m
  [2mcuda-cpp SFNN[0m [1;36m[progress][0m  [1;36mepoch 20[0m  [1;33msb 19/108[0m  [33mthis-sb=39,976,960 pos (610 batches x 65,536)[0m  [36mtotal=82,792,284,160 pos[0m  [1;36mtrain_time=29424.6s[0m  [1;32mpos/s=2,813,713[0m
  cuda-cpp HalfKA2 validation forward = gpu: positions=300000, batch_size=8192, elapsed=0.593s
  test: accuracy=70.1457% (210437/300000 decisive; draws=0 excluded; mate=0 filtered), loss=0.075622 (n=300000)
  [2mcuda-cpp HalfKA2[0m [1;33mvalidation detail[0m: positions=300,000, batch_size=8,192, load/cache=0.000s, weight_fold=0.196s, context=0.000s, weight_upload=0.041s, batches=0.593s, metrics=0.005s, total=0.835s
  [2mcuda-cpp SFNN[0m [1;36m[progress][0m  [1;36mepoch 20[0m  [1;33msb 20/108[0m  [33mthis-sb=39,976,960 pos (610 batches x 65,536)[0m  [36mtotal=82,832,261,120 pos[0m  [1;36mtrain_time=29438.7s[0m  [1;32mpos/s=2,813,718[0m
  [2mcuda-cpp SFNN[0m [1;33mvalidation overhead[0m: [35mreadback=0.225s[0m  [33mvalidation=0.858s[0m  [2msave=skipped[0m  [1;32mtotal=1.083s[0m
  [2mcuda-cpp SFNN[0m [33mvalidation[0m: epoch=20, superbatch=20, [35mtest_value_accuracy=0.7014567[0m, [35mtest_value_loss=0.07562245[0m, [1;36melapsed=0.858s[0m
  [2mcuda-cpp SFNN[0m [1;36m[progress][0m  [1;36mepoch 20[0m  [1;33msb 21/108[0m  [33mthis-sb=39,976,960 pos (610 batches x 65,536)[0m  [36mtotal=82,872,238,080 pos[0m  [1;36mtrain_time=29452.9s[0m  [1;32mpos/s=2,813,723[0m
  [2mcuda-cpp SFNN[0m [1;36m[progress][0m  [1;36mepoch 20[0m  [1;33msb 22/108[0m  [33mthis-sb=39,976,960 pos (610 batches x 65,536)[0m  [36mtotal=82,912,215,040 pos[0m  [1;36mtrain_time=29467.0s[0m  [1;32mpos/s=2,813,729[0m
  [2mcuda-cpp SFNN[0m [1;36m[progress][0m  [1;36mepoch 20[0m  [1;33msb 23/108[0m  [33mthis-sb=39,976,960 pos (610 batches x 65,536)[0m  [36mtotal=82,952,192,000 pos[0m  [1;36mtrain_time=29481.2s[0m  [1;32mpos/s=2,813,732[0m
  cuda-cpp HalfKA2 validation forward = gpu: positions=300000, batch_size=8192, elapsed=0.590s
  test: accuracy=70.2073% (210622/300000 decisive; draws=0 excluded; mate=0 filtered), loss=0.075609 (n=300000)
  [2mcuda-cpp HalfKA2[0m [1;33mvalidation detail[0m: positions=300,000, batch_size=8,192, load/cache=0.000s, weight_fold=0.196s, context=0.000s, weight_upload=0.041s, batches=0.590s, metrics=0.005s, total=0.832s
  [2mcuda-cpp SFNN[0m [1;36m[progress][0m  [1;36mepoch 20[0m  [1;33msb 24/108[0m  [33mthis-sb=39,976,960 pos (610 batches x 65,536)[0m  [36mtotal=82,992,168,960 pos[0m  [1;36mtrain_time=29495.4s[0m  [1;32mpos/s=2,813,737[0m
  [2mcuda-cpp SFNN[0m [1;33mvalidation overhead[0m: [35mreadback=0.225s[0m  [33mvalidation=0.855s[0m  [2msave=skipped[0m  [1;32mtotal=1.079s[0m
  [2mcuda-cpp SFNN[0m [33mvalidation[0m: epoch=20, superbatch=24, [35mtest_value_accuracy=0.7020733[0m, [35mtest_value_loss=0.07560866[0m, [1;36melapsed=0.855s[0m
  [2mcuda-cpp SFNN[0m [1;36m[progress][0m  [1;36mepoch 20[0m  [1;33msb 25/108[0m  [33mthis-sb=39,976,960 pos (610 batches x 65,536)[0m  [36mtotal=83,032,145,920 pos[0m  [1;36mtrain_time=29509.5s[0m  [1;32mpos/s=2,813,740[0m
  [2mcuda-cpp SFNN[0m [1;36m[progress][0m  [1;36mepoch 20[0m  [1;33msb 26/108[0m  [33mthis-sb=39,976,960 pos (610 batches x 65,536)[0m  [36mtotal=83,072,122,880 pos[0m  [1;36mtrain_time=29523.7s[0m  [1;32mpos/s=2,813,745[0m
  [2mcuda-cpp SFNN[0m [1;36m[progress][0m  [1;36mepoch 20[0m  [1;33msb 27/108[0m  [33mthis-sb=39,976,960 pos (610 batches x 65,536)[0m  [36mtotal=83,112,099,840 pos[0m  [1;36mtrain_time=29537.8s[0m  [1;32mpos/s=2,813,750[0m
  cuda-cpp HalfKA2 validation forward = gpu: positions=300000, batch_size=8192, elapsed=0.593s
  test: accuracy=70.2140% (210642/300000 decisive; draws=0 excluded; mate=0 filtered), loss=0.075629 (n=300000)
  [2mcuda-cpp HalfKA2[0m [1;33mvalidation detail[0m: positions=300,000, batch_size=8,192, load/cache=0.000s, weight_fold=0.198s, context=0.000s, weight_upload=0.040s, batches=0.593s, metrics=0.005s, total=0.835s
  [2mcuda-cpp SFNN[0m [1;36m[progress][0m  [1;36mepoch 20[0m  [1;33msb 28/108[0m  [33mthis-sb=39,976,960 pos (610 batches x 65,536)[0m  [36mtotal=83,152,076,800 pos[0m  [1;36mtrain_time=29552.0s[0m  [1;32mpos/s=2,813,755[0m
  [2mcuda-cpp SFNN[0m [1;33mvalidation overhead[0m: [35mreadback=0.229s[0m  [33mvalidation=0.858s[0m  [2msave=skipped[0m  [1;32mtotal=1.088s[0m
  [2mcuda-cpp SFNN[0m [33mvalidation[0m: epoch=20, superbatch=28, [35mtest_value_accuracy=0.7021400[0m, [35mtest_value_loss=0.07562889[0m, [1;36melapsed=0.858s[0m
  [2mcuda-cpp SFNN[0m [1;36m[progress][0m  [1;36mepoch 20[0m  [1;33msb 29/108[0m  [33mthis-sb=39,976,960 pos (610 batches x 65,536)[0m  [36mtotal=83,192,053,760 pos[0m  [1;36mtrain_time=29566.2s[0m  [1;32mpos/s=2,813,758[0m
  [2mcuda-cpp SFNN[0m [1;36m[progress][0m  [1;36mepoch 20[0m  [1;33msb 30/108[0m  [33mthis-sb=39,976,960 pos (610 batches x 65,536)[0m  [36mtotal=83,232,030,720 pos[0m  [1;36mtrain_time=29580.3s[0m  [1;32mpos/s=2,813,764[0m
  [2mcuda-cpp SFNN[0m [1;36m[progress][0m  [1;36mepoch 20[0m  [1;33msb 31/108[0m  [33mthis-sb=39,976,960 pos (610 batches x 65,536)[0m  [36mtotal=83,272,007,680 pos[0m  [1;36mtrain_time=29594.5s[0m  [1;32mpos/s=2,813,768[0m
  cuda-cpp HalfKA2 validation forward = gpu: positions=300000, batch_size=8192, elapsed=0.592s
  test: accuracy=70.1633% (210490/300000 decisive; draws=0 excluded; mate=0 filtered), loss=0.075673 (n=300000)
  [2mcuda-cpp HalfKA2[0m [1;33mvalidation detail[0m: positions=300,000, batch_size=8,192, load/cache=0.000s, weight_fold=0.194s, context=0.000s, weight_upload=0.040s, batches=0.592s, metrics=0.005s, total=0.831s
  [2mcuda-cpp SFNN[0m [1;36m[progress][0m  [1;36mepoch 20[0m  [1;33msb 32/108[0m  [33mthis-sb=39,976,960 pos (610 batches x 65,536)[0m  [36mtotal=83,311,984,640 pos[0m  [1;36mtrain_time=29608.6s[0m  [1;32mpos/s=2,813,773[0m
  [2mcuda-cpp SFNN[0m [1;33mvalidation overhead[0m: [35mreadback=0.230s[0m  [33mvalidation=0.853s[0m  [2msave=skipped[0m  [1;32mtotal=1.083s[0m
  [2mcuda-cpp SFNN[0m [33mvalidation[0m: epoch=20, superbatch=32, [35mtest_value_accuracy=0.7016333[0m, [35mtest_value_loss=0.07567258[0m, [1;36melapsed=0.853s[0m
  [2mcuda-cpp SFNN[0m [1;36m[progress][0m  [1;36mepoch 20[0m  [1;33msb 33/108[0m  [33mthis-sb=39,976,960 pos (610 batches x 65,536)[0m  [36mtotal=83,351,961,600 pos[0m  [1;36mtrain_time=29622.8s[0m  [1;32mpos/s=2,813,775[0m
  [2mcuda-cpp SFNN[0m [1;36m[progress][0m  [1;36mepoch 20[0m  [1;33msb 34/108[0m  [33mthis-sb=39,976,960 pos (610 batches x 65,536)[0m  [36mtotal=83,391,938,560 pos[0m  [1;36mtrain_time=29637.0s[0m  [1;32mpos/s=2,813,781[0m
  [2mcuda-cpp SFNN[0m [1;36m[progress][0m  [1;36mepoch 20[0m  [1;33msb 35/108[0m  [33mthis-sb=39,976,960 pos (610 batches x 65,536)[0m  [36mtotal=83,431,915,520 pos[0m  [1;36mtrain_time=29651.1s[0m  [1;32mpos/s=2,813,787[0m
  cuda-cpp HalfKA2 validation forward = gpu: positions=300000, batch_size=8192, elapsed=0.592s
  test: accuracy=70.2590% (210777/300000 decisive; draws=0 excluded; mate=0 filtered), loss=0.075465 (n=300000)
  [2mcuda-cpp HalfKA2[0m [1;33mvalidation detail[0m: positions=300,000, batch_size=8,192, load/cache=0.000s, weight_fold=0.194s, context=0.000s, weight_upload=0.038s, batches=0.592s, metrics=0.005s, total=0.829s
  [2mcuda-cpp SFNN[0m [1;36m[progress][0m  [1;36mepoch 20[0m  [1;33msb 36/108[0m  [33mthis-sb=39,976,960 pos (610 batches x 65,536)[0m  [36mtotal=83,471,892,480 pos[0m  [1;36mtrain_time=29665.3s[0m  [1;32mpos/s=2,813,791[0m
  [2mcuda-cpp SFNN[0m [1;33mvalidation overhead[0m: [35mreadback=0.230s[0m  [33mvalidation=0.851s[0m  [2msave=skipped[0m  [1;32mtotal=1.080s[0m
  [2mcuda-cpp SFNN[0m [33mvalidation[0m: epoch=20, superbatch=36, [35mtest_value_accuracy=0.7025900[0m, [35mtest_value_loss=0.07546529[0m, [1;36melapsed=0.851s[0m
  [2mcuda-cpp SFNN[0m [1;36m[progress][0m  [1;36mepoch 20[0m  [1;33msb 37/108[0m  [33mthis-sb=39,976,960 pos (610 batches x 65,536)[0m  [36mtotal=83,511,869,440 pos[0m  [1;36mtrain_time=29679.5s[0m  [1;32mpos/s=2,813,791[0m
  [2mcuda-cpp SFNN[0m [1;36m[progress][0m  [1;36mepoch 20[0m  [1;33msb 38/108[0m  [33mthis-sb=39,976,960 pos (610 batches x 65,536)[0m  [36mtotal=83,551,846,400 pos[0m  [1;36mtrain_time=29693.6s[0m  [1;32mpos/s=2,813,797[0m
  [2mcuda-cpp SFNN[0m [1;36m[progress][0m  [1;36mepoch 20[0m  [1;33msb 39/108[0m  [33mthis-sb=39,976,960 pos (610 batches x 65,536)[0m  [36mtotal=83,591,823,360 pos[0m  [1;36mtrain_time=29707.8s[0m  [1;32mpos/s=2,813,800[0m
  cuda-cpp HalfKA2 validation forward = gpu: positions=300000, batch_size=8192, elapsed=0.591s
  test: accuracy=70.2377% (210713/300000 decisive; draws=0 excluded; mate=0 filtered), loss=0.075423 (n=300000)
  [2mcuda-cpp HalfKA2[0m [1;33mvalidation detail[0m: positions=300,000, batch_size=8,192, load/cache=0.000s, weight_fold=0.191s, context=0.000s, weight_upload=0.043s, batches=0.591s, metrics=0.005s, total=0.830s
  [2mcuda-cpp SFNN[0m [1;36m[progress][0m  [1;36mepoch 20[0m  [1;33msb 40/108[0m  [33mthis-sb=39,976,960 pos (610 batches x 65,536)[0m  [36mtotal=83,631,800,320 pos[0m  [1;36mtrain_time=29722.0s[0m  [1;32mpos/s=2,813,803[0m
  [2mcuda-cpp SFNN[0m [1;33mvalidation overhead[0m: [35mreadback=0.229s[0m  [33mvalidation=0.851s[0m  [2msave=skipped[0m  [1;32mtotal=1.080s[0m
  [2mcuda-cpp SFNN[0m [33mvalidation[0m: epoch=20, superbatch=40, [35mtest_value_accuracy=0.7023767[0m, [35mtest_value_loss=0.07542314[0m, [1;36melapsed=0.851s[0m
  [2mcuda-cpp SFNN[0m [1;36m[progress][0m  [1;36mepoch 20[0m  [1;33msb 41/108[0m  [33mthis-sb=39,976,960 pos (610 batches x 65,536)[0m  [36mtotal=83,671,777,280 pos[0m  [1;36mtrain_time=29736.1s[0m  [1;32mpos/s=2,813,807[0m
  [2mcuda-cpp SFNN[0m [1;36m[progress][0m  [1;36mepoch 20[0m  [1;33msb 42/108[0m  [33mthis-sb=39,976,960 pos (610 batches x 65,536)[0m  [36mtotal=83,711,754,240 pos[0m  [1;36mtrain_time=29750.3s[0m  [1;32mpos/s=2,813,811[0m
  [2mcuda-cpp SFNN[0m [1;36m[progress][0m  [1;36mepoch 20[0m  [1;33msb 43/108[0m  [33mthis-sb=39,976,960 pos (610 batches x 65,536)[0m  [36mtotal=83,751,731,200 pos[0m  [1;36mtrain_time=29764.5s[0m  [1;32mpos/s=2,813,815[0m
  cuda-cpp HalfKA2 validation forward = gpu: positions=300000, batch_size=8192, elapsed=0.594s
  test: accuracy=70.2677% (210803/300000 decisive; draws=0 excluded; mate=0 filtered), loss=0.075551 (n=300000)
  [2mcuda-cpp HalfKA2[0m [1;33mvalidation detail[0m: positions=300,000, batch_size=8,192, load/cache=0.000s, weight_fold=0.195s, context=0.000s, weight_upload=0.042s, batches=0.594s, metrics=0.005s, total=0.836s
  [2mcuda-cpp SFNN[0m [1;36m[progress][0m  [1;36mepoch 20[0m  [1;33msb 44/108[0m  [33mthis-sb=39,976,960 pos (610 batches x 65,536)[0m  [36mtotal=83,791,708,160 pos[0m  [1;36mtrain_time=29778.6s[0m  [1;32mpos/s=2,813,818[0m
  [2mcuda-cpp SFNN[0m [1;33mvalidation overhead[0m: [35mreadback=0.229s[0m  [33mvalidation=0.861s[0m  [2msave=skipped[0m  [1;32mtotal=1.090s[0m
  [2mcuda-cpp SFNN[0m [33mvalidation[0m: epoch=20, superbatch=44, [35mtest_value_accuracy=0.7026767[0m, [35mtest_value_loss=0.07555123[0m, [1;36melapsed=0.861s[0m
  [2mcuda-cpp SFNN[0m [1;36m[progress][0m  [1;36mepoch 20[0m  [1;33msb 45/108[0m  [33mthis-sb=39,976,960 pos (610 batches x 65,536)[0m  [36mtotal=83,831,685,120 pos[0m  [1;36mtrain_time=29792.8s[0m  [1;32mpos/s=2,813,821[0m
  [2mcuda-cpp SFNN[0m [1;36m[progress][0m  [1;36mepoch 20[0m  [1;33msb 46/108[0m  [33mthis-sb=39,976,960 pos (610 batches x 65,536)[0m  [36mtotal=83,871,662,080 pos[0m  [1;36mtrain_time=29807.0s[0m  [1;32mpos/s=2,813,825[0m
  [2mcuda-cpp SFNN[0m [1;36m[progress][0m  [1;36mepoch 20[0m  [1;33msb 47/108[0m  [33mthis-sb=39,976,960 pos (610 batches x 65,536)[0m  [36mtotal=83,911,639,040 pos[0m  [1;36mtrain_time=29821.2s[0m  [1;32mpos/s=2,813,827[0m
  cuda-cpp HalfKA2 validation forward = gpu: positions=300000, batch_size=8192, elapsed=0.593s
  test: accuracy=70.3140% (210942/300000 decisive; draws=0 excluded; mate=0 filtered), loss=0.075364 (n=300000)
  [2mcuda-cpp HalfKA2[0m [1;33mvalidation detail[0m: positions=300,000, batch_size=8,192, load/cache=0.000s, weight_fold=0.192s, context=0.000s, weight_upload=0.040s, batches=0.593s, metrics=0.005s, total=0.830s
  [2mcuda-cpp SFNN[0m [1;36m[progress][0m  [1;36mepoch 20[0m  [1;33msb 48/108[0m  [33mthis-sb=39,976,960 pos (610 batches x 65,536)[0m  [36mtotal=83,951,616,000 pos[0m  [1;36mtrain_time=29835.3s[0m  [1;32mpos/s=2,813,831[0m
  [2mcuda-cpp SFNN[0m [1;33mvalidation overhead[0m: [35mreadback=0.228s[0m  [33mvalidation=0.851s[0m  [2msave=skipped[0m  [1;32mtotal=1.079s[0m
  [2mcuda-cpp SFNN[0m [33mvalidation[0m: epoch=20, superbatch=48, [35mtest_value_accuracy=0.7031400[0m, [35mtest_value_loss=0.07536437[0m, [1;36melapsed=0.851s[0m
  [2mcuda-cpp SFNN[0m [1;36m[progress][0m  [1;36mepoch 20[0m  [1;33msb 49/108[0m  [33mthis-sb=39,976,960 pos (610 batches x 65,536)[0m  [36mtotal=83,991,592,960 pos[0m  [1;36mtrain_time=29849.5s[0m  [1;32mpos/s=2,813,835[0m
  [2mcuda-cpp SFNN[0m [1;36m[progress][0m  [1;36mepoch 20[0m  [1;33msb 50/108[0m  [33mthis-sb=39,976,960 pos (610 batches x 65,536)[0m  [36mtotal=84,031,569,920 pos[0m  [1;36mtrain_time=29863.7s[0m  [1;32mpos/s=2,813,840[0m
  [2mcuda-cpp SFNN[0m [1;36m[progress][0m  [1;36mepoch 20[0m  [1;33msb 51/108[0m  [33mthis-sb=39,976,960 pos (610 batches x 65,536)[0m  [36mtotal=84,071,546,880 pos[0m  [1;36mtrain_time=29877.8s[0m  [1;32mpos/s=2,813,845[0m
  cuda-cpp HalfKA2 validation forward = gpu: positions=300000, batch_size=8192, elapsed=0.591s
  test: accuracy=70.3547% (211064/300000 decisive; draws=0 excluded; mate=0 filtered), loss=0.075445 (n=300000)
  [2mcuda-cpp HalfKA2[0m [1;33mvalidation detail[0m: positions=300,000, batch_size=8,192, load/cache=0.000s, weight_fold=0.193s, context=0.000s, weight_upload=0.039s, batches=0.591s, metrics=0.005s, total=0.827s
  [2mcuda-cpp SFNN[0m [1;36m[progress][0m  [1;36mepoch 20[0m  [1;33msb 52/108[0m  [33mthis-sb=39,976,960 pos (610 batches x 65,536)[0m  [36mtotal=84,111,523,840 pos[0m  [1;36mtrain_time=29892.0s[0m  [1;32mpos/s=2,813,849[0m
  [2mcuda-cpp SFNN[0m [1;33mvalidation overhead[0m: [35mreadback=0.227s[0m  [33mvalidation=0.848s[0m  [2msave=skipped[0m  [1;32mtotal=1.075s[0m
  [2mcuda-cpp SFNN[0m [33mvalidation[0m: epoch=20, superbatch=52, [35mtest_value_accuracy=0.7035466[0m, [35mtest_value_loss=0.07544471[0m, [1;36melapsed=0.848s[0m
  [2mcuda-cpp SFNN[0m [1;36m[progress][0m  [1;36mepoch 20[0m  [1;33msb 53/108[0m  [33mthis-sb=39,976,960 pos (610 batches x 65,536)[0m  [36mtotal=84,151,500,800 pos[0m  [1;36mtrain_time=29906.2s[0m  [1;32mpos/s=2,813,850[0m
  [2mcuda-cpp SFNN[0m [1;36m[progress][0m  [1;36mepoch 20[0m  [1;33msb 54/108[0m  [33mthis-sb=39,976,960 pos (610 batches x 65,536)[0m  [36mtotal=84,191,477,760 pos[0m  [1;36mtrain_time=29920.3s[0m  [1;32mpos/s=2,813,854[0m
  [2mcuda-cpp SFNN[0m [1;36m[progress][0m  [1;36mepoch 20[0m  [1;33msb 55/108[0m  [33mthis-sb=39,976,960 pos (610 batches x 65,536)[0m  [36mtotal=84,231,454,720 pos[0m  [1;36mtrain_time=29934.5s[0m  [1;32mpos/s=2,813,859[0m
  cuda-cpp HalfKA2 validation forward = gpu: positions=300000, batch_size=8192, elapsed=0.596s
  test: accuracy=70.3363% (211009/300000 decisive; draws=0 excluded; mate=0 filtered), loss=0.075162 (n=300000)
  [2mcuda-cpp HalfKA2[0m [1;33mvalidation detail[0m: positions=300,000, batch_size=8,192, load/cache=0.000s, weight_fold=0.195s, context=0.000s, weight_upload=0.040s, batches=0.596s, metrics=0.005s, total=0.835s
  [2mcuda-cpp SFNN[0m [1;36m[progress][0m  [1;36mepoch 20[0m  [1;33msb 56/108[0m  [33mthis-sb=39,976,960 pos (610 batches x 65,536)[0m  [36mtotal=84,271,431,680 pos[0m  [1;36mtrain_time=29948.7s[0m  [1;32mpos/s=2,813,863[0m
  [2mcuda-cpp SFNN[0m [1;33mvalidation overhead[0m: [35mreadback=0.229s[0m  [33mvalidation=0.857s[0m  [2msave=skipped[0m  [1;32mtotal=1.086s[0m
  [2mcuda-cpp SFNN[0m [33mvalidation[0m: epoch=20, superbatch=56, [35mtest_value_accuracy=0.7033634[0m, [35mtest_value_loss=0.07516168[0m, [1;36melapsed=0.857s[0m
  [2mcuda-cpp SFNN[0m [1;36m[progress][0m  [1;36mepoch 20[0m  [1;33msb 57/108[0m  [33mthis-sb=39,976,960 pos (610 batches x 65,536)[0m  [36mtotal=84,311,408,640 pos[0m  [1;36mtrain_time=29962.9s[0m  [1;32mpos/s=2,813,865[0m
  [2mcuda-cpp SFNN[0m [1;36m[progress][0m  [1;36mepoch 20[0m  [1;33msb 58/108[0m  [33mthis-sb=39,976,960 pos (610 batches x 65,536)[0m  [36mtotal=84,351,385,600 pos[0m  [1;36mtrain_time=29977.0s[0m  [1;32mpos/s=2,813,870[0m
  [2mcuda-cpp SFNN[0m [1;36m[progress][0m  [1;36mepoch 20[0m  [1;33msb 59/108[0m  [33mthis-sb=39,976,960 pos (610 batches x 65,536)[0m  [36mtotal=84,391,362,560 pos[0m  [1;36mtrain_time=29991.2s[0m  [1;32mpos/s=2,813,874[0m
  cuda-cpp HalfKA2 validation forward = gpu: positions=300000, batch_size=8192, elapsed=0.600s
  test: accuracy=70.3390% (211017/300000 decisive; draws=0 excluded; mate=0 filtered), loss=0.075346 (n=300000)
  [2mcuda-cpp HalfKA2[0m [1;33mvalidation detail[0m: positions=300,000, batch_size=8,192, load/cache=0.000s, weight_fold=0.195s, context=0.000s, weight_upload=0.040s, batches=0.600s, metrics=0.005s, total=0.840s
  [2mcuda-cpp SFNN[0m [1;36m[progress][0m  [1;36mepoch 20[0m  [1;33msb 60/108[0m  [33mthis-sb=39,976,960 pos (610 batches x 65,536)[0m  [36mtotal=84,431,339,520 pos[0m  [1;36mtrain_time=30005.3s[0m  [1;32mpos/s=2,813,877[0m
  [2mcuda-cpp SFNN[0m [1;33mvalidation overhead[0m: [35mreadback=0.229s[0m  [33mvalidation=0.864s[0m  [2msave=skipped[0m  [1;32mtotal=1.094s[0m
  [2mcuda-cpp SFNN[0m [33mvalidation[0m: epoch=20, superbatch=60, [35mtest_value_accuracy=0.7033900[0m, [35mtest_value_loss=0.07534561[0m, [1;36melapsed=0.864s[0m
  [2mcuda-cpp SFNN[0m [1;36m[progress][0m  [1;36mepoch 20[0m  [1;33msb 61/108[0m  [33mthis-sb=39,976,960 pos (610 batches x 65,536)[0m  [36mtotal=84,471,316,480 pos[0m  [1;36mtrain_time=30019.5s[0m  [1;32mpos/s=2,813,878[0m
  [2mcuda-cpp SFNN[0m [1;36m[progress][0m  [1;36mepoch 20[0m  [1;33msb 62/108[0m  [33mthis-sb=39,976,960 pos (610 batches x 65,536)[0m  [36mtotal=84,511,293,440 pos[0m  [1;36mtrain_time=30033.7s[0m  [1;32mpos/s=2,813,880[0m
  [2mcuda-cpp SFNN[0m [1;36m[progress][0m  [1;36mepoch 20[0m  [1;33msb 63/108[0m  [33mthis-sb=39,976,960 pos (610 batches x 65,536)[0m  [36mtotal=84,551,270,400 pos[0m  [1;36mtrain_time=30047.9s[0m  [1;32mpos/s=2,813,884[0m
  cuda-cpp HalfKA2 validation forward = gpu: positions=300000, batch_size=8192, elapsed=0.594s
  test: accuracy=70.3143% (210943/300000 decisive; draws=0 excluded; mate=0 filtered), loss=0.075602 (n=300000)
  [2mcuda-cpp HalfKA2[0m [1;33mvalidation detail[0m: positions=300,000, batch_size=8,192, load/cache=0.000s, weight_fold=0.194s, context=0.000s, weight_upload=0.040s, batches=0.594s, metrics=0.005s, total=0.834s
  [2mcuda-cpp SFNN[0m [1;36m[progress][0m  [1;36mepoch 20[0m  [1;33msb 64/108[0m  [33mthis-sb=39,976,960 pos (610 batches x 65,536)[0m  [36mtotal=84,591,247,360 pos[0m  [1;36mtrain_time=30062.1s[0m  [1;32mpos/s=2,813,887[0m
  [2mcuda-cpp SFNN[0m [1;33mvalidation overhead[0m: [35mreadback=0.231s[0m  [33mvalidation=0.855s[0m  [2msave=skipped[0m  [1;32mtotal=1.085s[0m
  [2mcuda-cpp SFNN[0m [33mvalidation[0m: epoch=20, superbatch=64, [35mtest_value_accuracy=0.7031434[0m, [35mtest_value_loss=0.07560246[0m, [1;36melapsed=0.855s[0m
  [2mcuda-cpp SFNN[0m [1;36m[progress][0m  [1;36mepoch 20[0m  [1;33msb 65/108[0m  [33mthis-sb=39,976,960 pos (610 batches x 65,536)[0m  [36mtotal=84,631,224,320 pos[0m  [1;36mtrain_time=30076.3s[0m  [1;32mpos/s=2,813,889[0m
  [2mcuda-cpp SFNN[0m [1;36m[progress][0m  [1;36mepoch 20[0m  [1;33msb 66/108[0m  [33mthis-sb=39,976,960 pos (610 batches x 65,536)[0m  [36mtotal=84,671,201,280 pos[0m  [1;36mtrain_time=30090.4s[0m  [1;32mpos/s=2,813,892[0m
  [2mcuda-cpp SFNN[0m [1;36m[progress][0m  [1;36mepoch 20[0m  [1;33msb 67/108[0m  [33mthis-sb=39,976,960 pos (610 batches x 65,536)[0m  [36mtotal=84,711,178,240 pos[0m  [1;36mtrain_time=30104.6s[0m  [1;32mpos/s=2,813,895[0m
  cuda-cpp HalfKA2 validation forward = gpu: positions=300000, batch_size=8192, elapsed=0.593s
  test: accuracy=70.3687% (211106/300000 decisive; draws=0 excluded; mate=0 filtered), loss=0.075514 (n=300000)
  [2mcuda-cpp HalfKA2[0m [1;33mvalidation detail[0m: positions=300,000, batch_size=8,192, load/cache=0.000s, weight_fold=0.205s, context=0.000s, weight_upload=0.040s, batches=0.593s, metrics=0.005s, total=0.844s
  [2mcuda-cpp SFNN[0m [1;36m[progress][0m  [1;36mepoch 20[0m  [1;33msb 68/108[0m  [33mthis-sb=39,976,960 pos (610 batches x 65,536)[0m  [36mtotal=84,751,155,200 pos[0m  [1;36mtrain_time=30118.8s[0m  [1;32mpos/s=2,813,894[0m
  [2mcuda-cpp SFNN[0m [1;33mvalidation overhead[0m: [35mreadback=0.233s[0m  [33mvalidation=0.867s[0m  [2msave=skipped[0m  [1;32mtotal=1.100s[0m
  [2mcuda-cpp SFNN[0m [33mvalidation[0m: epoch=20, superbatch=68, [35mtest_value_accuracy=0.7036867[0m, [35mtest_value_loss=0.07551362[0m, [1;36melapsed=0.867s[0m
  [2mcuda-cpp SFNN[0m [1;36m[progress][0m  [1;36mepoch 20[0m  [1;33msb 69/108[0m  [33mthis-sb=39,976,960 pos (610 batches x 65,536)[0m  [36mtotal=84,791,132,160 pos[0m  [1;36mtrain_time=30133.0s[0m  [1;32mpos/s=2,813,896[0m
  [2mcuda-cpp SFNN[0m [1;36m[progress][0m  [1;36mepoch 20[0m  [1;33msb 70/108[0m  [33mthis-sb=39,976,960 pos (610 batches x 65,536)[0m  [36mtotal=84,831,109,120 pos[0m  [1;36mtrain_time=30147.2s[0m  [1;32mpos/s=2,813,898[0m
  [2mcuda-cpp SFNN[0m [1;36m[progress][0m  [1;36mepoch 20[0m  [1;33msb 71/108[0m  [33mthis-sb=39,976,960 pos (610 batches x 65,536)[0m  [36mtotal=84,871,086,080 pos[0m  [1;36mtrain_time=30161.4s[0m  [1;32mpos/s=2,813,900[0m
  cuda-cpp HalfKA2 validation forward = gpu: positions=300000, batch_size=8192, elapsed=0.592s
  test: accuracy=70.3597% (211079/300000 decisive; draws=0 excluded; mate=0 filtered), loss=0.075334 (n=300000)
  [2mcuda-cpp HalfKA2[0m [1;33mvalidation detail[0m: positions=300,000, batch_size=8,192, load/cache=0.000s, weight_fold=0.198s, context=0.001s, weight_upload=0.041s, batches=0.592s, metrics=0.005s, total=0.836s
  [2mcuda-cpp SFNN[0m [1;36m[progress][0m  [1;36mepoch 20[0m  [1;33msb 72/108[0m  [33mthis-sb=39,976,960 pos (610 batches x 65,536)[0m  [36mtotal=84,911,063,040 pos[0m  [1;36mtrain_time=30175.5s[0m  [1;32mpos/s=2,813,903[0m
  [2mcuda-cpp SFNN[0m [1;33mvalidation overhead[0m: [35mreadback=0.230s[0m  [33mvalidation=0.858s[0m  [2msave=skipped[0m  [1;32mtotal=1.088s[0m
  [2mcuda-cpp SFNN[0m [33mvalidation[0m: epoch=20, superbatch=72, [35mtest_value_accuracy=0.7035967[0m, [35mtest_value_loss=0.07533374[0m, [1;36melapsed=0.858s[0m
  [2mcuda-cpp SFNN[0m [1;36m[progress][0m  [1;36mepoch 20[0m  [1;33msb 73/108[0m  [33mthis-sb=39,976,960 pos (610 batches x 65,536)[0m  [36mtotal=84,951,040,000 pos[0m  [1;36mtrain_time=30189.8s[0m  [1;32mpos/s=2,813,903[0m
  [2mcuda-cpp SFNN[0m [1;36m[progress][0m  [1;36mepoch 20[0m  [1;33msb 74/108[0m  [33mthis-sb=39,976,960 pos (610 batches x 65,536)[0m  [36mtotal=84,991,016,960 pos[0m  [1;36mtrain_time=30203.9s[0m  [1;32mpos/s=2,813,906[0m
  [2mcuda-cpp SFNN[0m [1;36m[progress][0m  [1;36mepoch 20[0m  [1;33msb 75/108[0m  [33mthis-sb=39,976,960 pos (610 batches x 65,536)[0m  [36mtotal=85,030,993,920 pos[0m  [1;36mtrain_time=30218.1s[0m  [1;32mpos/s=2,813,910[0m
  cuda-cpp HalfKA2 validation forward = gpu: positions=300000, batch_size=8192, elapsed=0.592s
  test: accuracy=70.3597% (211079/300000 decisive; draws=0 excluded; mate=0 filtered), loss=0.075340 (n=300000)
  [2mcuda-cpp HalfKA2[0m [1;33mvalidation detail[0m: positions=300,000, batch_size=8,192, load/cache=0.000s, weight_fold=0.196s, context=0.000s, weight_upload=0.040s, batches=0.592s, metrics=0.005s, total=0.832s
  [2mcuda-cpp SFNN[0m [1;36m[progress][0m  [1;36mepoch 20[0m  [1;33msb 76/108[0m  [33mthis-sb=39,976,960 pos (610 batches x 65,536)[0m  [36mtotal=85,070,970,880 pos[0m  [1;36mtrain_time=30232.3s[0m  [1;32mpos/s=2,813,914[0m
  [2mcuda-cpp SFNN[0m [1;33mvalidation overhead[0m: [35mreadback=0.229s[0m  [33mvalidation=0.854s[0m  [2msave=skipped[0m  [1;32mtotal=1.083s[0m
  [2mcuda-cpp SFNN[0m [33mvalidation[0m: epoch=20, superbatch=76, [35mtest_value_accuracy=0.7035967[0m, [35mtest_value_loss=0.07533955[0m, [1;36melapsed=0.854s[0m
  [2mcuda-cpp SFNN[0m [1;36m[progress][0m  [1;36mepoch 20[0m  [1;33msb 77/108[0m  [33mthis-sb=39,976,960 pos (610 batches x 65,536)[0m  [36mtotal=85,110,947,840 pos[0m  [1;36mtrain_time=30246.5s[0m  [1;32mpos/s=2,813,915[0m
  [2mcuda-cpp SFNN[0m [1;36m[progress][0m  [1;36mepoch 20[0m  [1;33msb 78/108[0m  [33mthis-sb=39,976,960 pos (610 batches x 65,536)[0m  [36mtotal=85,150,924,800 pos[0m  [1;36mtrain_time=30260.6s[0m  [1;32mpos/s=2,813,920[0m
  [2mcuda-cpp SFNN[0m [1;36m[progress][0m  [1;36mepoch 20[0m  [1;33msb 79/108[0m  [33mthis-sb=39,976,960 pos (610 batches x 65,536)[0m  [36mtotal=85,190,901,760 pos[0m  [1;36mtrain_time=30274.8s[0m  [1;32mpos/s=2,813,923[0m
  cuda-cpp HalfKA2 validation forward = gpu: positions=300000, batch_size=8192, elapsed=0.591s
  test: accuracy=70.3307% (210992/300000 decisive; draws=0 excluded; mate=0 filtered), loss=0.075116 (n=300000)
  [2mcuda-cpp HalfKA2[0m [1;33mvalidation detail[0m: positions=300,000, batch_size=8,192, load/cache=0.000s, weight_fold=0.195s, context=0.000s, weight_upload=0.039s, batches=0.591s, metrics=0.005s, total=0.831s
  [2mcuda-cpp SFNN[0m [1;36m[progress][0m  [1;36mepoch 20[0m  [1;33msb 80/108[0m  [33mthis-sb=39,976,960 pos (610 batches x 65,536)[0m  [36mtotal=85,230,878,720 pos[0m  [1;36mtrain_time=30289.0s[0m  [1;32mpos/s=2,813,925[0m
  [2mcuda-cpp SFNN[0m [1;33mvalidation overhead[0m: [35mreadback=0.229s[0m  [33mvalidation=0.852s[0m  [2msave=skipped[0m  [1;32mtotal=1.082s[0m
  [2mcuda-cpp SFNN[0m [33mvalidation[0m: epoch=20, superbatch=80, [35mtest_value_accuracy=0.7033067[0m, [35mtest_value_loss=0.07511570[0m, [1;36melapsed=0.852s[0m
  [2mcuda-cpp SFNN[0m [1;36m[progress][0m  [1;36mepoch 20[0m  [1;33msb 81/108[0m  [33mthis-sb=39,976,960 pos (610 batches x 65,536)[0m  [36mtotal=85,270,855,680 pos[0m  [1;36mtrain_time=30303.1s[0m  [1;32mpos/s=2,813,928[0m
  [2mcuda-cpp SFNN[0m [1;36m[progress][0m  [1;36mepoch 20[0m  [1;33msb 82/108[0m  [33mthis-sb=39,976,960 pos (610 batches x 65,536)[0m  [36mtotal=85,310,832,640 pos[0m  [1;36mtrain_time=30317.3s[0m  [1;32mpos/s=2,813,931[0m
  [2mcuda-cpp SFNN[0m [1;36m[progress][0m  [1;36mepoch 20[0m  [1;33msb 83/108[0m  [33mthis-sb=39,976,960 pos (610 batches x 65,536)[0m  [36mtotal=85,350,809,600 pos[0m  [1;36mtrain_time=30331.5s[0m  [1;32mpos/s=2,813,934[0m
  cuda-cpp HalfKA2 validation forward = gpu: positions=300000, batch_size=8192, elapsed=0.592s
  test: accuracy=70.3797% (211139/300000 decisive; draws=0 excluded; mate=0 filtered), loss=0.075227 (n=300000)
  [2mcuda-cpp HalfKA2[0m [1;33mvalidation detail[0m: positions=300,000, batch_size=8,192, load/cache=0.000s, weight_fold=0.198s, context=0.000s, weight_upload=0.039s, batches=0.592s, metrics=0.005s, total=0.834s
  [2mcuda-cpp SFNN[0m [1;36m[progress][0m  [1;36mepoch 20[0m  [1;33msb 84/108[0m  [33mthis-sb=39,976,960 pos (610 batches x 65,536)[0m  [36mtotal=85,390,786,560 pos[0m  [1;36mtrain_time=30345.7s[0m  [1;32mpos/s=2,813,938[0m
  [2mcuda-cpp SFNN[0m [1;33mvalidation overhead[0m: [35mreadback=0.233s[0m  [33mvalidation=0.858s[0m  [2msave=skipped[0m  [1;32mtotal=1.091s[0m
  [2mcuda-cpp SFNN[0m [33mvalidation[0m: epoch=20, superbatch=84, [35mtest_value_accuracy=0.7037967[0m, [35mtest_value_loss=0.07522693[0m, [1;36melapsed=0.858s[0m
  [2mcuda-cpp SFNN[0m [1;36m[progress][0m  [1;36mepoch 20[0m  [1;33msb 85/108[0m  [33mthis-sb=39,976,960 pos (610 batches x 65,536)[0m  [36mtotal=85,430,763,520 pos[0m  [1;36mtrain_time=30359.8s[0m  [1;32mpos/s=2,813,941[0m
  [2mcuda-cpp SFNN[0m [1;36m[progress][0m  [1;36mepoch 20[0m  [1;33msb 86/108[0m  [33mthis-sb=39,976,960 pos (610 batches x 65,536)[0m  [36mtotal=85,470,740,480 pos[0m  [1;36mtrain_time=30374.0s[0m  [1;32mpos/s=2,813,944[0m
  [2mcuda-cpp SFNN[0m [1;36m[progress][0m  [1;36mepoch 20[0m  [1;33msb 87/108[0m  [33mthis-sb=39,976,960 pos (610 batches x 65,536)[0m  [36mtotal=85,510,717,440 pos[0m  [1;36mtrain_time=30388.3s[0m  [1;32mpos/s=2,813,932[0m
  cuda-cpp HalfKA2 validation forward = gpu: positions=300000, batch_size=8192, elapsed=0.589s
  test: accuracy=70.3847% (211154/300000 decisive; draws=0 excluded; mate=0 filtered), loss=0.075298 (n=300000)
  [2mcuda-cpp HalfKA2[0m [1;33mvalidation detail[0m: positions=300,000, batch_size=8,192, load/cache=0.000s, weight_fold=0.198s, context=0.000s, weight_upload=0.039s, batches=0.589s, metrics=0.005s, total=0.830s
  [2mcuda-cpp SFNN[0m [1;36m[progress][0m  [1;36mepoch 20[0m  [1;33msb 88/108[0m  [33mthis-sb=39,976,960 pos (610 batches x 65,536)[0m  [36mtotal=85,550,694,400 pos[0m  [1;36mtrain_time=30402.5s[0m  [1;32mpos/s=2,813,935[0m
  [2mcuda-cpp SFNN[0m [1;33mvalidation overhead[0m: [35mreadback=0.231s[0m  [33mvalidation=0.853s[0m  [2msave=skipped[0m  [1;32mtotal=1.084s[0m
  [2mcuda-cpp SFNN[0m [33mvalidation[0m: epoch=20, superbatch=88, [35mtest_value_accuracy=0.7038467[0m, [35mtest_value_loss=0.07529831[0m, [1;36melapsed=0.853s[0m
  [2mcuda-cpp SFNN[0m [1;36m[progress][0m  [1;36mepoch 20[0m  [1;33msb 89/108[0m  [33mthis-sb=39,976,960 pos (610 batches x 65,536)[0m  [36mtotal=85,590,671,360 pos[0m  [1;36mtrain_time=30416.7s[0m  [1;32mpos/s=2,813,936[0m
  [2mcuda-cpp SFNN[0m [1;36m[progress][0m  [1;36mepoch 20[0m  [1;33msb 90/108[0m  [33mthis-sb=39,976,960 pos (610 batches x 65,536)[0m  [36mtotal=85,630,648,320 pos[0m  [1;36mtrain_time=30430.9s[0m  [1;32mpos/s=2,813,939[0m
  [2mcuda-cpp SFNN[0m [1;36m[progress][0m  [1;36mepoch 20[0m  [1;33msb 91/108[0m  [33mthis-sb=39,976,960 pos (610 batches x 65,536)[0m  [36mtotal=85,670,625,280 pos[0m  [1;36mtrain_time=30445.1s[0m  [1;32mpos/s=2,813,941[0m
  cuda-cpp HalfKA2 validation forward = gpu: positions=300000, batch_size=8192, elapsed=0.593s
  test: accuracy=70.3553% (211066/300000 decisive; draws=0 excluded; mate=0 filtered), loss=0.075185 (n=300000)
  [2mcuda-cpp HalfKA2[0m [1;33mvalidation detail[0m: positions=300,000, batch_size=8,192, load/cache=0.000s, weight_fold=0.198s, context=0.000s, weight_upload=0.039s, batches=0.593s, metrics=0.005s, total=0.835s
  [2mcuda-cpp SFNN[0m [1;36m[progress][0m  [1;36mepoch 20[0m  [1;33msb 92/108[0m  [33mthis-sb=39,976,960 pos (610 batches x 65,536)[0m  [36mtotal=85,710,602,240 pos[0m  [1;36mtrain_time=30459.3s[0m  [1;32mpos/s=2,813,942[0m
  [2mcuda-cpp SFNN[0m [1;33mvalidation overhead[0m: [35mreadback=0.232s[0m  [33mvalidation=0.858s[0m  [2msave=skipped[0m  [1;32mtotal=1.090s[0m
  [2mcuda-cpp SFNN[0m [33mvalidation[0m: epoch=20, superbatch=92, [35mtest_value_accuracy=0.7035533[0m, [35mtest_value_loss=0.07518507[0m, [1;36melapsed=0.858s[0m
  [2mcuda-cpp SFNN[0m [1;36m[progress][0m  [1;36mepoch 20[0m  [1;33msb 93/108[0m  [33mthis-sb=39,976,960 pos (610 batches x 65,536)[0m  [36mtotal=85,750,579,200 pos[0m  [1;36mtrain_time=30473.5s[0m  [1;32mpos/s=2,813,944[0m
  [2mcuda-cpp SFNN[0m [1;36m[progress][0m  [1;36mepoch 20[0m  [1;33msb 94/108[0m  [33mthis-sb=39,976,960 pos (610 batches x 65,536)[0m  [36mtotal=85,790,556,160 pos[0m  [1;36mtrain_time=30487.6s[0m  [1;32mpos/s=2,813,945[0m
  [2mcuda-cpp SFNN[0m [1;36m[progress][0m  [1;36mepoch 20[0m  [1;33msb 95/108[0m  [33mthis-sb=39,976,960 pos (610 batches x 65,536)[0m  [36mtotal=85,830,533,120 pos[0m  [1;36mtrain_time=30501.8s[0m  [1;32mpos/s=2,813,947[0m
  cuda-cpp HalfKA2 validation forward = gpu: positions=300000, batch_size=8192, elapsed=0.592s
  test: accuracy=70.3600% (211080/300000 decisive; draws=0 excluded; mate=0 filtered), loss=0.075271 (n=300000)
  [2mcuda-cpp HalfKA2[0m [1;33mvalidation detail[0m: positions=300,000, batch_size=8,192, load/cache=0.000s, weight_fold=0.200s, context=0.000s, weight_upload=0.039s, batches=0.592s, metrics=0.005s, total=0.837s
  [2mcuda-cpp SFNN[0m [1;36m[progress][0m  [1;36mepoch 20[0m  [1;33msb 96/108[0m  [33mthis-sb=39,976,960 pos (610 batches x 65,536)[0m  [36mtotal=85,870,510,080 pos[0m  [1;36mtrain_time=30516.0s[0m  [1;32mpos/s=2,813,948[0m
  [2mcuda-cpp SFNN[0m [1;33mvalidation overhead[0m: [35mreadback=0.238s[0m  [33mvalidation=0.861s[0m  [2msave=skipped[0m  [1;32mtotal=1.099s[0m
  [2mcuda-cpp SFNN[0m [33mvalidation[0m: epoch=20, superbatch=96, [35mtest_value_accuracy=0.7036000[0m, [35mtest_value_loss=0.07527109[0m, [1;36melapsed=0.861s[0m
  [2mcuda-cpp SFNN[0m [1;36m[progress][0m  [1;36mepoch 20[0m  [1;33msb 97/108[0m  [33mthis-sb=39,976,960 pos (610 batches x 65,536)[0m  [36mtotal=85,910,487,040 pos[0m  [1;36mtrain_time=30530.2s[0m  [1;32mpos/s=2,813,950[0m
  [2mcuda-cpp SFNN[0m [1;36m[progress][0m  [1;36mepoch 20[0m  [1;33msb 98/108[0m  [33mthis-sb=39,976,960 pos (610 batches x 65,536)[0m  [36mtotal=85,950,464,000 pos[0m  [1;36mtrain_time=30544.4s[0m  [1;32mpos/s=2,813,952[0m
  [2mcuda-cpp SFNN[0m [1;36m[progress][0m  [1;36mepoch 20[0m  [1;33msb 99/108[0m  [33mthis-sb=39,976,960 pos (610 batches x 65,536)[0m  [36mtotal=85,990,440,960 pos[0m  [1;36mtrain_time=30558.6s[0m  [1;32mpos/s=2,813,954[0m
  cuda-cpp HalfKA2 validation forward = gpu: positions=300000, batch_size=8192, elapsed=0.597s
  test: accuracy=70.3830% (211149/300000 decisive; draws=0 excluded; mate=0 filtered), loss=0.075184 (n=300000)
  [2mcuda-cpp HalfKA2[0m [1;33mvalidation detail[0m: positions=300,000, batch_size=8,192, load/cache=0.000s, weight_fold=0.199s, context=0.000s, weight_upload=0.040s, batches=0.597s, metrics=0.005s, total=0.841s
  [2mcuda-cpp SFNN[0m [1;36m[progress][0m  [1;36mepoch 20[0m  [1;33msb 100/108[0m  [33mthis-sb=39,976,960 pos (610 batches x 65,536)[0m  [36mtotal=86,030,417,920 pos[0m  [1;36mtrain_time=30572.8s[0m  [1;32mpos/s=2,813,957[0m
  [2mcuda-cpp SFNN[0m [1;33mvalidation overhead[0m: [35mreadback=0.238s[0m  [33mvalidation=0.870s[0m  [2msave=skipped[0m  [1;32mtotal=1.108s[0m
  [2mcuda-cpp SFNN[0m [33mvalidation[0m: epoch=20, superbatch=100, [35mtest_value_accuracy=0.7038300[0m, [35mtest_value_loss=0.07518417[0m, [1;36melapsed=0.870s[0m
  [2mcuda-cpp SFNN[0m [1;36m[progress][0m  [1;36mepoch 20[0m  [1;33msb 101/108[0m  [33mthis-sb=39,976,960 pos (610 batches x 65,536)[0m  [36mtotal=86,070,394,880 pos[0m  [1;36mtrain_time=30587.0s[0m  [1;32mpos/s=2,813,958[0m
  [2mcuda-cpp SFNN[0m [1;36m[progress][0m  [1;36mepoch 20[0m  [1;33msb 102/108[0m  [33mthis-sb=39,976,960 pos (610 batches x 65,536)[0m  [36mtotal=86,110,371,840 pos[0m  [1;36mtrain_time=30601.1s[0m  [1;32mpos/s=2,813,961[0m
  [2mcuda-cpp SFNN[0m [1;36m[progress][0m  [1;36mepoch 20[0m  [1;33msb 103/108[0m  [33mthis-sb=39,976,960 pos (610 batches x 65,536)[0m  [36mtotal=86,150,348,800 pos[0m  [1;36mtrain_time=30615.3s[0m  [1;32mpos/s=2,813,964[0m
  cuda-cpp HalfKA2 validation forward = gpu: positions=300000, batch_size=8192, elapsed=0.594s
  test: accuracy=70.4013% (211204/300000 decisive; draws=0 excluded; mate=0 filtered), loss=0.075162 (n=300000)
  [2mcuda-cpp HalfKA2[0m [1;33mvalidation detail[0m: positions=300,000, batch_size=8,192, load/cache=0.000s, weight_fold=0.202s, context=0.000s, weight_upload=0.040s, batches=0.594s, metrics=0.005s, total=0.841s
  [2mcuda-cpp SFNN[0m [1;36m[progress][0m  [1;36mepoch 20[0m  [1;33msb 104/108[0m  [33mthis-sb=39,976,960 pos (610 batches x 65,536)[0m  [36mtotal=86,190,325,760 pos[0m  [1;36mtrain_time=30629.5s[0m  [1;32mpos/s=2,813,965[0m
  [2mcuda-cpp SFNN[0m [1;33mvalidation overhead[0m: [35mreadback=0.232s[0m  [33mvalidation=0.868s[0m  [2msave=skipped[0m  [1;32mtotal=1.100s[0m
  [2mcuda-cpp SFNN[0m [33mvalidation[0m: epoch=20, superbatch=104, [35mtest_value_accuracy=0.7040133[0m, [35mtest_value_loss=0.07516225[0m, [1;36melapsed=0.868s[0m
  [2mcuda-cpp SFNN[0m [1;36m[progress][0m  [1;36mepoch 20[0m  [1;33msb 105/108[0m  [33mthis-sb=39,976,960 pos (610 batches x 65,536)[0m  [36mtotal=86,230,302,720 pos[0m  [1;36mtrain_time=30643.7s[0m  [1;32mpos/s=2,813,967[0m
  [2mcuda-cpp SFNN[0m [1;36m[progress][0m  [1;36mepoch 20[0m  [1;33msb 106/108[0m  [33mthis-sb=39,976,960 pos (610 batches x 65,536)[0m  [36mtotal=86,270,279,680 pos[0m  [1;36mtrain_time=30657.9s[0m  [1;32mpos/s=2,813,969[0m
  [2mcuda-cpp SFNN[0m [1;36m[progress][0m  [1;36mepoch 20[0m  [1;33msb 107/108[0m  [33mthis-sb=39,976,960 pos (610 batches x 65,536)[0m  [36mtotal=86,310,256,640 pos[0m  [1;36mtrain_time=30672.1s[0m  [1;32mpos/s=2,813,971[0m
  cuda-cpp HalfKA2 validation forward = gpu: positions=300000, batch_size=8192, elapsed=0.590s
  test: accuracy=70.3913% (211174/300000 decisive; draws=0 excluded; mate=0 filtered), loss=0.075193 (n=300000)
  [2mcuda-cpp HalfKA2[0m [1;33mvalidation detail[0m: positions=300,000, batch_size=8,192, load/cache=0.000s, weight_fold=0.199s, context=0.000s, weight_upload=0.040s, batches=0.590s, metrics=0.005s, total=0.835s
  [2mcuda-cpp SFNN[0m [1;32m[checkpoint][0m  [1;36mepoch 20[0m  [1;33msb 108/108[0m  [33mthis-sb=39,976,960 pos (610 batches x 65,536)[0m  [36mtotal=86,350,233,600 pos[0m  [1;36mtrain_time=30686.2s[0m  [1;32mpos/s=2,813,974[0m
  [2mcuda-cpp SFNN[0m [1;33mcheckpoint overhead[0m: [35mreadback=0.913s[0m  [33mvalidation=0.858s[0m  [36msave=4.570s (state.bin 2.04 GiB, 457 MiB/s)[0m  [1;32mtotal=6.341s[0m
  [2mcuda-cpp SFNN[0m [33mvalidation[0m: epoch=20, superbatch=108, [35mtest_value_accuracy=0.7039133[0m, [35mtest_value_loss=0.07519348[0m, [1;36melapsed=0.858s[0m
  [2mcuda-cpp SFNN[0m direct train = [1;32mok[0m: steps=1317600, [36mpositions=86,350,233,600[0m, train_elapsed=30686.338s, elapsed=38763.146s, [1;32mpos/s=2,813,963[0m, reported_avg_loss=0.02963282, last_loss=0.02742691
  cuda-cpp SFNN direct output = /home/sugiyama/2_fast_suisho/data/bulletou/checkpoints/006-yane20/cuda-cpp-direct (nn.bin, full-state weights.bin)
  [2mcuda-cpp SFNN[0m [33mfinal validation[0m: [35mtest_value_accuracy=0.7039133[0m, [35mtest_value_loss=0.07519348[0m
[exit] arm=yane20 Wed Jul 29 03:20:28 JST 2026
trainer finished (rc=0); synced 540 rows
